{
"type": "FeatureCollection",
"name": "goa_talukas_lgd",
"crs": { "type": "name", "properties": { "name": "urn:ogc:def:crs:OGC:1.3:CRS84" } },
"features": [
{ "type": "Feature", "properties": { "taluka": "Sanguem", "subdt_lgd": 5618, "district_in_lgd_file": "South Goa", "district_2026": "Kushavati" }, "geometry": { "type": "Polygon", "coordinates": [ [ [ 74.1795518, 15.3391668 ], [ 74.1796449, 15.3386877 ], [ 74.1797427, 15.3382404 ], [ 74.1796774, 15.3379467 ], [ 74.1792161, 15.3373818 ], [ 74.1789925, 15.3366227 ], [ 74.1790902, 15.3362702 ], [ 74.1792344, 15.3357279 ], [ 74.179076, 15.3354025 ], [ 74.1780559, 15.334603 ], [ 74.1767004, 15.3336 ], [ 74.1766071, 15.3332792 ], [ 74.176798, 15.3321088 ], [ 74.17697, 15.33064 ], [ 74.1776545, 15.3291937 ], [ 74.1785624, 15.3281314 ], [ 74.1805039, 15.3254783 ], [ 74.1838148, 15.323055 ], [ 74.1843689, 15.3229147 ], [ 74.1846064, 15.3225305 ], [ 74.1845597, 15.3222187 ], [ 74.1844665, 15.3218798 ], [ 74.1838284, 15.321401 ], [ 74.1826359, 15.3205518 ], [ 74.1831761, 15.3199868 ], [ 74.1845728, 15.3181787 ], [ 74.1854014, 15.3168362 ], [ 74.1858158, 15.3161402 ], [ 74.1856712, 15.315128 ], [ 74.1855264, 15.313569 ], [ 74.1859729, 15.3105728 ], [ 74.1873886, 15.3108343 ], [ 74.1883898, 15.3108972 ], [ 74.1898706, 15.3105759 ], [ 74.1907786, 15.3101418 ], [ 74.1915609, 15.3100647 ], [ 74.194518, 15.3098331 ], [ 74.1957754, 15.3098688 ], [ 74.1969863, 15.3103609 ], [ 74.1977174, 15.310347 ], [ 74.1984019, 15.3100982 ], [ 74.201694, 15.3093151 ], [ 74.2040454, 15.3084194 ], [ 74.2055262, 15.3082334 ], [ 74.2064483, 15.3082963 ], [ 74.2073564, 15.308558 ], [ 74.2081204, 15.3093348 ], [ 74.2095833, 15.3109249 ], [ 74.2113526, 15.310305 ], [ 74.2117019, 15.3102913 ], [ 74.2125449, 15.3105394 ], [ 74.2139283, 15.3112528 ], [ 74.2152137, 15.3117629 ], [ 74.2178736, 15.313429 ], [ 74.2187165, 15.3136771 ], [ 74.2203232, 15.3138525 ], [ 74.2203465, 15.3138706 ], [ 74.220421, 15.3139113 ], [ 74.2209009, 15.3141053 ], [ 74.2212641, 15.3142723 ], [ 74.2214132, 15.3143581 ], [ 74.221553, 15.3144619 ], [ 74.2219116, 15.3148007 ], [ 74.2220142, 15.314882 ], [ 74.2222005, 15.3149994 ], [ 74.2225593, 15.3151981 ], [ 74.2226058, 15.3152116 ], [ 74.2226617, 15.3152387 ], [ 74.2228014, 15.3153335 ], [ 74.2228806, 15.3153561 ], [ 74.2229132, 15.3154012 ], [ 74.2229551, 15.3154373 ], [ 74.2231321, 15.3155412 ], [ 74.223244, 15.3155954 ], [ 74.2233977, 15.3157128 ], [ 74.2235607, 15.3158663 ], [ 74.2236679, 15.3159838 ], [ 74.2237284, 15.3160335 ], [ 74.2237471, 15.3160606 ], [ 74.2237472, 15.3160787 ], [ 74.2237611, 15.3161058 ], [ 74.2240779, 15.3163993 ], [ 74.2241851, 15.3164896 ], [ 74.2242224, 15.3165303 ], [ 74.2242643, 15.3165619 ], [ 74.2243901, 15.3166884 ], [ 74.224651, 15.3170182 ], [ 74.2249259, 15.3172845 ], [ 74.2250936, 15.3174879 ], [ 74.2252195, 15.3175963 ], [ 74.2253033, 15.3176368 ], [ 74.225443, 15.3177407 ], [ 74.2255408, 15.3177814 ], [ 74.2256852, 15.317831 ], [ 74.2258623, 15.3179484 ], [ 74.2260393, 15.3180839 ], [ 74.2260906, 15.3181199 ], [ 74.2261977, 15.3182012 ], [ 74.2262443, 15.3182464 ], [ 74.2263188, 15.3182961 ], [ 74.2264027, 15.3184632 ], [ 74.2264306, 15.3184904 ], [ 74.22644, 15.318531 ], [ 74.2264633, 15.3185491 ], [ 74.226482, 15.3186395 ], [ 74.2266358, 15.3189873 ], [ 74.2266545, 15.3190732 ], [ 74.2266591, 15.3191319 ], [ 74.2267058, 15.3192629 ], [ 74.226757, 15.3193443 ], [ 74.2268223, 15.319421 ], [ 74.2269295, 15.3196062 ], [ 74.22706, 15.3197643 ], [ 74.2271205, 15.3198727 ], [ 74.2271858, 15.3199722 ], [ 74.2272698, 15.320162 ], [ 74.227335, 15.3202704 ], [ 74.2273583, 15.3202974 ], [ 74.2274468, 15.3203697 ], [ 74.2275213, 15.3203877 ], [ 74.2275492, 15.3204239 ], [ 74.2276425, 15.3204555 ], [ 74.2276704, 15.3204871 ], [ 74.2278846, 15.3205728 ], [ 74.2279499, 15.3205863 ], [ 74.2282339, 15.3205862 ], [ 74.2282944, 15.3205635 ], [ 74.2283364, 15.3205319 ], [ 74.2283969, 15.3205047 ], [ 74.2285319, 15.3203736 ], [ 74.2287228, 15.3202967 ], [ 74.228802, 15.3202831 ], [ 74.2288346, 15.3202921 ], [ 74.2289231, 15.3203508 ], [ 74.2290069, 15.3203914 ], [ 74.2290862, 15.3204592 ], [ 74.2291746, 15.3205902 ], [ 74.229184, 15.3206218 ], [ 74.2291562, 15.3207936 ], [ 74.2291469, 15.3210331 ], [ 74.2291796, 15.3211505 ], [ 74.2292216, 15.3212409 ], [ 74.2293893, 15.3214759 ], [ 74.2294826, 15.3216338 ], [ 74.2295338, 15.3216972 ], [ 74.2295385, 15.3217243 ], [ 74.2295571, 15.3217468 ], [ 74.2295619, 15.3217695 ], [ 74.2295851, 15.321792 ], [ 74.2295898, 15.3218237 ], [ 74.2296132, 15.3218507 ], [ 74.2297576, 15.3221489 ], [ 74.2299161, 15.3224064 ], [ 74.2301304, 15.3226684 ], [ 74.2304939, 15.3230297 ], [ 74.2306104, 15.3231652 ], [ 74.2306942, 15.3232917 ], [ 74.2307502, 15.3234724 ], [ 74.2307596, 15.3235764 ], [ 74.2307644, 15.323852 ], [ 74.2307458, 15.3240599 ], [ 74.230746, 15.3242858 ], [ 74.2307601, 15.3244711 ], [ 74.2307927, 15.3246699 ], [ 74.2307974, 15.3247378 ], [ 74.2307649, 15.3249772 ], [ 74.2307789, 15.3251354 ], [ 74.2307929, 15.3251625 ], [ 74.2309327, 15.3253116 ], [ 74.2310259, 15.3253295 ], [ 74.2310957, 15.3253341 ], [ 74.2311516, 15.3253205 ], [ 74.2312773, 15.3251397 ], [ 74.2312866, 15.3250312 ], [ 74.2313098, 15.3250086 ], [ 74.2313191, 15.3249362 ], [ 74.231347, 15.3248911 ], [ 74.2313703, 15.3248143 ], [ 74.2314029, 15.324769 ], [ 74.2314214, 15.3247012 ], [ 74.231468, 15.324656 ], [ 74.2315518, 15.3246108 ], [ 74.231603, 15.3245927 ], [ 74.2317707, 15.3245745 ], [ 74.2318406, 15.3246015 ], [ 74.2319709, 15.3246738 ], [ 74.2322599, 15.3249493 ], [ 74.2324089, 15.3250576 ], [ 74.2325487, 15.3251389 ], [ 74.2326931, 15.3251976 ], [ 74.2328375, 15.325202 ], [ 74.2328886, 15.3251839 ], [ 74.2329539, 15.3251387 ], [ 74.2329819, 15.3250979 ], [ 74.2329912, 15.3250529 ], [ 74.232991, 15.324994 ], [ 74.2329446, 15.3248946 ], [ 74.2328559, 15.3246371 ], [ 74.2328418, 15.3245649 ], [ 74.2328372, 15.3244474 ], [ 74.2328743, 15.3242485 ], [ 74.2329348, 15.3240993 ], [ 74.2329767, 15.324027 ], [ 74.2330232, 15.3239728 ], [ 74.2330558, 15.3239502 ], [ 74.2332932, 15.3237331 ], [ 74.2334003, 15.3236652 ], [ 74.2335027, 15.3236109 ], [ 74.2336703, 15.323552 ], [ 74.2338054, 15.3235384 ], [ 74.2340569, 15.3235338 ], [ 74.2341546, 15.3235202 ], [ 74.2343037, 15.3234613 ], [ 74.2345178, 15.3233302 ], [ 74.2345598, 15.3233212 ], [ 74.2347042, 15.323321 ], [ 74.2347786, 15.3233526 ], [ 74.2348719, 15.3234474 ], [ 74.234951, 15.3234881 ], [ 74.2349976, 15.323497 ], [ 74.2352817, 15.3235059 ], [ 74.2353282, 15.3234969 ], [ 74.2353912, 15.3234652 ], [ 74.2357146, 15.3232571 ], [ 74.2358265, 15.3231712 ], [ 74.2360778, 15.3229541 ], [ 74.2365386, 15.3225065 ], [ 74.2365946, 15.3224612 ], [ 74.2366876, 15.3223617 ], [ 74.2368645, 15.3222306 ], [ 74.2369622, 15.3221763 ], [ 74.2370461, 15.3221627 ], [ 74.2371998, 15.3221671 ], [ 74.2375212, 15.3222121 ], [ 74.2375538, 15.322203 ], [ 74.2376375, 15.3221533 ], [ 74.2377074, 15.322099 ], [ 74.237726, 15.3220764 ], [ 74.2377493, 15.321986 ], [ 74.2377492, 15.3218369 ], [ 74.2377398, 15.3218098 ], [ 74.2377398, 15.3217782 ], [ 74.2377165, 15.3217239 ], [ 74.2376606, 15.3216697 ], [ 74.2376186, 15.3215884 ], [ 74.237558, 15.3215117 ], [ 74.2375114, 15.3214349 ], [ 74.237297, 15.3209876 ], [ 74.2372783, 15.3209153 ], [ 74.2372503, 15.3206668 ], [ 74.2372363, 15.3206351 ], [ 74.2372642, 15.3205809 ], [ 74.2372734, 15.3205086 ], [ 74.2373059, 15.3204363 ], [ 74.2373431, 15.3202285 ], [ 74.2373757, 15.320138 ], [ 74.2374036, 15.3200928 ], [ 74.2374455, 15.3200521 ], [ 74.2374548, 15.3200295 ], [ 74.2374734, 15.3200113 ], [ 74.2374826, 15.3198939 ], [ 74.2375012, 15.3198803 ], [ 74.2375153, 15.3198352 ], [ 74.2375431, 15.3198125 ], [ 74.2377154, 15.3195458 ], [ 74.2378224, 15.3193378 ], [ 74.2378689, 15.3192022 ], [ 74.2378874, 15.3191209 ], [ 74.2380408, 15.3184881 ], [ 74.2381059, 15.3183118 ], [ 74.2381431, 15.3181356 ], [ 74.2382267, 15.3178147 ], [ 74.2382406, 15.3177333 ], [ 74.2382964, 15.3175797 ], [ 74.2383476, 15.3174756 ], [ 74.2384128, 15.3174124 ], [ 74.2384919, 15.3173536 ], [ 74.238599, 15.3172993 ], [ 74.2387805, 15.3172495 ], [ 74.2389063, 15.3172313 ], [ 74.239074, 15.3172221 ], [ 74.2391857, 15.317204 ], [ 74.2392928, 15.3171633 ], [ 74.2393394, 15.3171181 ], [ 74.2394092, 15.3170818 ], [ 74.239614, 15.3168694 ], [ 74.2398374, 15.3167021 ], [ 74.2400702, 15.3165437 ], [ 74.2401215, 15.3164939 ], [ 74.2401634, 15.3164352 ], [ 74.240303, 15.3162724 ], [ 74.2406613, 15.3159152 ], [ 74.2410802, 15.3154133 ], [ 74.2412664, 15.315264 ], [ 74.2413595, 15.3151782 ], [ 74.2414991, 15.3150289 ], [ 74.2415549, 15.3149566 ], [ 74.2415829, 15.3149069 ], [ 74.241741, 15.3147034 ], [ 74.2419132, 15.3144005 ], [ 74.242011, 15.3142559 ], [ 74.2420529, 15.314179 ], [ 74.2422529, 15.3139349 ], [ 74.2423087, 15.3138761 ], [ 74.2423367, 15.3138648 ], [ 74.2423786, 15.3138489 ], [ 74.2424298, 15.3138037 ], [ 74.2425136, 15.3137494 ], [ 74.2426161, 15.3136996 ], [ 74.2427557, 15.3136588 ], [ 74.2428908, 15.3136452 ], [ 74.2430584, 15.3136677 ], [ 74.2433612, 15.3137624 ], [ 74.2434404, 15.3137759 ], [ 74.2436219, 15.3137893 ], [ 74.2437617, 15.3137848 ], [ 74.2438175, 15.3137712 ], [ 74.2439805, 15.3137033 ], [ 74.2440736, 15.3137168 ], [ 74.2442879, 15.3137077 ], [ 74.2443624, 15.3137256 ], [ 74.2444835, 15.3137165 ], [ 74.2447116, 15.3137434 ], [ 74.2450609, 15.3137433 ], [ 74.2451821, 15.3137703 ], [ 74.2452985, 15.3138289 ], [ 74.2454056, 15.313865 ], [ 74.2455594, 15.3138875 ], [ 74.2458388, 15.3139099 ], [ 74.2459459, 15.3139054 ], [ 74.246174, 15.3138374 ], [ 74.2462951, 15.3138148 ], [ 74.2463369, 15.3137876 ], [ 74.2464068, 15.3137785 ], [ 74.246444, 15.3137468 ], [ 74.2467421, 15.3136608 ], [ 74.2470866, 15.3135341 ], [ 74.2474079, 15.313448 ], [ 74.2475615, 15.3134162 ], [ 74.247785, 15.3133574 ], [ 74.248125, 15.3133254 ], [ 74.2484649, 15.3132439 ], [ 74.2486512, 15.3131715 ], [ 74.2487629, 15.3131081 ], [ 74.2488094, 15.3130675 ], [ 74.2488699, 15.312995 ], [ 74.2490141, 15.312769 ], [ 74.2490328, 15.3126878 ], [ 74.2490467, 15.3126605 ], [ 74.2490512, 15.3126199 ], [ 74.2490977, 15.3124844 ], [ 74.2491025, 15.3123894 ], [ 74.2491209, 15.3122674 ], [ 74.2491581, 15.3121318 ], [ 74.2492604, 15.3118831 ], [ 74.2493627, 15.3116706 ], [ 74.2494093, 15.3115532 ], [ 74.2494186, 15.311508 ], [ 74.2494323, 15.3111149 ], [ 74.2494321, 15.3108346 ], [ 74.249418, 15.3105002 ], [ 74.2494226, 15.3103782 ], [ 74.2494458, 15.310333 ], [ 74.2494597, 15.3102833 ], [ 74.2495062, 15.31022 ], [ 74.2495388, 15.3101477 ], [ 74.249568, 15.3084446 ], [ 74.2498473, 15.3076152 ], [ 74.2499567, 15.3076062 ], [ 74.2502761, 15.303757 ], [ 74.2507837, 15.3036806 ], [ 74.2514683, 15.3035454 ], [ 74.2518456, 15.3034644 ], [ 74.2523206, 15.3033517 ], [ 74.2525255, 15.3033021 ], [ 74.2529727, 15.3031849 ], [ 74.253443, 15.3030768 ], [ 74.2537318, 15.3029639 ], [ 74.2538529, 15.3029144 ], [ 74.2542535, 15.30277 ], [ 74.2546494, 15.3026709 ], [ 74.2548449, 15.3025941 ], [ 74.2552269, 15.3023188 ], [ 74.2556928, 15.302066 ], [ 74.2560096, 15.3018764 ], [ 74.2563775, 15.3016643 ], [ 74.256671, 15.3014114 ], [ 74.2568481, 15.3012895 ], [ 74.2569644, 15.3013619 ], [ 74.2571367, 15.3014388 ], [ 74.2573043, 15.3015745 ], [ 74.2573926, 15.3017282 ], [ 74.257574, 15.3020175 ], [ 74.2577322, 15.3023023 ], [ 74.2578857, 15.3026187 ], [ 74.2581044, 15.3030436 ], [ 74.2583371, 15.3033691 ], [ 74.2585419, 15.3035681 ], [ 74.2589282, 15.3037988 ], [ 74.2591144, 15.3038712 ], [ 74.2593845, 15.3039482 ], [ 74.2597244, 15.3039575 ], [ 74.2601016, 15.3038944 ], [ 74.2604696, 15.3037817 ], [ 74.2608609, 15.3035063 ], [ 74.2612429, 15.3031993 ], [ 74.2616995, 15.3027476 ], [ 74.2621002, 15.302305 ], [ 74.2622866, 15.3019662 ], [ 74.2623335, 15.3014149 ], [ 74.2624079, 15.3015144 ], [ 74.2628642, 15.301935 ], [ 74.2633249, 15.3023509 ], [ 74.2636926, 15.3025772 ], [ 74.2641907, 15.3028847 ], [ 74.2646143, 15.3031245 ], [ 74.2648984, 15.3032511 ], [ 74.265634, 15.3035002 ], [ 74.2664069, 15.303731 ], [ 74.2674359, 15.3039757 ], [ 74.2682041, 15.3041569 ], [ 74.2686885, 15.3042023 ], [ 74.2695824, 15.3042209 ], [ 74.2704393, 15.3041537 ], [ 74.2709657, 15.3039777 ], [ 74.27145, 15.3038425 ], [ 74.2719203, 15.3037884 ], [ 74.2724093, 15.3038158 ], [ 74.272861, 15.3039245 ], [ 74.2730099, 15.3039744 ], [ 74.2737642, 15.3044673 ], [ 74.274169, 15.3050821 ], [ 74.2746109, 15.3059139 ], [ 74.2748762, 15.3065285 ], [ 74.275104, 15.3072381 ], [ 74.2752619, 15.3082143 ], [ 74.2758809, 15.3090958 ], [ 74.2764068, 15.3096294 ], [ 74.277049, 15.3106283 ], [ 74.2773886, 15.3113876 ], [ 74.2778957, 15.3126442 ], [ 74.2782266, 15.3122693 ], [ 74.2785014, 15.3119305 ], [ 74.2787064, 15.3115555 ], [ 74.2788324, 15.3111173 ], [ 74.2789352, 15.3101143 ], [ 74.2789541, 15.3096578 ], [ 74.2790008, 15.3093821 ], [ 74.2791313, 15.3091878 ], [ 74.2799046, 15.3085963 ], [ 74.2804215, 15.3083254 ], [ 74.2805846, 15.3082442 ], [ 74.2810271, 15.3079507 ], [ 74.2813858, 15.307621 ], [ 74.2815349, 15.3073996 ], [ 74.2816468, 15.3071014 ], [ 74.2817726, 15.3067897 ], [ 74.2819406, 15.3062204 ], [ 74.2821037, 15.3056421 ], [ 74.2820946, 15.3054974 ], [ 74.2820761, 15.3050773 ], [ 74.2819924, 15.304684 ], [ 74.2817461, 15.3034186 ], [ 74.2815973, 15.3029711 ], [ 74.2814951, 15.3024831 ], [ 74.2813742, 15.3019227 ], [ 74.2813466, 15.3011996 ], [ 74.2813653, 15.3008969 ], [ 74.281496, 15.3001468 ], [ 74.2815058, 15.2991346 ], [ 74.2814083, 15.298416 ], [ 74.2816087, 15.2979009 ], [ 74.281702, 15.2976119 ], [ 74.2819954, 15.2974267 ], [ 74.28234, 15.2972688 ], [ 74.2826894, 15.2970429 ], [ 74.2831318, 15.2968669 ], [ 74.2841423, 15.2966189 ], [ 74.2845615, 15.2965422 ], [ 74.2848456, 15.2963752 ], [ 74.285018, 15.295937 ], [ 74.2852558, 15.2954309 ], [ 74.2855959, 15.2949612 ], [ 74.2859498, 15.2946631 ], [ 74.28622, 15.2944554 ], [ 74.2875474, 15.293385 ], [ 74.2889168, 15.2923283 ], [ 74.2903886, 15.2913844 ], [ 74.2914784, 15.2906711 ], [ 74.2924845, 15.2899077 ], [ 74.2936022, 15.2891129 ], [ 74.2942202, 15.2886627 ], [ 74.2941778, 15.2884599 ], [ 74.2933536, 15.2845101 ], [ 74.2933521, 15.2845099 ], [ 74.2876545, 15.2838853 ], [ 74.2817884, 15.2804176 ], [ 74.2763267, 15.2835323 ], [ 74.2714968, 15.281132 ], [ 74.2714888, 15.2811281 ], [ 74.2714877, 15.2811248 ], [ 74.271289, 15.2805429 ], [ 74.2700202, 15.2768268 ], [ 74.2700178, 15.2768229 ], [ 74.2675944, 15.2728759 ], [ 74.267592, 15.272872 ], [ 74.2651687, 15.268925 ], [ 74.2651663, 15.2689211 ], [ 74.2647206, 15.2677132 ], [ 74.2625692, 15.2618829 ], [ 74.2615542, 15.2607275 ], [ 74.2615497, 15.2607223 ], [ 74.2610254, 15.2601886 ], [ 74.2511166, 15.2588538 ], [ 74.251119, 15.2588506 ], [ 74.2511142, 15.25885 ], [ 74.2520934, 15.2575429 ], [ 74.2546946, 15.2540706 ], [ 74.2544498, 15.2537718 ], [ 74.2522036, 15.2510303 ], [ 74.252204, 15.2510298 ], [ 74.2522012, 15.2510264 ], [ 74.253068, 15.2500437 ], [ 74.2553018, 15.2475111 ], [ 74.2555408, 15.2465023 ], [ 74.2558809, 15.2450666 ], [ 74.2561925, 15.244723 ], [ 74.256826, 15.2440245 ], [ 74.2595473, 15.241024 ], [ 74.2613641, 15.2405917 ], [ 74.2686014, 15.2388695 ], [ 74.2811392, 15.2362626 ], [ 74.2866963, 15.2328102 ], [ 74.2914986, 15.2338154 ], [ 74.2919413, 15.2331105 ], [ 74.2928727, 15.2320716 ], [ 74.2942837, 15.2307707 ], [ 74.2956992, 15.2297138 ], [ 74.2960204, 15.2294382 ], [ 74.2965002, 15.2288465 ], [ 74.2967703, 15.2284308 ], [ 74.2970079, 15.2280874 ], [ 74.2987585, 15.2268363 ], [ 74.2991729, 15.2265608 ], [ 74.3009238, 15.2248035 ], [ 74.3016124, 15.2243407 ], [ 74.3011985, 15.2237211 ], [ 74.3007316, 15.2230222 ], [ 74.3007316, 15.2230217 ], [ 74.3007293, 15.2230183 ], [ 74.3006737, 15.2226388 ], [ 74.3006042, 15.2219246 ], [ 74.3003354, 15.2213702 ], [ 74.2998721, 15.2207126 ], [ 74.2998718, 15.2207115 ], [ 74.2998025, 15.2204865 ], [ 74.2998586, 15.2199307 ], [ 74.3002872, 15.2191491 ], [ 74.3003618, 15.2190977 ], [ 74.3004665, 15.2190257 ], [ 74.3014412, 15.2170552 ], [ 74.3014425, 15.2170527 ], [ 74.3015304, 15.2175528 ], [ 74.3015307, 15.2175543 ], [ 74.3018516, 15.2179205 ], [ 74.3022098, 15.2180065 ], [ 74.302638, 15.2179027 ], [ 74.3029453, 15.2176588 ], [ 74.3030664, 15.2174871 ], [ 74.3032109, 15.2170353 ], [ 74.3033553, 15.2168636 ], [ 74.3036066, 15.2167914 ], [ 74.3042302, 15.2168097 ], [ 74.3045188, 15.216724 ], [ 74.304733, 15.2164258 ], [ 74.3048728, 15.2160959 ], [ 74.304873, 15.2156801 ], [ 74.304831, 15.2154233 ], [ 74.304822, 15.2153683 ], [ 74.3043757, 15.2146044 ], [ 74.304269, 15.2140304 ], [ 74.3043764, 15.2134249 ], [ 74.30453, 15.2131673 ], [ 74.3048885, 15.2130455 ], [ 74.3048994, 15.2130444 ], [ 74.3052468, 15.2130094 ], [ 74.3054051, 15.2128694 ], [ 74.3054936, 15.2126118 ], [ 74.3054912, 15.212608 ], [ 74.3052472, 15.2122095 ], [ 74.3052472, 15.2122094 ], [ 74.3052449, 15.2122056 ], [ 74.3051706, 15.2118576 ], [ 74.3051707, 15.2117651 ], [ 74.3051731, 15.2117643 ], [ 74.3051731, 15.211622 ], [ 74.3053873, 15.2113781 ], [ 74.3057459, 15.2110121 ], [ 74.305746, 15.2106145 ], [ 74.3056393, 15.2101625 ], [ 74.3056023, 15.2098145 ], [ 74.3057467, 15.2093987 ], [ 74.3061238, 15.2089787 ], [ 74.3062324, 15.2089349 ], [ 74.3062314, 15.2089305 ], [ 74.306424, 15.2088529 ], [ 74.3071221, 15.2086814 ], [ 74.3074713, 15.208564 ], [ 74.3078855, 15.2084602 ], [ 74.3081322, 15.2082163 ], [ 74.3087237, 15.2072945 ], [ 74.3089194, 15.2068427 ], [ 74.3090264, 15.2067208 ], [ 74.3094546, 15.2066531 ], [ 74.309813, 15.2065312 ], [ 74.3100458, 15.2062873 ], [ 74.3101204, 15.2059258 ], [ 74.3100377, 15.2055916 ], [ 74.3099633, 15.2052903 ], [ 74.3099393, 15.2051936 ], [ 74.3089771, 15.2031776 ], [ 74.3087078, 15.2022828 ], [ 74.3086196, 15.2017946 ], [ 74.3087831, 15.2007869 ], [ 74.3089975, 15.1999736 ], [ 74.3090866, 15.1988935 ], [ 74.3091565, 15.19841 ], [ 74.3093383, 15.1978361 ], [ 74.309684, 15.1972705 ], [ 74.3099624, 15.196815 ], [ 74.3101348, 15.1960789 ], [ 74.3102842, 15.1954413 ], [ 74.3103916, 15.1946776 ], [ 74.310911, 15.1936027 ], [ 74.3110531, 15.1933086 ], [ 74.3117153, 15.1921876 ], [ 74.3119659, 15.1917634 ], [ 74.3124175, 15.1910901 ], [ 74.3126993, 15.1907018 ], [ 74.31306, 15.1902047 ], [ 74.3133301, 15.1899969 ], [ 74.3137955, 15.1898208 ], [ 74.3141351, 15.1896808 ], [ 74.3144563, 15.1893872 ], [ 74.3146892, 15.1890755 ], [ 74.3149545, 15.1888315 ], [ 74.3156014, 15.1883618 ], [ 74.316081, 15.1878422 ], [ 74.3166025, 15.1868889 ], [ 74.3169611, 15.1862608 ], [ 74.3170494, 15.185726 ], [ 74.3170499, 15.1857231 ], [ 74.3170317, 15.1847695 ], [ 74.3170087, 15.184493 ], [ 74.3170505, 15.1843176 ], [ 74.3172418, 15.1841248 ], [ 74.3173485, 15.1838884 ], [ 74.317378, 15.1837501 ], [ 74.3173078, 15.1836421 ], [ 74.3141733, 15.1805426 ], [ 74.3141734, 15.1805411 ], [ 74.3142321, 15.1798608 ], [ 74.3142443, 15.1789635 ], [ 74.3142439, 15.1789601 ], [ 74.3141823, 15.1784974 ], [ 74.3143108, 15.177851 ], [ 74.3142469, 15.1775178 ], [ 74.3142448, 15.1775153 ], [ 74.3138431, 15.1770307 ], [ 74.3131159, 15.1764231 ], [ 74.31249, 15.1759165 ], [ 74.3119487, 15.1754775 ], [ 74.3115614, 15.1753424 ], [ 74.3113757, 15.1750264 ], [ 74.310973, 15.1743412 ], [ 74.3103032, 15.1731796 ], [ 74.307791, 15.168931 ], [ 74.3074947, 15.1684298 ], [ 74.3046426, 15.1636061 ], [ 74.304642, 15.1636052 ], [ 74.3014937, 15.1589186 ], [ 74.2991914, 15.1564839 ], [ 74.2956659, 15.1512428 ], [ 74.2913451, 15.1489128 ], [ 74.2882775, 15.1494544 ], [ 74.2851368, 15.1490327 ], [ 74.2851363, 15.149029 ], [ 74.2851344, 15.1490287 ], [ 74.284606, 15.145417 ], [ 74.2836262, 15.1453037 ], [ 74.2836261, 15.1453 ], [ 74.2836238, 15.1452997 ], [ 74.2835783, 15.1428731 ], [ 74.2849105, 15.139349 ], [ 74.2850755, 15.1377731 ], [ 74.2851855, 15.1367228 ], [ 74.2841944, 15.1327927 ], [ 74.284489, 15.129078 ], [ 74.2841782, 15.12753 ], [ 74.2841684, 15.1257949 ], [ 74.2848838, 15.1139138 ], [ 74.2828779, 15.1130339 ], [ 74.2828778, 15.113031 ], [ 74.2828756, 15.11303 ], [ 74.2826584, 15.1067372 ], [ 74.2765521, 15.1053791 ], [ 74.2745356, 15.1032872 ], [ 74.2745349, 15.1032849 ], [ 74.2740513, 15.101804 ], [ 74.2726451, 15.0974976 ], [ 74.2730825, 15.0972673 ], [ 74.2734918, 15.0970169 ], [ 74.2749513, 15.096124 ], [ 74.2752398, 15.095948 ], [ 74.2786719, 15.0898869 ], [ 74.2796918, 15.0880774 ], [ 74.2797414, 15.0875814 ], [ 74.2804176, 15.0808186 ], [ 74.2803772, 15.0749559 ], [ 74.2803891, 15.074827 ], [ 74.280559, 15.0729925 ], [ 74.2805592, 15.0724729 ], [ 74.2806759, 15.0716325 ], [ 74.2807133, 15.0709864 ], [ 74.280788, 15.070503 ], [ 74.2807282, 15.0688175 ], [ 74.2813108, 15.0682967 ], [ 74.2837292, 15.066135 ], [ 74.2841106, 15.0659725 ], [ 74.2845897, 15.0658823 ], [ 74.2855988, 15.0659506 ], [ 74.2860779, 15.0659509 ], [ 74.2895103, 15.0648241 ], [ 74.2897464, 15.0635383 ], [ 74.2901351, 15.0614208 ], [ 74.2898247, 15.0584474 ], [ 74.2897505, 15.0580045 ], [ 74.2899932, 15.0554607 ], [ 74.2902544, 15.0536127 ], [ 74.2906931, 15.0530294 ], [ 74.2929111, 15.0500805 ], [ 74.2946135, 15.049173 ], [ 74.2948822, 15.0479331 ], [ 74.2950933, 15.0469592 ], [ 74.2953263, 15.0454366 ], [ 74.2954694, 15.0450663 ], [ 74.2958569, 15.0440632 ], [ 74.295973, 15.0438032 ], [ 74.2960244, 15.0436882 ], [ 74.2960264, 15.0436651 ], [ 74.2961225, 15.042545 ], [ 74.2964344, 15.0415195 ], [ 74.296495, 15.0412077 ], [ 74.2964922, 15.0412057 ], [ 74.2938823, 15.0392953 ], [ 74.2935615, 15.0390963 ], [ 74.2882427, 15.0367397 ], [ 74.2882414, 15.0367362 ], [ 74.287978, 15.0360166 ], [ 74.2879767, 15.0360155 ], [ 74.2876666, 15.0357363 ], [ 74.2852214, 15.0338961 ], [ 74.2832601, 15.0315681 ], [ 74.2832602, 15.031567 ], [ 74.2836214, 15.0239728 ], [ 74.2834123, 15.0235299 ], [ 74.2834115, 15.0235292 ], [ 74.2740238, 15.0155092 ], [ 74.2727922, 15.0145054 ], [ 74.2724528, 15.0142477 ], [ 74.2708499, 15.0120102 ], [ 74.2699625, 15.0107265 ], [ 74.269961, 15.0107237 ], [ 74.2691032, 15.0091174 ], [ 74.2691027, 15.009117 ], [ 74.2664682, 15.0068929 ], [ 74.2664683, 15.006891 ], [ 74.2666371, 15.0041187 ], [ 74.2669208, 15.0037348 ], [ 74.2671398, 15.003471 ], [ 74.2680234, 15.002407 ], [ 74.2680701, 15.0020095 ], [ 74.2680673, 15.0020087 ], [ 74.2678101, 15.0019281 ], [ 74.2648627, 15.0010045 ], [ 74.2644212, 15.0007602 ], [ 74.2628687, 15.0004292 ], [ 74.2624597, 15.0003498 ], [ 74.2619111, 15.0002434 ], [ 74.2611581, 15.0001615 ], [ 74.2609535, 15.0001297 ], [ 74.2595028, 15.0005085 ], [ 74.2589032, 15.0002776 ], [ 74.2564633, 14.9992592 ], [ 74.2536052, 14.9981455 ], [ 74.2536038, 14.998142 ], [ 74.2534232, 14.997674 ], [ 74.2530015, 14.9982037 ], [ 74.2522245, 14.9988721 ], [ 74.2515964, 14.9993056 ], [ 74.2512699, 14.9996211 ], [ 74.2497834, 15.0010763 ], [ 74.2496858, 15.0010764 ], [ 74.2491278, 15.0010451 ], [ 74.248742, 15.0011222 ], [ 74.2483748, 15.0012355 ], [ 74.2478913, 15.0013622 ], [ 74.2475242, 15.0014574 ], [ 74.247194, 15.0014666 ], [ 74.2466642, 15.001571 ], [ 74.2459669, 15.001689 ], [ 74.2453207, 15.001825 ], [ 74.2442654, 15.0019703 ], [ 74.2434705, 15.0020656 ], [ 74.2424989, 15.0022561 ], [ 74.2411329, 15.0037076 ], [ 74.2397577, 15.005245 ], [ 74.2387171, 15.0068138 ], [ 74.2384057, 15.0071484 ], [ 74.2379737, 15.0076593 ], [ 74.2374486, 15.0083103 ], [ 74.2364728, 15.0093187 ], [ 74.2358038, 15.0102501 ], [ 74.2352559, 15.0113892 ], [ 74.2349356, 15.012352 ], [ 74.2345779, 15.0130527 ], [ 74.2345594, 15.0131658 ], [ 74.2345176, 15.0133329 ], [ 74.2344758, 15.0134008 ], [ 74.2342716, 15.0139477 ], [ 74.2333247, 15.0170032 ], [ 74.2326381, 15.0199094 ], [ 74.2326149, 15.020036 ], [ 74.2319284, 15.0230688 ], [ 74.2316181, 15.0253421 ], [ 74.2314377, 15.0272538 ], [ 74.2312988, 15.0282708 ], [ 74.231327, 15.0288764 ], [ 74.231304, 15.0294096 ], [ 74.2313834, 15.0302366 ], [ 74.2314353, 15.0314929 ], [ 74.2316636, 15.0323922 ], [ 74.2317289, 15.0327356 ], [ 74.2313478, 15.0332149 ], [ 74.230558, 15.0344355 ], [ 74.229912, 15.035064 ], [ 74.2292194, 15.0356655 ], [ 74.2289126, 15.0357741 ], [ 74.2285825, 15.0357743 ], [ 74.2283128, 15.0360455 ], [ 74.2279689, 15.0362672 ], [ 74.2272949, 15.0367919 ], [ 74.2258723, 15.0376197 ], [ 74.2247521, 15.0383524 ], [ 74.2237434, 15.0391438 ], [ 74.2221487, 15.0398768 ], [ 74.2198986, 15.0412428 ], [ 74.2186204, 15.0424049 ], [ 74.2181184, 15.0430243 ], [ 74.2177327, 15.0434765 ], [ 74.2172446, 15.0440642 ], [ 74.2166495, 15.0442859 ], [ 74.216217, 15.0441687 ], [ 74.2155425, 15.0439701 ], [ 74.2143333, 15.0436769 ], [ 74.2130544, 15.0433748 ], [ 74.2118686, 15.043041 ], [ 74.2100408, 15.0425944 ], [ 74.2081804, 15.0422382 ], [ 74.2063064, 15.0421577 ], [ 74.2049718, 15.042104 ], [ 74.2048741, 15.0421176 ], [ 74.2038604, 15.0420367 ], [ 74.202149, 15.0418566 ], [ 74.1989217, 15.0417133 ], [ 74.1966291, 15.0416239 ], [ 74.1955409, 15.0415655 ], [ 74.1948527, 15.0416879 ], [ 74.193546, 15.0413539 ], [ 74.1923229, 15.0413181 ], [ 74.1909046, 15.04126 ], [ 74.1905652, 15.041355 ], [ 74.189942, 15.0412784 ], [ 74.1890446, 15.0413374 ], [ 74.1883609, 15.0411253 ], [ 74.1871425, 15.0409901 ], [ 74.1866031, 15.0408727 ], [ 74.1852592, 15.0407377 ], [ 74.1843104, 15.0403448 ], [ 74.1837291, 15.040223 ], [ 74.1833757, 15.0401688 ], [ 74.1830455, 15.0401689 ], [ 74.1830264, 15.0401738 ], [ 74.183399, 15.0405032 ], [ 74.1838596, 15.0412714 ], [ 74.183934, 15.0414702 ], [ 74.1841294, 15.0417322 ], [ 74.1843527, 15.0419174 ], [ 74.1845573, 15.0420937 ], [ 74.1847759, 15.0422609 ], [ 74.1849945, 15.0424053 ], [ 74.1852457, 15.0426357 ], [ 74.1853712, 15.0427623 ], [ 74.185469, 15.0429249 ], [ 74.1855807, 15.043187 ], [ 74.1856784, 15.043431 ], [ 74.1857948, 15.0437292 ], [ 74.1859622, 15.0440726 ], [ 74.1860553, 15.0442806 ], [ 74.1861111, 15.0444342 ], [ 74.1861616, 15.0445543 ], [ 74.1862129, 15.0448345 ], [ 74.186213, 15.0451102 ], [ 74.1861804, 15.0453994 ], [ 74.186162, 15.0456796 ], [ 74.1861109, 15.0460367 ], [ 74.1861621, 15.0464705 ], [ 74.1861808, 15.046701 ], [ 74.1863156, 15.0468772 ], [ 74.1864366, 15.0470263 ], [ 74.1866226, 15.0472251 ], [ 74.1869064, 15.047573 ], [ 74.1870599, 15.04793 ], [ 74.1871438, 15.0481604 ], [ 74.1871948, 15.0483141 ], [ 74.1870465, 15.0501218 ], [ 74.1873166, 15.0514595 ], [ 74.1875818, 15.0521464 ], [ 74.1882192, 15.05324 ], [ 74.1888891, 15.0540396 ], [ 74.1892612, 15.0546316 ], [ 74.1897915, 15.0550246 ], [ 74.1904566, 15.0552005 ], [ 74.1914287, 15.0557923 ], [ 74.1918474, 15.0562938 ], [ 74.1921405, 15.0568903 ], [ 74.1921268, 15.0574326 ], [ 74.1918897, 15.0580519 ], [ 74.1919456, 15.0582688 ], [ 74.1920434, 15.0585535 ], [ 74.1922946, 15.0589827 ], [ 74.1927504, 15.059552 ], [ 74.1929041, 15.060022 ], [ 74.1931832, 15.0606275 ], [ 74.1933649, 15.0615222 ], [ 74.1935139, 15.0621413 ], [ 74.1935094, 15.0624074 ], [ 74.1932072, 15.0628375 ], [ 74.1929049, 15.0632624 ], [ 74.1924214, 15.0636151 ], [ 74.192147, 15.0637644 ], [ 74.1918448, 15.0638684 ], [ 74.1913471, 15.0640313 ], [ 74.1911146, 15.0640992 ], [ 74.1908542, 15.0642032 ], [ 74.1906309, 15.0643118 ], [ 74.1904961, 15.0644202 ], [ 74.1903009, 15.0645785 ], [ 74.1901381, 15.0647504 ], [ 74.1900692, 15.0648708 ], [ 74.1901343, 15.0652234 ], [ 74.1901483, 15.06549 ], [ 74.1902274, 15.0658289 ], [ 74.1902786, 15.0660368 ], [ 74.1903484, 15.0662582 ], [ 74.1904183, 15.0664435 ], [ 74.1904788, 15.066692 ], [ 74.1905347, 15.0669994 ], [ 74.1905347, 15.0671395 ], [ 74.1905163, 15.0672337 ], [ 74.1904611, 15.0673007 ], [ 74.1903635, 15.0673594 ], [ 74.1902891, 15.0673911 ], [ 74.1901914, 15.0673776 ], [ 74.1900751, 15.0673369 ], [ 74.1900565, 15.0673369 ], [ 74.1899588, 15.0672918 ], [ 74.1898472, 15.0672331 ], [ 74.1897588, 15.0671608 ], [ 74.1895821, 15.0671066 ], [ 74.1894611, 15.0670931 ], [ 74.1893542, 15.0670932 ], [ 74.1892379, 15.0671113 ], [ 74.1891263, 15.0671474 ], [ 74.1890147, 15.0671656 ], [ 74.1888938, 15.0672244 ], [ 74.1887961, 15.0673012 ], [ 74.1887071, 15.0673751 ], [ 74.1886565, 15.0674822 ], [ 74.1885771, 15.0677548 ], [ 74.1899219, 15.068173 ], [ 74.1907963, 15.0685976 ], [ 74.1913871, 15.0685703 ], [ 74.1925451, 15.068728 ], [ 74.194066, 15.068845 ], [ 74.1960708, 15.0691561 ], [ 74.1982892, 15.0693089 ], [ 74.1991545, 15.069896 ], [ 74.19935, 15.0704744 ], [ 74.1992295, 15.0716044 ], [ 74.1984301, 15.0733357 ], [ 74.196933, 15.0750853 ], [ 74.1958731, 15.0765635 ], [ 74.1954919, 15.0770699 ], [ 74.1953291, 15.0773004 ], [ 74.1948084, 15.0776711 ], [ 74.1937899, 15.0784127 ], [ 74.1923391, 15.079611 ], [ 74.1908788, 15.0803391 ], [ 74.1892464, 15.0806605 ], [ 74.1882695, 15.0804169 ], [ 74.1871717, 15.0797845 ], [ 74.1863391, 15.079726 ], [ 74.1855298, 15.0799703 ], [ 74.1842509, 15.0803775 ], [ 74.183251, 15.0807394 ], [ 74.1823533, 15.0810198 ], [ 74.1819301, 15.0812053 ], [ 74.1813161, 15.0812055 ], [ 74.1802092, 15.0813866 ], [ 74.1792557, 15.0815134 ], [ 74.1778975, 15.0816314 ], [ 74.1770743, 15.08174 ], [ 74.176544, 15.0813786 ], [ 74.1755393, 15.0814873 ], [ 74.1751719, 15.0815281 ], [ 74.1746743, 15.0823508 ], [ 74.1746976, 15.0824457 ], [ 74.1746557, 15.0825 ], [ 74.174693, 15.082613 ], [ 74.1746837, 15.0827576 ], [ 74.1747117, 15.0830649 ], [ 74.1746978, 15.0832864 ], [ 74.1747165, 15.0836525 ], [ 74.174684, 15.0838513 ], [ 74.1746514, 15.0839281 ], [ 74.1745537, 15.0840637 ], [ 74.1745305, 15.0840864 ], [ 74.1743025, 15.0841813 ], [ 74.174177, 15.0842039 ], [ 74.1740282, 15.0842175 ], [ 74.1739072, 15.0842176 ], [ 74.1737909, 15.0842041 ], [ 74.1737119, 15.0841769 ], [ 74.1733491, 15.0840912 ], [ 74.1730281, 15.0843128 ], [ 74.1726282, 15.0847106 ], [ 74.1723817, 15.0848372 ], [ 74.1723213, 15.084914 ], [ 74.1722873, 15.084947 ], [ 74.1725352, 15.0851851 ], [ 74.1729634, 15.0861657 ], [ 74.1730612, 15.086595 ], [ 74.171508, 15.0889366 ], [ 74.1714755, 15.0892078 ], [ 74.1715871, 15.0894156 ], [ 74.1733825, 15.0888502 ], [ 74.1741128, 15.0890082 ], [ 74.1749223, 15.0895639 ], [ 74.1752247, 15.0898892 ], [ 74.1752294, 15.0902598 ], [ 74.1752992, 15.0905942 ], [ 74.1752993, 15.0909694 ], [ 74.1752111, 15.0916564 ], [ 74.1753555, 15.0928269 ], [ 74.1757187, 15.0945577 ], [ 74.1760494, 15.096379 ], [ 74.1763195, 15.0981326 ], [ 74.1765012, 15.0995109 ], [ 74.1767388, 15.1008351 ], [ 74.1768133, 15.101617 ], [ 74.1770369, 15.1028236 ], [ 74.1772557, 15.1037591 ], [ 74.1774187, 15.1042834 ], [ 74.1775397, 15.1047126 ], [ 74.1774886, 15.1050653 ], [ 74.1780192, 15.1062853 ], [ 74.1784798, 15.1067508 ], [ 74.1788334, 15.1069405 ], [ 74.1787869, 15.1071619 ], [ 74.1784288, 15.1074152 ], [ 74.1783265, 15.1075689 ], [ 74.1777916, 15.1079803 ], [ 74.1771313, 15.1088573 ], [ 74.1764523, 15.1098653 ], [ 74.1753314, 15.1111131 ], [ 74.1745127, 15.1115381 ], [ 74.1741918, 15.1123201 ], [ 74.1742106, 15.1128037 ], [ 74.1741594, 15.1132828 ], [ 74.1735966, 15.11364 ], [ 74.1732524, 15.1136582 ], [ 74.1714752, 15.1131569 ], [ 74.1708379, 15.1134961 ], [ 74.1709125, 15.1146034 ], [ 74.1710893, 15.1149649 ], [ 74.171201, 15.1151818 ], [ 74.1713174, 15.1158054 ], [ 74.1710804, 15.1166598 ], [ 74.1700386, 15.1181379 ], [ 74.1688198, 15.1193043 ], [ 74.1663121, 15.1185998 ], [ 74.1661077, 15.1200687 ], [ 74.1659076, 15.1205975 ], [ 74.1656053, 15.1207739 ], [ 74.165168, 15.1209096 ], [ 74.1638049, 15.1212398 ], [ 74.1616231, 15.1219995 ], [ 74.1611624, 15.121846 ], [ 74.1603948, 15.1218462 ], [ 74.1593016, 15.12233 ], [ 74.1585432, 15.1214758 ], [ 74.1575383, 15.1222941 ], [ 74.1570219, 15.1224524 ], [ 74.1563194, 15.1213769 ], [ 74.1557982, 15.1211826 ], [ 74.1547655, 15.121 ], [ 74.1545979, 15.1209703 ], [ 74.1541792, 15.1208168 ], [ 74.1539186, 15.1207354 ], [ 74.1537139, 15.1205411 ], [ 74.1534627, 15.1202881 ], [ 74.1526811, 15.1193752 ], [ 74.1510806, 15.1177212 ], [ 74.1491359, 15.1170978 ], [ 74.1483357, 15.1163431 ], [ 74.146177, 15.1151954 ], [ 74.1443162, 15.1142419 ], [ 74.1439719, 15.1140115 ], [ 74.1438509, 15.1139708 ], [ 74.1436183, 15.1136861 ], [ 74.1434508, 15.1136681 ], [ 74.1431763, 15.1134602 ], [ 74.1429204, 15.1133472 ], [ 74.1425439, 15.113365 ], [ 74.1423764, 15.1133559 ], [ 74.1420275, 15.1134147 ], [ 74.1418221, 15.1134613 ], [ 74.1417483, 15.113478 ], [ 74.1415436, 15.1135277 ], [ 74.1413157, 15.1136272 ], [ 74.1408924, 15.1138125 ], [ 74.1404318, 15.1139166 ], [ 74.1400363, 15.1138216 ], [ 74.1394083, 15.1136861 ], [ 74.1387989, 15.1136636 ], [ 74.1381941, 15.1138444 ], [ 74.1376777, 15.1140841 ], [ 74.1371055, 15.1143868 ], [ 74.1366217, 15.1148072 ], [ 74.1362261, 15.1151507 ], [ 74.1356121, 15.115657 ], [ 74.1349655, 15.1160908 ], [ 74.1345142, 15.1166649 ], [ 74.1345374, 15.1168999 ], [ 74.1344956, 15.1171032 ], [ 74.1344304, 15.1174875 ], [ 74.1345235, 15.1178038 ], [ 74.1344304, 15.117849 ], [ 74.134463, 15.1179485 ], [ 74.1344629, 15.118075 ], [ 74.1345653, 15.1182874 ], [ 74.1345374, 15.1186896 ], [ 74.1344071, 15.1189518 ], [ 74.1341651, 15.1190151 ], [ 74.1337791, 15.1191191 ], [ 74.1334441, 15.1192275 ], [ 74.1332347, 15.1192547 ], [ 74.1327789, 15.119214 ], [ 74.1321554, 15.1191824 ], [ 74.1317878, 15.1192276 ], [ 74.1312342, 15.1193316 ], [ 74.1306946, 15.1197338 ], [ 74.1305178, 15.1199146 ], [ 74.1303362, 15.1201678 ], [ 74.1302292, 15.1202174 ], [ 74.1301781, 15.1203983 ], [ 74.1301036, 15.1205926 ], [ 74.1300013, 15.1207961 ], [ 74.1298338, 15.121004 ], [ 74.1297315, 15.1212074 ], [ 74.1295826, 15.1214876 ], [ 74.1294104, 15.1217226 ], [ 74.1292196, 15.1220027 ], [ 74.1290707, 15.1222785 ], [ 74.1289777, 15.122518 ], [ 74.1289172, 15.1227395 ], [ 74.1288844, 15.1229071 ], [ 74.1288704, 15.1229929 ], [ 74.1288565, 15.1231918 ], [ 74.1287123, 15.122907 ], [ 74.1285308, 15.122654 ], [ 74.1283262, 15.1224325 ], [ 74.1279773, 15.1221162 ], [ 74.1276888, 15.1219309 ], [ 74.1274608, 15.1217727 ], [ 74.1271445, 15.1216235 ], [ 74.1268607, 15.1214744 ], [ 74.1266374, 15.1213569 ], [ 74.1265211, 15.12128 ], [ 74.126428, 15.1211851 ], [ 74.1263723, 15.1210812 ], [ 74.126335, 15.1209772 ], [ 74.1263397, 15.1207739 ], [ 74.1263397, 15.1207106 ], [ 74.1263909, 15.1205931 ], [ 74.1264281, 15.1205343 ], [ 74.1265212, 15.1204711 ], [ 74.126591, 15.1204485 ], [ 74.1267399, 15.1204213 ], [ 74.1268934, 15.1204214 ], [ 74.1271179, 15.1204118 ], [ 74.1273505, 15.1203485 ], [ 74.1274901, 15.1203259 ], [ 74.1276343, 15.1202129 ], [ 74.1276854, 15.1201225 ], [ 74.1277878, 15.119901 ], [ 74.1277646, 15.1197474 ], [ 74.1277088, 15.1195394 ], [ 74.1275692, 15.1192321 ], [ 74.127453, 15.1190016 ], [ 74.1273414, 15.1188028 ], [ 74.1272995, 15.1187666 ], [ 74.1272343, 15.1186898 ], [ 74.1270343, 15.1184773 ], [ 74.1269227, 15.1182649 ], [ 74.1267739, 15.1180886 ], [ 74.1265272, 15.1178446 ], [ 74.1261878, 15.1175463 ], [ 74.125876, 15.1172615 ], [ 74.1256017, 15.1169948 ], [ 74.125248, 15.1166695 ], [ 74.1249411, 15.1163757 ], [ 74.1246806, 15.1161135 ], [ 74.1246155, 15.1159102 ], [ 74.1244853, 15.1156751 ], [ 74.1244062, 15.115404 ], [ 74.1243504, 15.1152503 ], [ 74.1242946, 15.1151057 ], [ 74.1241876, 15.114961 ], [ 74.1240992, 15.1148661 ], [ 74.1239318, 15.114753 ], [ 74.1237643, 15.114744 ], [ 74.123634, 15.1147621 ], [ 74.1233596, 15.1148209 ], [ 74.1232758, 15.1148255 ], [ 74.1230571, 15.1148253 ], [ 74.1228199, 15.1147621 ], [ 74.1224059, 15.1146988 ], [ 74.1220802, 15.1145994 ], [ 74.1217128, 15.1145497 ], [ 74.1214847, 15.1144864 ], [ 74.1211685, 15.1143779 ], [ 74.1204985, 15.1143779 ], [ 74.1197123, 15.1145767 ], [ 74.118619, 15.1149292 ], [ 74.1182189, 15.1150649 ], [ 74.1176419, 15.1153179 ], [ 74.1171907, 15.1155529 ], [ 74.1170371, 15.1156162 ], [ 74.1159518, 15.1155263 ], [ 74.114733, 15.1153319 ], [ 74.1129703, 15.1149115 ], [ 74.1115144, 15.1146628 ], [ 74.1111516, 15.1146268 ], [ 74.1103748, 15.1142787 ], [ 74.1102911, 15.1139306 ], [ 74.1103516, 15.1138493 ], [ 74.1101143, 15.1128413 ], [ 74.1093701, 15.1119238 ], [ 74.1091515, 15.1106809 ], [ 74.1084492, 15.1107215 ], [ 74.1078306, 15.110057 ], [ 74.1078119, 15.1088909 ], [ 74.1069282, 15.1070062 ], [ 74.1052678, 15.1062061 ], [ 74.1034586, 15.1063776 ], [ 74.1026074, 15.1073357 ], [ 74.1026074, 15.1094736 ], [ 74.1028865, 15.1116113 ], [ 74.1016446, 15.1133016 ], [ 74.1025283, 15.1137491 ], [ 74.1018445, 15.1164157 ], [ 74.1016074, 15.1170168 ], [ 74.1012677, 15.1174461 ], [ 74.1010678, 15.117776 ], [ 74.1010445, 15.1179161 ], [ 74.1009329, 15.1180382 ], [ 74.1008677, 15.1181692 ], [ 74.1007515, 15.1183681 ], [ 74.1007002, 15.1186393 ], [ 74.1006678, 15.1187432 ], [ 74.1005655, 15.1189241 ], [ 74.100412, 15.1190551 ], [ 74.1002444, 15.1192268 ], [ 74.1000398, 15.119394 ], [ 74.0999049, 15.1195702 ], [ 74.0997653, 15.1197963 ], [ 74.0997282, 15.1199815 ], [ 74.0997421, 15.1204109 ], [ 74.0996909, 15.1209262 ], [ 74.0996397, 15.12122 ], [ 74.0996398, 15.1215318 ], [ 74.0996304, 15.1218345 ], [ 74.0997234, 15.1222459 ], [ 74.099849, 15.1225081 ], [ 74.1000397, 15.122716 ], [ 74.1002257, 15.1228742 ], [ 74.1004091, 15.1230271 ], [ 74.1005859, 15.1231718 ], [ 74.1007579, 15.1233616 ], [ 74.1007952, 15.1235605 ], [ 74.1007905, 15.1237367 ], [ 74.1007022, 15.1239356 ], [ 74.1005394, 15.1240486 ], [ 74.1003533, 15.124157 ], [ 74.1001719, 15.124288 ], [ 74.0999579, 15.1244417 ], [ 74.0997719, 15.1245456 ], [ 74.099733, 15.1245836 ], [ 74.099742, 15.1246053 ], [ 74.0998071, 15.1246912 ], [ 74.0999234, 15.1248855 ], [ 74.0999559, 15.124994 ], [ 74.0999932, 15.1252154 ], [ 74.1000583, 15.1255138 ], [ 74.1001188, 15.125681 ], [ 74.1001838, 15.125803 ], [ 74.1002304, 15.125916 ], [ 74.100249, 15.1260878 ], [ 74.1002489, 15.126246 ], [ 74.1001327, 15.1267928 ], [ 74.1000768, 15.1271499 ], [ 74.0999652, 15.1274076 ], [ 74.0998954, 15.1275114 ], [ 74.0997838, 15.1276335 ], [ 74.0997141, 15.1276742 ], [ 74.0996535, 15.1276787 ], [ 74.0992581, 15.127647 ], [ 74.0988535, 15.1275927 ], [ 74.0987884, 15.1276017 ], [ 74.0986907, 15.1276333 ], [ 74.098393, 15.1277599 ], [ 74.0982534, 15.1278413 ], [ 74.0982069, 15.1278774 ], [ 74.0981371, 15.1279586 ], [ 74.0980812, 15.1280852 ], [ 74.0980394, 15.1282073 ], [ 74.0979976, 15.1283926 ], [ 74.0979929, 15.1284966 ], [ 74.0980301, 15.1286096 ], [ 74.0981324, 15.1288445 ], [ 74.0982162, 15.1290164 ], [ 74.0983325, 15.1292152 ], [ 74.0983696, 15.1293101 ], [ 74.0983976, 15.1295406 ], [ 74.0983929, 15.1296808 ], [ 74.098365, 15.1297395 ], [ 74.0983325, 15.1297802 ], [ 74.0979975, 15.1300921 ], [ 74.0979278, 15.1301462 ], [ 74.097737, 15.1302728 ], [ 74.097644, 15.130345 ], [ 74.0975695, 15.1304264 ], [ 74.0974161, 15.1306163 ], [ 74.0973555, 15.1307292 ], [ 74.0972253, 15.1310636 ], [ 74.0971369, 15.1314162 ], [ 74.0970997, 15.131606 ], [ 74.0970951, 15.1318049 ], [ 74.0971089, 15.1321258 ], [ 74.097109, 15.1323608 ], [ 74.0970996, 15.132528 ], [ 74.0970857, 15.1326275 ], [ 74.0970065, 15.1329574 ], [ 74.0969554, 15.1330976 ], [ 74.0969322, 15.1332196 ], [ 74.0969275, 15.1335675 ], [ 74.0969462, 15.1337303 ], [ 74.0970113, 15.1339292 ], [ 74.0970112, 15.1339473 ], [ 74.0970229, 15.1339866 ], [ 74.0961063, 15.1340547 ], [ 74.0953201, 15.1341765 ], [ 74.0934037, 15.1347006 ], [ 74.0914313, 15.1350256 ], [ 74.0896637, 15.1351202 ], [ 74.0871893, 15.134261 ], [ 74.0867705, 15.1341705 ], [ 74.0858496, 15.1344595 ], [ 74.0856821, 15.1345906 ], [ 74.0854821, 15.1347532 ], [ 74.0852262, 15.1350109 ], [ 74.085096, 15.1351509 ], [ 74.0848819, 15.1353814 ], [ 74.0842074, 15.135996 ], [ 74.0830443, 15.1374646 ], [ 74.0825652, 15.137799 ], [ 74.0822581, 15.1381514 ], [ 74.0819324, 15.1386396 ], [ 74.0815276, 15.1391004 ], [ 74.0814672, 15.1394304 ], [ 74.0813927, 15.1397693 ], [ 74.0813927, 15.1400722 ], [ 74.0813926, 15.1408315 ], [ 74.0813553, 15.1409264 ], [ 74.0808809, 15.1411432 ], [ 74.0803365, 15.1414911 ], [ 74.0801829, 15.1422776 ], [ 74.0799781, 15.1431769 ], [ 74.0799966, 15.1441623 ], [ 74.080015, 15.1448809 ], [ 74.0796752, 15.1467657 ], [ 74.0805589, 15.1474257 ], [ 74.0794096, 15.1503544 ], [ 74.079242, 15.1511407 ], [ 74.0793536, 15.1520582 ], [ 74.0788556, 15.1536221 ], [ 74.0779994, 15.1542953 ], [ 74.0771898, 15.1555923 ], [ 74.0771479, 15.1556646 ], [ 74.0766734, 15.1558227 ], [ 74.0763616, 15.1558226 ], [ 74.0759058, 15.1558225 ], [ 74.0752079, 15.1559398 ], [ 74.0748497, 15.1560346 ], [ 74.0742264, 15.1561068 ], [ 74.0735517, 15.1562151 ], [ 74.0727795, 15.1560521 ], [ 74.0720492, 15.1558756 ], [ 74.071049, 15.1558075 ], [ 74.0705372, 15.1560876 ], [ 74.0700812, 15.1563632 ], [ 74.0685179, 15.1575154 ], [ 74.0672942, 15.1582291 ], [ 74.0661636, 15.1589971 ], [ 74.065354, 15.1596386 ], [ 74.0645071, 15.1600724 ], [ 74.0640364, 15.1604352 ], [ 74.0645999, 15.1617221 ], [ 74.0660882, 15.163535 ], [ 74.06733, 15.1652757 ], [ 74.067916, 15.1660081 ], [ 74.0681206, 15.1666092 ], [ 74.0681902, 15.167102 ], [ 74.0680226, 15.1681098 ], [ 74.0677711, 15.1695244 ], [ 74.0676407, 15.1700036 ], [ 74.0672171, 15.1709663 ], [ 74.0670122, 15.1719425 ], [ 74.0669935, 15.1723808 ], [ 74.0668211, 15.1731673 ], [ 74.066579, 15.1741751 ], [ 74.0662949, 15.1754542 ], [ 74.0660481, 15.1761458 ], [ 74.0690815, 15.1775071 ], [ 74.0715523, 15.1763011 ], [ 74.0735854, 15.1768666 ], [ 74.0752461, 15.1783858 ], [ 74.0779028, 15.1791775 ], [ 74.0794984, 15.1813792 ], [ 74.0822016, 15.1809188 ], [ 74.0838487, 15.1814932 ], [ 74.0853748, 15.1820946 ], [ 74.0866217, 15.1819819 ], [ 74.0875616, 15.1819459 ], [ 74.0876221, 15.1825923 ], [ 74.087366, 15.1829448 ], [ 74.0873381, 15.1835776 ], [ 74.0871845, 15.1844544 ], [ 74.0883337, 15.1850965 ], [ 74.0897667, 15.1853726 ], [ 74.0916603, 15.1878588 ], [ 74.0931166, 15.1885779 ], [ 74.0935727, 15.1886683 ], [ 74.095792, 15.1891976 ], [ 74.0965877, 15.1894825 ], [ 74.0969228, 15.188687 ], [ 74.0974161, 15.1878102 ], [ 74.1002823, 15.1875348 ], [ 74.101292, 15.1881678 ], [ 74.1021109, 15.1887646 ], [ 74.1032322, 15.188855 ], [ 74.1052052, 15.1893615 ], [ 74.1068197, 15.1897459 ], [ 74.1062939, 15.1882723 ], [ 74.1069034, 15.1870791 ], [ 74.1078247, 15.1854474 ], [ 74.108504, 15.1843944 ], [ 74.1091972, 15.1832101 ], [ 74.1105278, 15.1817639 ], [ 74.1110955, 15.1808102 ], [ 74.1117469, 15.1804577 ], [ 74.1122587, 15.1801549 ], [ 74.1129147, 15.1800509 ], [ 74.1136591, 15.1798024 ], [ 74.1140592, 15.1792194 ], [ 74.1142034, 15.1786543 ], [ 74.1144407, 15.1778046 ], [ 74.1146221, 15.1765661 ], [ 74.1147709, 15.1759469 ], [ 74.115478, 15.1750837 ], [ 74.1160084, 15.1747809 ], [ 74.1168784, 15.1739537 ], [ 74.1177809, 15.17333 ], [ 74.1188743, 15.1728509 ], [ 74.1193115, 15.1716306 ], [ 74.1201628, 15.1700215 ], [ 74.1211815, 15.1690677 ], [ 74.1225307, 15.1682904 ], [ 74.1234379, 15.1679379 ], [ 74.1244242, 15.1677797 ], [ 74.1247034, 15.1683809 ], [ 74.1255176, 15.1688554 ], [ 74.1266018, 15.1696916 ], [ 74.1272531, 15.1695786 ], [ 74.1276857, 15.1694114 ], [ 74.1285511, 15.1692576 ], [ 74.1285841, 15.1692727 ], [ 74.1288256, 15.1693842 ], [ 74.129277, 15.169791 ], [ 74.1300075, 15.1704508 ], [ 74.1308591, 15.1712011 ], [ 74.1313383, 15.1714136 ], [ 74.1334783, 15.1707807 ], [ 74.1364465, 15.170003 ], [ 74.1381399, 15.1694199 ], [ 74.1398054, 15.1689587 ], [ 74.1411033, 15.1685157 ], [ 74.1421408, 15.1683575 ], [ 74.1436528, 15.1681177 ], [ 74.1441734, 15.1680495 ], [ 74.1443088, 15.1680318 ], [ 74.1454718, 15.1677379 ], [ 74.1465463, 15.1673038 ], [ 74.1477048, 15.1667748 ], [ 74.1487421, 15.1663996 ], [ 74.1496959, 15.166743 ], [ 74.150152, 15.1669372 ], [ 74.1513431, 15.1674659 ], [ 74.151855, 15.1676918 ], [ 74.1524599, 15.1679359 ], [ 74.153088, 15.1682069 ], [ 74.1536509, 15.1684916 ], [ 74.1541768, 15.1687446 ], [ 74.1544467, 15.1688847 ], [ 74.1546282, 15.1690022 ], [ 74.1550145, 15.1692643 ], [ 74.1551726, 15.1694767 ], [ 74.1553403, 15.1698519 ], [ 74.1555822, 15.1702314 ], [ 74.156057, 15.1708732 ], [ 74.1567085, 15.1712663 ], [ 74.1573088, 15.1714381 ], [ 74.1577694, 15.1715419 ], [ 74.1581229, 15.1716029 ], [ 74.1583975, 15.1716503 ], [ 74.1599097, 15.1718082 ], [ 74.1606819, 15.1718984 ], [ 74.1623849, 15.1720834 ], [ 74.1635853, 15.1722233 ], [ 74.1645484, 15.1724627 ], [ 74.1654743, 15.1725754 ], [ 74.1664794, 15.1728284 ], [ 74.167517, 15.1731806 ], [ 74.1682569, 15.1734923 ], [ 74.1690294, 15.1738402 ], [ 74.170523, 15.1742738 ], [ 74.1713281, 15.1746623 ], [ 74.17137, 15.1746623 ], [ 74.1718865, 15.1748836 ], [ 74.1721424, 15.1750644 ], [ 74.1725054, 15.1752902 ], [ 74.1730314, 15.1757647 ], [ 74.1731246, 15.176045 ], [ 74.173269, 15.1764652 ], [ 74.1733622, 15.177098 ], [ 74.1735021, 15.1776991 ], [ 74.1735861, 15.1784449 ], [ 74.1737123, 15.179941 ], [ 74.173843, 15.1807636 ], [ 74.1744064, 15.1818799 ], [ 74.1747045, 15.1824809 ], [ 74.1748443, 15.1829917 ], [ 74.1748817, 15.1835928 ], [ 74.1755196, 15.1846593 ], [ 74.1755043, 15.1850277 ], [ 74.1754966, 15.1852108 ], [ 74.1754968, 15.1858165 ], [ 74.175497, 15.1863905 ], [ 74.1754367, 15.1867522 ], [ 74.1754396, 15.1867936 ], [ 74.1754367, 15.1868064 ], [ 74.1752599, 15.1869059 ], [ 74.1750366, 15.1869059 ], [ 74.1748598, 15.1868924 ], [ 74.1745945, 15.1868338 ], [ 74.1742363, 15.1868339 ], [ 74.1740176, 15.1869063 ], [ 74.173692, 15.1872815 ], [ 74.1734084, 15.1877426 ], [ 74.1731249, 15.1882527 ], [ 74.1731115, 15.1882639 ], [ 74.1727294, 15.1885835 ], [ 74.1725483, 15.189465 ], [ 74.1721809, 15.1899126 ], [ 74.1720554, 15.1902606 ], [ 74.1719764, 15.1905183 ], [ 74.1718276, 15.1908844 ], [ 74.171516, 15.1912416 ], [ 74.1707947, 15.1909977 ], [ 74.1704689, 15.19093 ], [ 74.1700548, 15.1907945 ], [ 74.1694079, 15.1906365 ], [ 74.1687564, 15.1904648 ], [ 74.1682073, 15.1904016 ], [ 74.1677793, 15.1903792 ], [ 74.166872, 15.1904427 ], [ 74.1663183, 15.1906235 ], [ 74.1658158, 15.190687 ], [ 74.1653505, 15.1908091 ], [ 74.1647178, 15.1909539 ], [ 74.1638059, 15.1911439 ], [ 74.1632289, 15.1911757 ], [ 74.162517, 15.1912301 ], [ 74.1621587, 15.1912753 ], [ 74.1616561, 15.1912754 ], [ 74.1614049, 15.1912755 ], [ 74.1613305, 15.1912122 ], [ 74.160977, 15.1918858 ], [ 74.1607864, 15.192374 ], [ 74.160554, 15.1930656 ], [ 74.1602287, 15.1943177 ], [ 74.1599217, 15.1949461 ], [ 74.1594473, 15.1953937 ], [ 74.1590194, 15.1958276 ], [ 74.1585449, 15.1962888 ], [ 74.1572981, 15.1974371 ], [ 74.1562328, 15.1981604 ], [ 74.1552233, 15.1988205 ], [ 74.1542184, 15.2000864 ], [ 74.1537115, 15.200778 ], [ 74.1529439, 15.2014696 ], [ 74.1524089, 15.2019895 ], [ 74.1517854, 15.202306 ], [ 74.1511666, 15.2025954 ], [ 74.1506594, 15.2026227 ], [ 74.1497101, 15.2028533 ], [ 74.1490309, 15.2032557 ], [ 74.1484958, 15.2036309 ], [ 74.1479934, 15.204205 ], [ 74.1474305, 15.2048379 ], [ 74.1454625, 15.2066643 ], [ 74.1450019, 15.2070259 ], [ 74.1445366, 15.207365 ], [ 74.1438992, 15.2077673 ], [ 74.1434711, 15.2080703 ], [ 74.1426802, 15.2084771 ], [ 74.1409305, 15.2092276 ], [ 74.1398232, 15.2096571 ], [ 74.1382782, 15.2099736 ], [ 74.1367751, 15.2097748 ], [ 74.1355371, 15.2093953 ], [ 74.1350578, 15.2093682 ], [ 74.1347649, 15.2102044 ], [ 74.1345649, 15.2109773 ], [ 74.1343834, 15.211339 ], [ 74.1341136, 15.2117594 ], [ 74.1337414, 15.2121707 ], [ 74.1331784, 15.2127493 ], [ 74.132848, 15.2130883 ], [ 74.1323082, 15.2134544 ], [ 74.1315497, 15.2140421 ], [ 74.1308147, 15.2149596 ], [ 74.130489, 15.2154931 ], [ 74.1302051, 15.2160265 ], [ 74.1300702, 15.2163881 ], [ 74.1299074, 15.2166051 ], [ 74.12974, 15.2169757 ], [ 74.1296516, 15.2173103 ], [ 74.1295865, 15.2175543 ], [ 74.1295352, 15.2176854 ], [ 74.1294841, 15.2178571 ], [ 74.1293678, 15.2180876 ], [ 74.1292422, 15.2183543 ], [ 74.1290236, 15.2189104 ], [ 74.1288886, 15.2192132 ], [ 74.1288049, 15.2193578 ], [ 74.1287723, 15.2194889 ], [ 74.1286421, 15.2196652 ], [ 74.1285815, 15.2198958 ], [ 74.1282932, 15.2204743 ], [ 74.1280838, 15.2211207 ], [ 74.1279442, 15.2219525 ], [ 74.1279444, 15.222644 ], [ 74.1279446, 15.2235933 ], [ 74.1279446, 15.2246329 ], [ 74.1283125, 15.2256589 ], [ 74.1288478, 15.2261788 ], [ 74.1296345, 15.2269969 ], [ 74.1301232, 15.2274715 ], [ 74.1308353, 15.2281044 ], [ 74.1313241, 15.2285382 ], [ 74.1319013, 15.2289406 ], [ 74.132376, 15.2293021 ], [ 74.1326378, 15.2294061 ], [ 74.1332045, 15.2296456 ], [ 74.1339027, 15.2301654 ], [ 74.1343169, 15.230396 ], [ 74.1348477, 15.2308027 ], [ 74.1354433, 15.2310152 ], [ 74.1361089, 15.2313632 ], [ 74.1366582, 15.2315484 ], [ 74.137119, 15.2316931 ], [ 74.1374727, 15.2316931 ], [ 74.1378449, 15.2314897 ], [ 74.1381847, 15.2313178 ], [ 74.1387199, 15.2311732 ], [ 74.1389852, 15.2312048 ], [ 74.1392831, 15.2313043 ], [ 74.1395019, 15.231363 ], [ 74.1397114, 15.2315935 ], [ 74.1400511, 15.2318375 ], [ 74.1405725, 15.2321991 ], [ 74.1412893, 15.2325878 ], [ 74.1414522, 15.2326013 ], [ 74.1418245, 15.2326374 ], [ 74.1420386, 15.2326511 ], [ 74.1423272, 15.2326509 ], [ 74.1426808, 15.2325922 ], [ 74.1429136, 15.2326283 ], [ 74.1430811, 15.232687 ], [ 74.1432302, 15.2328227 ], [ 74.1434675, 15.2330622 ], [ 74.1437003, 15.2334374 ], [ 74.1438819, 15.2337086 ], [ 74.1440402, 15.2339617 ], [ 74.1443427, 15.2341967 ], [ 74.1444267, 15.2345041 ], [ 74.1441987, 15.2350511 ], [ 74.1441661, 15.2352454 ], [ 74.1441663, 15.2355482 ], [ 74.1442175, 15.2357516 ], [ 74.1445527, 15.2359957 ], [ 74.1448459, 15.2362262 ], [ 74.1452649, 15.2363572 ], [ 74.1458141, 15.2362577 ], [ 74.1463911, 15.2360859 ], [ 74.1473173, 15.2361174 ], [ 74.1478386, 15.236357 ], [ 74.1481793, 15.2366912 ], [ 74.1482763, 15.2367728 ], [ 74.1486674, 15.2373558 ], [ 74.1489422, 15.2381785 ], [ 74.1489424, 15.2386351 ], [ 74.1489424, 15.2389831 ], [ 74.1487796, 15.239295 ], [ 74.1485562, 15.2395346 ], [ 74.1483654, 15.2397064 ], [ 74.148142, 15.2398194 ], [ 74.1477511, 15.2398511 ], [ 74.147174, 15.2398511 ], [ 74.1465735, 15.2395755 ], [ 74.1464851, 15.2394941 ], [ 74.1461172, 15.2391371 ], [ 74.1456983, 15.2387349 ], [ 74.1454654, 15.238545 ], [ 74.1452188, 15.2384004 ], [ 74.1449535, 15.2383462 ], [ 74.1445485, 15.2384863 ], [ 74.1442135, 15.2386581 ], [ 74.14406, 15.2388933 ], [ 74.1439484, 15.2393634 ], [ 74.1438787, 15.2400504 ], [ 74.143823, 15.2406336 ], [ 74.1438744, 15.2416415 ], [ 74.1438421, 15.2423784 ], [ 74.1438608, 15.2429886 ], [ 74.1436608, 15.243522 ], [ 74.1434002, 15.2437345 ], [ 74.1431907, 15.2439469 ], [ 74.1427859, 15.2441414 ], [ 74.1425857, 15.2442453 ], [ 74.1421855, 15.2442725 ], [ 74.141962, 15.2442725 ], [ 74.1417946, 15.2442228 ], [ 74.1414314, 15.2441279 ], [ 74.1411847, 15.2440556 ], [ 74.1407331, 15.2439291 ], [ 74.1404214, 15.2439291 ], [ 74.1400862, 15.2439428 ], [ 74.1395696, 15.244101 ], [ 74.1391554, 15.2442094 ], [ 74.1387598, 15.2444039 ], [ 74.1383829, 15.2446345 ], [ 74.138206, 15.244856 ], [ 74.1379547, 15.2451046 ], [ 74.1377825, 15.2453984 ], [ 74.1377267, 15.2457148 ], [ 74.1377826, 15.2460086 ], [ 74.1379968, 15.2462708 ], [ 74.1384158, 15.2466776 ], [ 74.1386347, 15.2469759 ], [ 74.1387464, 15.2473285 ], [ 74.1387465, 15.2475635 ], [ 74.1387325, 15.2478619 ], [ 74.1386906, 15.2480698 ], [ 74.1385092, 15.2484134 ], [ 74.1380672, 15.2489017 ], [ 74.137518, 15.2494124 ], [ 74.1374788, 15.2494408 ], [ 74.1372355, 15.2496359 ], [ 74.1371564, 15.2496991 ], [ 74.1370354, 15.2498166 ], [ 74.1368912, 15.2499838 ], [ 74.1366352, 15.2503228 ], [ 74.1364072, 15.2507249 ], [ 74.1362351, 15.2509825 ], [ 74.1361281, 15.2512944 ], [ 74.1359559, 15.2515384 ], [ 74.1357308, 15.2517169 ], [ 74.1355976, 15.2517192 ], [ 74.1353044, 15.2518864 ], [ 74.1351834, 15.2519813 ], [ 74.1349553, 15.252031 ], [ 74.1347272, 15.2520944 ], [ 74.1346482, 15.2521757 ], [ 74.134462, 15.2522254 ], [ 74.1342898, 15.2522526 ], [ 74.1341176, 15.2522526 ], [ 74.1337964, 15.2521623 ], [ 74.1335544, 15.252081 ], [ 74.133303, 15.2519002 ], [ 74.1330236, 15.2517873 ], [ 74.1326885, 15.2515794 ], [ 74.1324744, 15.251462 ], [ 74.1321951, 15.2513084 ], [ 74.1319809, 15.2511638 ], [ 74.1317436, 15.2510193 ], [ 74.1315294, 15.2508385 ], [ 74.1312873, 15.2506216 ], [ 74.1309429, 15.2503732 ], [ 74.1308777, 15.2503371 ], [ 74.1307938, 15.2502557 ], [ 74.1306774, 15.2501789 ], [ 74.1305564, 15.2500388 ], [ 74.1304215, 15.2498942 ], [ 74.1303283, 15.2497135 ], [ 74.1302352, 15.2495327 ], [ 74.130156, 15.2491938 ], [ 74.1301001, 15.2490537 ], [ 74.130007, 15.2488731 ], [ 74.1299418, 15.2487013 ], [ 74.1298766, 15.2482992 ], [ 74.1296764, 15.2480281 ], [ 74.1296065, 15.2478112 ], [ 74.1295413, 15.2476666 ], [ 74.1293039, 15.2475356 ], [ 74.1291131, 15.247409 ], [ 74.1289828, 15.2473322 ], [ 74.1287966, 15.2473549 ], [ 74.1286104, 15.2473956 ], [ 74.1285406, 15.2474091 ], [ 74.1284475, 15.2474317 ], [ 74.1282892, 15.2475131 ], [ 74.1281404, 15.2475763 ], [ 74.1280473, 15.2476667 ], [ 74.1279961, 15.2477707 ], [ 74.1279309, 15.247861 ], [ 74.1278891, 15.247992 ], [ 74.1278611, 15.2481321 ], [ 74.1277681, 15.2484982 ], [ 74.1277822, 15.2489862 ], [ 74.1279311, 15.2492212 ], [ 74.1279964, 15.2494019 ], [ 74.1281313, 15.2496098 ], [ 74.1281826, 15.2498176 ], [ 74.1281548, 15.2500119 ], [ 74.1282618, 15.2502062 ], [ 74.1283549, 15.2505044 ], [ 74.1283038, 15.2506987 ], [ 74.1284109, 15.250866 ], [ 74.1284901, 15.251476 ], [ 74.1284741, 15.2515752 ], [ 74.1284251, 15.2518781 ], [ 74.1284903, 15.252095 ], [ 74.1284251, 15.2522532 ], [ 74.1284111, 15.2525108 ], [ 74.1283833, 15.2526689 ], [ 74.1284112, 15.2527955 ], [ 74.1284253, 15.2531479 ], [ 74.1284113, 15.2533151 ], [ 74.1283834, 15.2534326 ], [ 74.1283834, 15.2535592 ], [ 74.1283835, 15.2538077 ], [ 74.1283974, 15.2539478 ], [ 74.1283975, 15.2540652 ], [ 74.1284255, 15.2542731 ], [ 74.1284348, 15.2545081 ], [ 74.1285187, 15.2551949 ], [ 74.1285188, 15.2552581 ], [ 74.1285188, 15.2555158 ], [ 74.1285048, 15.2556965 ], [ 74.1284909, 15.2558411 ], [ 74.1284118, 15.2559812 ], [ 74.128356, 15.2561528 ], [ 74.128263, 15.2563608 ], [ 74.1282118, 15.2565551 ], [ 74.128156, 15.2566952 ], [ 74.1280768, 15.2568624 ], [ 74.1279977, 15.2570205 ], [ 74.1278488, 15.2571742 ], [ 74.1276626, 15.257251 ], [ 74.1275044, 15.2573685 ], [ 74.1273182, 15.2574996 ], [ 74.127146, 15.2576036 ], [ 74.1269971, 15.2576397 ], [ 74.126876, 15.2576396 ], [ 74.1267829, 15.2576036 ], [ 74.1266247, 15.2575359 ], [ 74.1264897, 15.2574455 ], [ 74.1262383, 15.2573415 ], [ 74.1260521, 15.2572647 ], [ 74.1257681, 15.2572015 ], [ 74.125177, 15.2571744 ], [ 74.1249116, 15.2569304 ], [ 74.1247115, 15.2569168 ], [ 74.1244695, 15.2569034 ], [ 74.1243204, 15.2569667 ], [ 74.1240831, 15.2570434 ], [ 74.1239248, 15.2570978 ], [ 74.1236968, 15.2572514 ], [ 74.1234546, 15.2573419 ], [ 74.1232405, 15.2574594 ], [ 74.1230403, 15.2575905 ], [ 74.1228449, 15.2577215 ], [ 74.122682, 15.2578888 ], [ 74.1225376, 15.2580966 ], [ 74.1221373, 15.2584085 ], [ 74.1219605, 15.2585621 ], [ 74.1218953, 15.25877 ], [ 74.1218301, 15.2589779 ], [ 74.1218161, 15.2590547 ], [ 74.1219093, 15.2592625 ], [ 74.1219605, 15.2593801 ], [ 74.1220443, 15.2594704 ], [ 74.1220816, 15.2595969 ], [ 74.1222818, 15.2597686 ], [ 74.1223377, 15.2599358 ], [ 74.122454, 15.2600623 ], [ 74.1225612, 15.2602205 ], [ 74.122645, 15.2603605 ], [ 74.1228546, 15.2606994 ], [ 74.1229244, 15.2609705 ], [ 74.1229478, 15.2611783 ], [ 74.1229758, 15.2617116 ], [ 74.1230177, 15.2619285 ], [ 74.1229479, 15.2622131 ], [ 74.1230317, 15.2624888 ], [ 74.1231388, 15.2627057 ], [ 74.123083, 15.2627192 ], [ 74.1231109, 15.2628864 ], [ 74.123111, 15.263135 ], [ 74.123111, 15.2633022 ], [ 74.1231111, 15.263483 ], [ 74.1230832, 15.2638851 ], [ 74.1231112, 15.2640795 ], [ 74.123125, 15.2642331 ], [ 74.1230692, 15.2644545 ], [ 74.1230415, 15.2647392 ], [ 74.1228552, 15.2653085 ], [ 74.122804, 15.2654261 ], [ 74.1227622, 15.2655435 ], [ 74.1226691, 15.265765 ], [ 74.1225574, 15.2659841 ], [ 74.1224457, 15.2662034 ], [ 74.1224318, 15.2663479 ], [ 74.1223527, 15.2665016 ], [ 74.1223527, 15.2665151 ], [ 74.1223247, 15.2666688 ], [ 74.1223107, 15.266827 ], [ 74.1221758, 15.2669942 ], [ 74.1221386, 15.2672925 ], [ 74.1219524, 15.2676404 ], [ 74.1217522, 15.2680697 ], [ 74.1216825, 15.2682143 ], [ 74.1215661, 15.2683816 ], [ 74.121459, 15.2685217 ], [ 74.1213659, 15.2686256 ], [ 74.1211891, 15.2688334 ], [ 74.1211099, 15.2688471 ], [ 74.1209656, 15.2691183 ], [ 74.1207887, 15.2692764 ], [ 74.1202022, 15.269507 ], [ 74.1200438, 15.2695612 ], [ 74.1197366, 15.2696516 ], [ 74.1195223, 15.2697013 ], [ 74.1194014, 15.2697285 ], [ 74.119299, 15.2697014 ], [ 74.119122, 15.2695974 ], [ 74.1189218, 15.2695839 ], [ 74.1188055, 15.2695614 ], [ 74.1187356, 15.2695613 ], [ 74.1185214, 15.2694168 ], [ 74.1183212, 15.2693129 ], [ 74.118121, 15.2691954 ], [ 74.1178974, 15.2688883 ], [ 74.1176553, 15.26859 ], [ 74.1175483, 15.2685087 ], [ 74.1172177, 15.2681472 ], [ 74.1169755, 15.2678761 ], [ 74.1168545, 15.267745 ], [ 74.1167242, 15.2675915 ], [ 74.1165472, 15.2673971 ], [ 74.116468, 15.2672661 ], [ 74.1162073, 15.2669408 ], [ 74.1160863, 15.2668233 ], [ 74.116049, 15.2667058 ], [ 74.1159421, 15.2665115 ], [ 74.115863, 15.2663804 ], [ 74.1157281, 15.2661499 ], [ 74.115556, 15.2659419 ], [ 74.1155, 15.2658109 ], [ 74.115528, 15.265594 ], [ 74.1153838, 15.2653861 ], [ 74.115314, 15.2652551 ], [ 74.1152629, 15.2651511 ], [ 74.1151931, 15.2650471 ], [ 74.115128, 15.2649206 ], [ 74.1150768, 15.2648393 ], [ 74.1149698, 15.2647128 ], [ 74.1148488, 15.2645184 ], [ 74.1146488, 15.2643376 ], [ 74.1143044, 15.2643602 ], [ 74.1141835, 15.2642834 ], [ 74.1139554, 15.2641794 ], [ 74.1137135, 15.2642336 ], [ 74.1135179, 15.264324 ], [ 74.1130294, 15.2645183 ], [ 74.1128432, 15.2646086 ], [ 74.1128153, 15.2646447 ], [ 74.1126151, 15.2647623 ], [ 74.1124802, 15.2648527 ], [ 74.1124151, 15.2649566 ], [ 74.1122709, 15.2650604 ], [ 74.112108, 15.2651509 ], [ 74.1119497, 15.2652186 ], [ 74.1118148, 15.2652682 ], [ 74.1116426, 15.265309 ], [ 74.1114797, 15.2653586 ], [ 74.1112704, 15.2653721 ], [ 74.1110562, 15.2654219 ], [ 74.1108002, 15.2654896 ], [ 74.110535, 15.2655529 ], [ 74.1103628, 15.2656432 ], [ 74.1100976, 15.2656432 ], [ 74.1094229, 15.265616 ], [ 74.1092461, 15.2655934 ], [ 74.1089809, 15.2655256 ], [ 74.1087808, 15.265512 ], [ 74.1086086, 15.2654895 ], [ 74.1081432, 15.2653854 ], [ 74.1078362, 15.2653086 ], [ 74.1075942, 15.2652814 ], [ 74.1072778, 15.2653085 ], [ 74.1069009, 15.2653084 ], [ 74.1067148, 15.2653175 ], [ 74.1065844, 15.2652813 ], [ 74.1063145, 15.2652541 ], [ 74.1061005, 15.265218 ], [ 74.1059702, 15.2651908 ], [ 74.1057422, 15.2651231 ], [ 74.1055561, 15.2651004 ], [ 74.1052629, 15.2650326 ], [ 74.1050908, 15.2650235 ], [ 74.1047698, 15.2649421 ], [ 74.1046116, 15.2649059 ], [ 74.1044206, 15.2648923 ], [ 74.1042904, 15.2648652 ], [ 74.1041182, 15.2649059 ], [ 74.1039833, 15.264942 ], [ 74.1038344, 15.2649556 ], [ 74.1036622, 15.2649961 ], [ 74.1035692, 15.2650459 ], [ 74.1034621, 15.2651137 ], [ 74.1032619, 15.265308 ], [ 74.1032712, 15.2652673 ], [ 74.10302, 15.2655113 ], [ 74.1029222, 15.2655925 ], [ 74.1028059, 15.265683 ], [ 74.10255, 15.2658502 ], [ 74.1023637, 15.266058 ], [ 74.1022054, 15.2663427 ], [ 74.1020425, 15.2665641 ], [ 74.1019261, 15.2667178 ], [ 74.1016981, 15.2668849 ], [ 74.101619, 15.2671064 ], [ 74.101363, 15.2673505 ], [ 74.1012187, 15.2674678 ], [ 74.1002693, 15.2682857 ], [ 74.0998921, 15.2691172 ], [ 74.099892, 15.2696279 ], [ 74.1001339, 15.270021 ], [ 74.1022463, 15.2711421 ], [ 74.1024137, 15.2715263 ], [ 74.1023946, 15.2738221 ], [ 74.1026085, 15.2744187 ], [ 74.1031854, 15.2754131 ], [ 74.1039808, 15.277153 ], [ 74.1058322, 15.2811167 ], [ 74.1065907, 15.281614 ], [ 74.1061035, 15.2824711 ], [ 74.1052499, 15.2839729 ], [ 74.1059103, 15.2860926 ], [ 74.1045559, 15.2869872 ], [ 74.1029034, 15.2888173 ], [ 74.1024952, 15.2890492 ], [ 74.1027775, 15.2893325 ], [ 74.1032568, 15.2896353 ], [ 74.1035779, 15.2899427 ], [ 74.1037826, 15.290467 ], [ 74.1047136, 15.2912353 ], [ 74.1049278, 15.2914567 ], [ 74.1053561, 15.2917187 ], [ 74.1057613, 15.2921435 ], [ 74.1061152, 15.2924553 ], [ 74.1064272, 15.29274 ], [ 74.1065855, 15.2930292 ], [ 74.1068323, 15.2933138 ], [ 74.1074795, 15.2938787 ], [ 74.1079777, 15.2938063 ], [ 74.1082851, 15.2938424 ], [ 74.1087275, 15.2939734 ], [ 74.1093654, 15.2939733 ], [ 74.1100778, 15.2939553 ], [ 74.1111906, 15.2936162 ], [ 74.1121545, 15.2935077 ], [ 74.1127692, 15.2934307 ], [ 74.1135001, 15.2934308 ], [ 74.1146364, 15.2935255 ], [ 74.1157724, 15.2933943 ], [ 74.116117, 15.2936383 ], [ 74.1168667, 15.2936381 ], [ 74.1181565, 15.2936154 ], [ 74.1190039, 15.2936379 ], [ 74.1196558, 15.2933757 ], [ 74.1202331, 15.2931677 ], [ 74.1212947, 15.2926254 ], [ 74.1218721, 15.2924399 ], [ 74.1224075, 15.2924399 ], [ 74.1231618, 15.2922907 ], [ 74.1238136, 15.2921052 ], [ 74.1243777, 15.2920209 ], [ 74.1247653, 15.2919014 ], [ 74.1259899, 15.2919239 ], [ 74.126721, 15.2918607 ], [ 74.127331, 15.2920188 ], [ 74.1280434, 15.2917025 ], [ 74.1285557, 15.2913456 ], [ 74.1290261, 15.2905908 ], [ 74.1292869, 15.2897006 ], [ 74.1294732, 15.2885573 ], [ 74.1294221, 15.2881099 ], [ 74.1300646, 15.2883495 ], [ 74.1309073, 15.2888193 ], [ 74.1316477, 15.2893571 ], [ 74.132644, 15.2905546 ], [ 74.1330584, 15.2908799 ], [ 74.1339757, 15.291038 ], [ 74.1341526, 15.2910922 ], [ 74.1345484, 15.2916932 ], [ 74.1352234, 15.2926783 ], [ 74.1357496, 15.293433 ], [ 74.1358707, 15.2939526 ], [ 74.1362199, 15.2945627 ], [ 74.1361965, 15.2954529 ], [ 74.1367553, 15.2952811 ], [ 74.1373559, 15.2953805 ], [ 74.1384921, 15.2959182 ], [ 74.1394746, 15.2964604 ], [ 74.1405689, 15.2968625 ], [ 74.141584, 15.2971878 ], [ 74.1426456, 15.2978429 ], [ 74.1431811, 15.2983716 ], [ 74.1437352, 15.2995509 ], [ 74.1439634, 15.3008931 ], [ 74.1439122, 15.3020815 ], [ 74.1434511, 15.3031346 ], [ 74.1432555, 15.3042056 ], [ 74.1429529, 15.305227 ], [ 74.1429296, 15.305742 ], [ 74.1437166, 15.3059318 ], [ 74.1446898, 15.3063565 ], [ 74.1455512, 15.3067902 ], [ 74.146003, 15.3070251 ], [ 74.1461892, 15.3088192 ], [ 74.1460169, 15.3103465 ], [ 74.1445268, 15.3131305 ], [ 74.1443078, 15.3139936 ], [ 74.1436977, 15.3161763 ], [ 74.1433019, 15.317514 ], [ 74.1429759, 15.3180473 ], [ 74.1433904, 15.3181151 ], [ 74.1440517, 15.3186483 ], [ 74.1446385, 15.3192131 ], [ 74.145011, 15.3198456 ], [ 74.1454348, 15.3206183 ], [ 74.1458632, 15.3211109 ], [ 74.1459052, 15.321251 ], [ 74.1459332, 15.3214046 ], [ 74.1459657, 15.3216713 ], [ 74.1459704, 15.3218836 ], [ 74.1459936, 15.3220193 ], [ 74.1460309, 15.3221368 ], [ 74.1460822, 15.3222226 ], [ 74.1461567, 15.3222994 ], [ 74.1463336, 15.3223626 ], [ 74.1465851, 15.3224801 ], [ 74.1466177, 15.3224891 ], [ 74.1470834, 15.3227195 ], [ 74.1471951, 15.3228054 ], [ 74.1472697, 15.3228822 ], [ 74.1473116, 15.3229591 ], [ 74.1473535, 15.3230087 ], [ 74.1473675, 15.3230675 ], [ 74.1474048, 15.3231081 ], [ 74.1474514, 15.3232302 ], [ 74.1476702, 15.3236956 ], [ 74.1478425, 15.3240978 ], [ 74.1478891, 15.324265 ], [ 74.1479497, 15.3244231 ], [ 74.1480615, 15.324658 ], [ 74.1480895, 15.3246671 ], [ 74.1481127, 15.3247169 ], [ 74.1481779, 15.3247395 ], [ 74.1481919, 15.3247575 ], [ 74.1482245, 15.3247756 ], [ 74.1482897, 15.3247891 ], [ 74.1483362, 15.3248207 ], [ 74.1483828, 15.3248253 ], [ 74.1484108, 15.3248478 ], [ 74.148583, 15.3248795 ], [ 74.1490861, 15.3250059 ], [ 74.1491652, 15.3250466 ], [ 74.1493562, 15.3252183 ], [ 74.1495331, 15.3254216 ], [ 74.149645, 15.3255346 ], [ 74.1497521, 15.3256702 ], [ 74.1498266, 15.3257424 ], [ 74.1499151, 15.3257515 ], [ 74.1500129, 15.3257514 ], [ 74.1505903, 15.3256701 ], [ 74.1507301, 15.32567 ], [ 74.1508419, 15.3256881 ], [ 74.1509257, 15.3257151 ], [ 74.1511446, 15.3258507 ], [ 74.1512052, 15.3258778 ], [ 74.1512983, 15.3259365 ], [ 74.1516801, 15.3260404 ], [ 74.1518012, 15.326054 ], [ 74.1520528, 15.3261083 ], [ 74.1522018, 15.3261714 ], [ 74.1522995, 15.3262437 ], [ 74.1523182, 15.3262799 ], [ 74.1523555, 15.326316 ], [ 74.1523975, 15.3264063 ], [ 74.1524114, 15.3264154 ], [ 74.1524207, 15.3265194 ], [ 74.1524114, 15.3267227 ], [ 74.1523788, 15.3267498 ], [ 74.1523462, 15.3268176 ], [ 74.1523136, 15.3268538 ], [ 74.1522252, 15.3270481 ], [ 74.1522112, 15.3270662 ], [ 74.1521646, 15.3271837 ], [ 74.1521552, 15.327265 ], [ 74.1521599, 15.3274278 ], [ 74.1521926, 15.3275046 ], [ 74.1522205, 15.3275452 ], [ 74.1523369, 15.3276582 ], [ 74.152593, 15.3277621 ], [ 74.1526537, 15.3277757 ], [ 74.1527374, 15.3277801 ], [ 74.1530402, 15.3278253 ], [ 74.1531986, 15.3278614 ], [ 74.1534734, 15.3279472 ], [ 74.1535665, 15.328006 ], [ 74.1535571, 15.328259 ], [ 74.1535618, 15.3283088 ], [ 74.153613, 15.3285257 ], [ 74.1536411, 15.3286024 ], [ 74.1537341, 15.3287742 ], [ 74.1537481, 15.3288329 ], [ 74.1537667, 15.3288691 ], [ 74.1538087, 15.3289233 ], [ 74.153888, 15.329 ], [ 74.1539298, 15.3290951 ], [ 74.1539717, 15.3291582 ], [ 74.1540089, 15.3291854 ], [ 74.1540742, 15.329217 ], [ 74.1544188, 15.3293479 ], [ 74.1547356, 15.329497 ], [ 74.1550383, 15.3297003 ], [ 74.1551128, 15.3297727 ], [ 74.1552432, 15.3299399 ], [ 74.1553457, 15.3301749 ], [ 74.1554854, 15.3306177 ], [ 74.1555693, 15.33083 ], [ 74.1556159, 15.3309204 ], [ 74.1557277, 15.3310695 ], [ 74.1557882, 15.3311192 ], [ 74.1558814, 15.331178 ], [ 74.1560211, 15.3312819 ], [ 74.1561701, 15.3314084 ], [ 74.1563145, 15.3315802 ], [ 74.1564915, 15.3319236 ], [ 74.1565194, 15.3320998 ], [ 74.1565613, 15.3322128 ], [ 74.156622, 15.3324296 ], [ 74.1566453, 15.3325517 ], [ 74.1566638, 15.3328544 ], [ 74.1566452, 15.3329358 ], [ 74.1565567, 15.3331754 ], [ 74.1565008, 15.3333967 ], [ 74.1564544, 15.3334917 ], [ 74.1564078, 15.3336137 ], [ 74.1563426, 15.3337358 ], [ 74.1563007, 15.3337854 ], [ 74.15597, 15.3340611 ], [ 74.1558768, 15.3341515 ], [ 74.1556067, 15.3343595 ], [ 74.1555369, 15.3344047 ], [ 74.1552342, 15.3345629 ], [ 74.1550292, 15.3346534 ], [ 74.1548894, 15.3347031 ], [ 74.1543306, 15.3348523 ], [ 74.1542142, 15.3348703 ], [ 74.1540232, 15.3348658 ], [ 74.1537158, 15.3348072 ], [ 74.1536366, 15.3348072 ], [ 74.1535015, 15.3348388 ], [ 74.1533059, 15.3349111 ], [ 74.1532314, 15.3349564 ], [ 74.1531336, 15.3350286 ], [ 74.1530218, 15.3351733 ], [ 74.1529426, 15.3352456 ], [ 74.1528867, 15.335318 ], [ 74.1528123, 15.3354581 ], [ 74.1526959, 15.3357382 ], [ 74.1526538, 15.3358195 ], [ 74.1525048, 15.3360546 ], [ 74.1524396, 15.3361405 ], [ 74.1518808, 15.3366467 ], [ 74.1517644, 15.3367597 ], [ 74.1516805, 15.3368546 ], [ 74.1516246, 15.3369857 ], [ 74.1516013, 15.3370761 ], [ 74.1515175, 15.3373201 ], [ 74.1514942, 15.3374195 ], [ 74.1514803, 15.3375596 ], [ 74.1514803, 15.3379483 ], [ 74.1514896, 15.33812 ], [ 74.1515408, 15.3384996 ], [ 74.1515921, 15.3387481 ], [ 74.1516014, 15.3390012 ], [ 74.1516107, 15.339078 ], [ 74.1516573, 15.3392882 ], [ 74.1518344, 15.3397513 ], [ 74.1521975, 15.3394847 ], [ 74.1525097, 15.3393355 ], [ 74.1529101, 15.3390778 ], [ 74.1532363, 15.3390101 ], [ 74.1536088, 15.3389241 ], [ 74.1539628, 15.3389376 ], [ 74.1544752, 15.3390324 ], [ 74.1551412, 15.339543 ], [ 74.1557095, 15.3399902 ], [ 74.1563197, 15.3404556 ], [ 74.1569439, 15.3408984 ], [ 74.1572512, 15.3411424 ], [ 74.1574795, 15.3414541 ], [ 74.1577869, 15.3419151 ], [ 74.1579267, 15.3420597 ], [ 74.1580524, 15.3420958 ], [ 74.1582807, 15.3420325 ], [ 74.1584996, 15.3418923 ], [ 74.1588954, 15.3416392 ], [ 74.1589932, 15.3415171 ], [ 74.1591609, 15.3412324 ], [ 74.1591702, 15.3410201 ], [ 74.1591748, 15.3409206 ], [ 74.1590351, 15.3406765 ], [ 74.1587184, 15.3405501 ], [ 74.1579359, 15.3402656 ], [ 74.1575167, 15.340017 ], [ 74.1573164, 15.3397596 ], [ 74.1572558, 15.3395246 ], [ 74.1571998, 15.3392489 ], [ 74.1571626, 15.3387744 ], [ 74.1571672, 15.3382727 ], [ 74.1571253, 15.3377847 ], [ 74.157074, 15.3373282 ], [ 74.1570228, 15.3368719 ], [ 74.1569901, 15.3366188 ], [ 74.1570181, 15.3363884 ], [ 74.1572044, 15.3362617 ], [ 74.1576468, 15.3362572 ], [ 74.158094, 15.3363384 ], [ 74.158378, 15.3365688 ], [ 74.1587647, 15.3371381 ], [ 74.1590907, 15.337477 ], [ 74.159496, 15.3376351 ], [ 74.159985, 15.3374994 ], [ 74.1601946, 15.337278 ], [ 74.1604834, 15.3368577 ], [ 74.1606137, 15.3367537 ], [ 74.1610748, 15.3366632 ], [ 74.161508, 15.3364643 ], [ 74.1617595, 15.3363423 ], [ 74.1621973, 15.3362427 ], [ 74.1624254, 15.3362246 ], [ 74.1629518, 15.3361386 ], [ 74.1636457, 15.3357996 ], [ 74.1639065, 15.3356639 ], [ 74.1641767, 15.3355418 ], [ 74.164349, 15.3355283 ], [ 74.1644561, 15.3356909 ], [ 74.164689, 15.3362602 ], [ 74.1650665, 15.337738 ], [ 74.1652808, 15.3383525 ], [ 74.1658304, 15.3387139 ], [ 74.1669157, 15.3388538 ], [ 74.1680475, 15.338962 ], [ 74.1685412, 15.3394545 ], [ 74.1691142, 15.3396712 ], [ 74.1696871, 15.3398699 ], [ 74.1703719, 15.3405838 ], [ 74.1709634, 15.3411531 ], [ 74.1711823, 15.3411756 ], [ 74.1712802, 15.3411575 ], [ 74.1713919, 15.3411213 ], [ 74.1715317, 15.3410354 ], [ 74.1717272, 15.340859 ], [ 74.1717691, 15.3407868 ], [ 74.1717785, 15.340719 ], [ 74.1717831, 15.3406196 ], [ 74.1717598, 15.340475 ], [ 74.1713779, 15.3401045 ], [ 74.1708514, 15.3396708 ], [ 74.1707443, 15.3394945 ], [ 74.1707862, 15.3393002 ], [ 74.1709958, 15.3390878 ], [ 74.1712333, 15.338943 ], [ 74.1717131, 15.3388435 ], [ 74.1722673, 15.3388072 ], [ 74.1727284, 15.3387846 ], [ 74.1731895, 15.3388658 ], [ 74.1739533, 15.3392271 ], [ 74.1746056, 15.339968 ], [ 74.1756865, 15.3417574 ], [ 74.1760032, 15.342051 ], [ 74.1773075, 15.3423127 ], [ 74.1789796, 15.3423756 ], [ 74.1796968, 15.3420364 ], [ 74.1797759, 15.3415302 ], [ 74.1792308, 15.340961 ], [ 74.1787882, 15.34022 ], [ 74.1789464, 15.3395691 ], [ 74.1795518, 15.3391668 ] ] ] } },
{ "type": "Feature", "properties": { "taluka": "Canacona", "subdt_lgd": 5619, "district_in_lgd_file": "South Goa", "district_2026": "Kushavati" }, "geometry": { "type": "MultiPolygon", "coordinates": [ [ [ [ 74.0863005, 14.8995007 ], [ 74.0855503, 14.8984404 ], [ 74.0852783, 14.8986328 ], [ 74.0851852, 14.8987819 ], [ 74.0850642, 14.8991435 ], [ 74.0851108, 14.8995593 ], [ 74.0853568, 14.8998442 ], [ 74.0856569, 14.8998695 ], [ 74.0860752, 14.8998289 ], [ 74.0865027, 14.8996527 ], [ 74.0865367, 14.8996122 ], [ 74.0863005, 14.8995007 ] ] ], [ [ [ 73.942458, 15.1108155 ], [ 73.9435739, 15.1091927 ], [ 73.9439553, 15.1087633 ], [ 73.9445319, 15.1082615 ], [ 73.944955, 15.1078591 ], [ 73.9465594, 15.1066883 ], [ 73.948136, 15.105558 ], [ 73.9488657, 15.1038042 ], [ 73.9491166, 15.1031309 ], [ 73.9493351, 15.1026608 ], [ 73.9504228, 15.1003737 ], [ 73.9511293, 15.0986562 ], [ 73.9522913, 15.0963872 ], [ 73.9527607, 15.0952301 ], [ 73.9534255, 15.0941994 ], [ 73.9543369, 15.0933994 ], [ 73.9547739, 15.0930738 ], [ 73.9554343, 15.092816 ], [ 73.9560665, 15.0917718 ], [ 73.9563035, 15.0911707 ], [ 73.9565684, 15.0906283 ], [ 73.9585535, 15.0881963 ], [ 73.9589068, 15.0876946 ], [ 73.9595812, 15.0876989 ], [ 73.9602743, 15.0879969 ], [ 73.9625537, 15.0892976 ], [ 73.9654053, 15.0908422 ], [ 73.9722439, 15.0943465 ], [ 73.9752909, 15.0955608 ], [ 73.9765236, 15.0959037 ], [ 73.9771982, 15.0961611 ], [ 73.9810826, 15.0978766 ], [ 73.9817152, 15.0977316 ], [ 73.9823895, 15.0976771 ], [ 73.9842592, 15.0974323 ], [ 73.9846266, 15.0973733 ], [ 73.9848637, 15.097215 ], [ 73.9860542, 15.0966857 ], [ 73.9866122, 15.0964007 ], [ 73.9873795, 15.0962287 ], [ 73.9886122, 15.0963726 ], [ 73.9898773, 15.0966432 ], [ 73.9911101, 15.0970718 ], [ 73.9921558, 15.0954805 ], [ 73.9935565, 15.0967994 ], [ 73.9961706, 15.0969788 ], [ 73.9967567, 15.0971773 ], [ 73.9989669, 15.0985771 ], [ 73.9997573, 15.0981609 ], [ 74.0002143, 15.0974916 ], [ 74.0010867, 15.0971552 ], [ 74.0015704, 15.0971239 ], [ 74.0019703, 15.0972281 ], [ 74.0020447, 15.0972598 ], [ 74.0022401, 15.097305 ], [ 74.0028539, 15.0975225 ], [ 74.0034211, 15.097681 ], [ 74.0041233, 15.0978893 ], [ 74.0044999, 15.0980072 ], [ 74.0060021, 15.0979945 ], [ 74.005198, 15.0971895 ], [ 74.0046588, 15.0965111 ], [ 74.0042919, 15.0956387 ], [ 74.0039716, 15.0946035 ], [ 74.0037116, 15.0939344 ], [ 74.0035306, 15.093184 ], [ 74.0034426, 15.0926643 ], [ 74.0036619, 15.0913944 ], [ 74.0036625, 15.0903278 ], [ 74.0036074, 15.0889628 ], [ 74.0034171, 15.0884112 ], [ 74.003111, 15.0871139 ], [ 74.003014, 15.0859976 ], [ 74.003112, 15.0852564 ], [ 74.0033777, 15.0841222 ], [ 74.0034849, 15.0837109 ], [ 74.0037593, 15.0836704 ], [ 74.0041315, 15.0834176 ], [ 74.0044851, 15.0830291 ], [ 74.0045973, 15.0821072 ], [ 74.0046863, 15.0810859 ], [ 74.0050169, 15.080277 ], [ 74.0054775, 15.079717 ], [ 74.0072414, 15.077178 ], [ 74.0081396, 15.0760577 ], [ 74.0094789, 15.0758235 ], [ 74.0124839, 15.0738639 ], [ 74.0130239, 15.0726981 ], [ 74.0142057, 15.0715509 ], [ 74.0169496, 15.0707073 ], [ 74.0142083, 15.066272 ], [ 74.0124044, 15.0659999 ], [ 74.0112236, 15.0653394 ], [ 74.0112053, 15.0647744 ], [ 74.0109453, 15.063938 ], [ 74.0101363, 15.0639558 ], [ 74.010397, 15.0635536 ], [ 74.0105551, 15.0633097 ], [ 74.0124776, 15.0593292 ], [ 74.0135062, 15.0573999 ], [ 74.0148889, 15.0539253 ], [ 74.0151455, 15.0521449 ], [ 74.0176098, 15.0519248 ], [ 74.0195021, 15.0521472 ], [ 74.0239152, 15.0505768 ], [ 74.0251846, 15.0505053 ], [ 74.0258492, 15.0509259 ], [ 74.0271371, 15.0510305 ], [ 74.0299968, 15.0505213 ], [ 74.0313687, 15.0499615 ], [ 74.0320382, 15.0498534 ], [ 74.0325636, 15.0498265 ], [ 74.033419, 15.0498677 ], [ 74.0346882, 15.0501621 ], [ 74.0360642, 15.0507683 ], [ 74.0371335, 15.0512071 ], [ 74.0376217, 15.051004 ], [ 74.0383193, 15.0507873 ], [ 74.0392725, 15.0504443 ], [ 74.0401327, 15.0502955 ], [ 74.040542, 15.0500607 ], [ 74.0409141, 15.0498304 ], [ 74.0422625, 15.0495282 ], [ 74.0436109, 15.0494202 ], [ 74.044736, 15.0492897 ], [ 74.0457776, 15.049019 ], [ 74.0464705, 15.0488159 ], [ 74.0473075, 15.0486942 ], [ 74.04867, 15.0481704 ], [ 74.0498002, 15.0477732 ], [ 74.0508004, 15.04715 ], [ 74.0520331, 15.0463731 ], [ 74.0527726, 15.0463147 ], [ 74.0534746, 15.0466087 ], [ 74.0538929, 15.0470472 ], [ 74.0540045, 15.0470745 ], [ 74.0543253, 15.047174 ], [ 74.0550272, 15.0479154 ], [ 74.0567055, 15.0488515 ], [ 74.057812, 15.0495162 ], [ 74.0589928, 15.0503527 ], [ 74.0599738, 15.0508051 ], [ 74.0612571, 15.0512529 ], [ 74.0622941, 15.0513934 ], [ 74.0626152, 15.0510365 ], [ 74.0631315, 15.0507157 ], [ 74.0640337, 15.0507387 ], [ 74.0648475, 15.0508745 ], [ 74.0658382, 15.0506037 ], [ 74.0670288, 15.0504097 ], [ 74.0681262, 15.0504236 ], [ 74.0687819, 15.0505232 ], [ 74.0697025, 15.0511337 ], [ 74.0703113, 15.0520106 ], [ 74.070925, 15.0525666 ], [ 74.0713387, 15.0528244 ], [ 74.0723665, 15.0530009 ], [ 74.0736314, 15.0530012 ], [ 74.0748406, 15.0527847 ], [ 74.0764821, 15.052317 ], [ 74.0768219, 15.0522202 ], [ 74.0784033, 15.0514389 ], [ 74.0795569, 15.0508833 ], [ 74.0800592, 15.05068 ], [ 74.0806127, 15.0505174 ], [ 74.081101, 15.050504 ], [ 74.0816962, 15.0507753 ], [ 74.0821425, 15.0510601 ], [ 74.0831282, 15.0513586 ], [ 74.083756, 15.0514537 ], [ 74.0842629, 15.0514041 ], [ 74.0857002, 15.0505095 ], [ 74.0868026, 15.0499268 ], [ 74.0878723, 15.049466 ], [ 74.0888165, 15.0490595 ], [ 74.089063, 15.0487703 ], [ 74.0898491, 15.0483908 ], [ 74.0912396, 15.0479075 ], [ 74.093035, 15.0468277 ], [ 74.0936723, 15.0459511 ], [ 74.0940354, 15.0445139 ], [ 74.0946773, 15.0438904 ], [ 74.0949937, 15.0433074 ], [ 74.0950868, 15.0429821 ], [ 74.0964496, 15.0416988 ], [ 74.0982214, 15.0412246 ], [ 74.1051013, 15.0539202 ], [ 74.1054499, 15.0544265 ], [ 74.1055894, 15.0545033 ], [ 74.1056592, 15.0545485 ], [ 74.1069193, 15.0556333 ], [ 74.1082817, 15.0567406 ], [ 74.111904, 15.0595022 ], [ 74.113262, 15.0596379 ], [ 74.1185869, 15.0615454 ], [ 74.1211029, 15.0622549 ], [ 74.1250837, 15.0635115 ], [ 74.1275486, 15.0649848 ], [ 74.1281672, 15.0652378 ], [ 74.1282788, 15.0652649 ], [ 74.1289485, 15.0651971 ], [ 74.1295996, 15.0650343 ], [ 74.1302089, 15.0650344 ], [ 74.130981, 15.0654999 ], [ 74.1317065, 15.0659337 ], [ 74.1327342, 15.0660964 ], [ 74.1334273, 15.0660421 ], [ 74.1339295, 15.0661235 ], [ 74.1350179, 15.0665979 ], [ 74.1361293, 15.0669232 ], [ 74.1369851, 15.066973 ], [ 74.1380409, 15.0668644 ], [ 74.1389059, 15.0664982 ], [ 74.1399291, 15.0664936 ], [ 74.1405989, 15.0664664 ], [ 74.1414081, 15.0659964 ], [ 74.142515, 15.0654991 ], [ 74.1430731, 15.0649342 ], [ 74.1434591, 15.0643331 ], [ 74.1440218, 15.0646448 ], [ 74.1445474, 15.0649792 ], [ 74.1458915, 15.0653587 ], [ 74.1479333, 15.0658782 ], [ 74.1497425, 15.0663932 ], [ 74.1502588, 15.0663931 ], [ 74.1509099, 15.0662077 ], [ 74.1522306, 15.065638 ], [ 74.1535236, 15.0653667 ], [ 74.1549699, 15.0653664 ], [ 74.1555095, 15.0653257 ], [ 74.1567931, 15.064991 ], [ 74.1573233, 15.0648961 ], [ 74.1578767, 15.0648553 ], [ 74.1585185, 15.0650721 ], [ 74.1591837, 15.0653432 ], [ 74.1597557, 15.0656911 ], [ 74.160072, 15.0657452 ], [ 74.1603511, 15.0657452 ], [ 74.1608115, 15.0656005 ], [ 74.1610858, 15.0654241 ], [ 74.1614625, 15.0652207 ], [ 74.1618671, 15.0652207 ], [ 74.1621881, 15.0652205 ], [ 74.1623877, 15.0652205 ], [ 74.1625741, 15.0652205 ], [ 74.1629926, 15.0648543 ], [ 74.1638668, 15.063896 ], [ 74.1647783, 15.0631818 ], [ 74.1650387, 15.0628699 ], [ 74.1657362, 15.0620969 ], [ 74.1658756, 15.0617715 ], [ 74.1667267, 15.0617983 ], [ 74.1671592, 15.0614277 ], [ 74.1680659, 15.0601666 ], [ 74.1692331, 15.0593121 ], [ 74.1700004, 15.0590814 ], [ 74.1703631, 15.0589458 ], [ 74.1704003, 15.0588283 ], [ 74.1704142, 15.0586927 ], [ 74.1705628, 15.0577572 ], [ 74.1707024, 15.057156 ], [ 74.1702651, 15.0568263 ], [ 74.1701628, 15.0567179 ], [ 74.1700046, 15.0564964 ], [ 74.1694324, 15.0556875 ], [ 74.1688556, 15.0546754 ], [ 74.1682042, 15.0530847 ], [ 74.1678228, 15.0523436 ], [ 74.1673717, 15.051946 ], [ 74.1650092, 15.0516528 ], [ 74.1643442, 15.0515716 ], [ 74.1637023, 15.0510294 ], [ 74.1625349, 15.0499496 ], [ 74.1618976, 15.0488966 ], [ 74.1616139, 15.0483318 ], [ 74.1616139, 15.0481148 ], [ 74.1620323, 15.0477261 ], [ 74.1623067, 15.0473917 ], [ 74.1626648, 15.0471249 ], [ 74.1631763, 15.0469034 ], [ 74.1637715, 15.0469032 ], [ 74.1647202, 15.0469437 ], [ 74.1653573, 15.0470384 ], [ 74.16612, 15.0471829 ], [ 74.1660872, 15.0462339 ], [ 74.1659662, 15.0447063 ], [ 74.167003, 15.0435989 ], [ 74.1695653, 15.0438694 ], [ 74.1705743, 15.0435709 ], [ 74.1717647, 15.0427888 ], [ 74.1735503, 15.0425353 ], [ 74.1748198, 15.042101 ], [ 74.1756195, 15.0413461 ], [ 74.1762702, 15.0403246 ], [ 74.1765771, 15.0400398 ], [ 74.1770188, 15.0398543 ], [ 74.1777304, 15.0397186 ], [ 74.17946, 15.0393882 ], [ 74.1806275, 15.0400386 ], [ 74.1816181, 15.0407976 ], [ 74.1819714, 15.0405624 ], [ 74.1825712, 15.040291 ], [ 74.1830264, 15.0401738 ], [ 74.1830455, 15.0401689 ], [ 74.1833757, 15.0401688 ], [ 74.1837291, 15.040223 ], [ 74.1843104, 15.0403448 ], [ 74.1852592, 15.0407377 ], [ 74.1866031, 15.0408727 ], [ 74.1871425, 15.0409901 ], [ 74.1883609, 15.0411253 ], [ 74.1890446, 15.0413374 ], [ 74.189942, 15.0412784 ], [ 74.1905652, 15.041355 ], [ 74.1909046, 15.04126 ], [ 74.1923229, 15.0413181 ], [ 74.193546, 15.0413539 ], [ 74.1948527, 15.0416879 ], [ 74.1955409, 15.0415655 ], [ 74.1966291, 15.0416239 ], [ 74.1989217, 15.0417133 ], [ 74.202149, 15.0418566 ], [ 74.2038604, 15.0420367 ], [ 74.2048741, 15.0421176 ], [ 74.2049718, 15.042104 ], [ 74.2063064, 15.0421577 ], [ 74.2081804, 15.0422382 ], [ 74.2100408, 15.0425944 ], [ 74.2118686, 15.043041 ], [ 74.2130544, 15.0433748 ], [ 74.2143333, 15.0436769 ], [ 74.2155425, 15.0439701 ], [ 74.216217, 15.0441687 ], [ 74.2166495, 15.0442859 ], [ 74.2172446, 15.0440642 ], [ 74.2177327, 15.0434765 ], [ 74.2181184, 15.0430243 ], [ 74.2186204, 15.0424049 ], [ 74.2198986, 15.0412428 ], [ 74.2221487, 15.0398768 ], [ 74.2237434, 15.0391438 ], [ 74.2247521, 15.0383524 ], [ 74.2258723, 15.0376197 ], [ 74.2272949, 15.0367919 ], [ 74.2279689, 15.0362672 ], [ 74.2283128, 15.0360455 ], [ 74.2285825, 15.0357743 ], [ 74.2289126, 15.0357741 ], [ 74.2292194, 15.0356655 ], [ 74.229912, 15.035064 ], [ 74.230558, 15.0344355 ], [ 74.2313478, 15.0332149 ], [ 74.2317289, 15.0327356 ], [ 74.2316636, 15.0323922 ], [ 74.2314353, 15.0314929 ], [ 74.2313834, 15.0302366 ], [ 74.231304, 15.0294096 ], [ 74.231327, 15.0288764 ], [ 74.2312988, 15.0282708 ], [ 74.2314377, 15.0272538 ], [ 74.2316181, 15.0253421 ], [ 74.2319284, 15.0230688 ], [ 74.2326149, 15.020036 ], [ 74.2326381, 15.0199094 ], [ 74.2333247, 15.0170032 ], [ 74.2342716, 15.0139477 ], [ 74.2344758, 15.0134008 ], [ 74.2345176, 15.0133329 ], [ 74.2345594, 15.0131658 ], [ 74.2345779, 15.0130527 ], [ 74.2349356, 15.012352 ], [ 74.2352559, 15.0113892 ], [ 74.2358038, 15.0102501 ], [ 74.2364728, 15.0093187 ], [ 74.2374486, 15.0083103 ], [ 74.2379737, 15.0076593 ], [ 74.2384057, 15.0071484 ], [ 74.2387171, 15.0068138 ], [ 74.2397577, 15.005245 ], [ 74.2411329, 15.0037076 ], [ 74.2424989, 15.0022561 ], [ 74.2434705, 15.0020656 ], [ 74.2442654, 15.0019703 ], [ 74.2453207, 15.001825 ], [ 74.2459669, 15.001689 ], [ 74.2466642, 15.001571 ], [ 74.247194, 15.0014666 ], [ 74.2475242, 15.0014574 ], [ 74.2478913, 15.0013622 ], [ 74.2483748, 15.0012355 ], [ 74.248742, 15.0011222 ], [ 74.2491278, 15.0010451 ], [ 74.2496858, 15.0010764 ], [ 74.2497834, 15.0010763 ], [ 74.2512699, 14.9996211 ], [ 74.2515964, 14.9993056 ], [ 74.2522245, 14.9988721 ], [ 74.2530015, 14.9982037 ], [ 74.2534232, 14.997674 ], [ 74.252649, 14.9956681 ], [ 74.2521707, 14.9946239 ], [ 74.2519338, 14.9939413 ], [ 74.2518643, 14.9936248 ], [ 74.2518644, 14.993426 ], [ 74.2519343, 14.9931278 ], [ 74.2521206, 14.9926805 ], [ 74.2524101, 14.9921949 ], [ 74.2524977, 14.992048 ], [ 74.2531305, 14.9913163 ], [ 74.2542752, 14.9900878 ], [ 74.2549916, 14.9893923 ], [ 74.2554568, 14.9890401 ], [ 74.2560196, 14.9888281 ], [ 74.2569405, 14.9885937 ], [ 74.2574195, 14.9884629 ], [ 74.2577032, 14.9882326 ], [ 74.2581825, 14.9876364 ], [ 74.2643205, 14.9785247 ], [ 74.2643169, 14.9785225 ], [ 74.2640415, 14.9783529 ], [ 74.2609887, 14.9764733 ], [ 74.2609878, 14.9764701 ], [ 74.2593541, 14.9708884 ], [ 74.2590988, 14.9700613 ], [ 74.2590977, 14.9700614 ], [ 74.255272, 14.9704203 ], [ 74.2552702, 14.9704163 ], [ 74.2545508, 14.9687577 ], [ 74.2534609, 14.9636557 ], [ 74.2537453, 14.9611187 ], [ 74.2525959, 14.9590938 ], [ 74.2525958, 14.9590939 ], [ 74.2517225, 14.9596376 ], [ 74.2509976, 14.9597849 ], [ 74.2502061, 14.9598636 ], [ 74.2495288, 14.959545 ], [ 74.2495278, 14.9595416 ], [ 74.2494156, 14.9591724 ], [ 74.2494141, 14.9591713 ], [ 74.2492344, 14.9590412 ], [ 74.248048, 14.961322 ], [ 74.2475463, 14.9619232 ], [ 74.2465238, 14.9620187 ], [ 74.2459473, 14.9617885 ], [ 74.2455941, 14.9618791 ], [ 74.2450923, 14.9623177 ], [ 74.2442794, 14.9633393 ], [ 74.2431361, 14.9638279 ], [ 74.2421834, 14.9641041 ], [ 74.241398, 14.9643168 ], [ 74.2405156, 14.9657542 ], [ 74.2398976, 14.9663104 ], [ 74.2391355, 14.9667265 ], [ 74.2387265, 14.966817 ], [ 74.2381547, 14.9666094 ], [ 74.2380849, 14.9665417 ], [ 74.2373926, 14.9671205 ], [ 74.2366998, 14.9668451 ], [ 74.2360349, 14.9662896 ], [ 74.2360329, 14.966286 ], [ 74.2353417, 14.9650111 ], [ 74.2353411, 14.9650105 ], [ 74.2349603, 14.9645956 ], [ 74.234221, 14.9641576 ], [ 74.2338398, 14.9640629 ], [ 74.2328637, 14.964122 ], [ 74.2328626, 14.964118 ], [ 74.2327659, 14.9637515 ], [ 74.2324303, 14.9617363 ], [ 74.2323601, 14.9609726 ], [ 74.2322156, 14.9599288 ], [ 74.2320479, 14.9593731 ], [ 74.2317408, 14.9587225 ], [ 74.2314524, 14.9580991 ], [ 74.2313818, 14.956165 ], [ 74.2314507, 14.9546828 ], [ 74.2317476, 14.9533676 ], [ 74.2309242, 14.9518542 ], [ 74.2309238, 14.9518537 ], [ 74.2298034, 14.9504991 ], [ 74.2296526, 14.9504572 ], [ 74.2272978, 14.9498042 ], [ 74.2259642, 14.9504555 ], [ 74.2240648, 14.9489581 ], [ 74.2239648, 14.9488793 ], [ 74.2200044, 14.9480223 ], [ 74.2175495, 14.9459536 ], [ 74.2136646, 14.9476904 ], [ 74.2136625, 14.9476862 ], [ 74.2116365, 14.9435427 ], [ 74.2126345, 14.9402708 ], [ 74.2126315, 14.9402688 ], [ 74.2091293, 14.9380622 ], [ 74.2091285, 14.9380592 ], [ 74.2088453, 14.9369236 ], [ 74.2088433, 14.936921 ], [ 74.2074829, 14.9351843 ], [ 74.2074812, 14.9351812 ], [ 74.2062924, 14.9330292 ], [ 74.2061713, 14.9322791 ], [ 74.2058642, 14.9312128 ], [ 74.2058623, 14.9312108 ], [ 74.2055046, 14.9308317 ], [ 74.2048367, 14.930124 ], [ 74.2048359, 14.9301217 ], [ 74.2042179, 14.9283393 ], [ 74.2042165, 14.9283379 ], [ 74.2015448, 14.9257237 ], [ 74.1999974, 14.9264111 ], [ 74.1926482, 14.9322547 ], [ 74.1916575, 14.9330424 ], [ 74.1946583, 14.9370868 ], [ 74.1946586, 14.937088 ], [ 74.1946607, 14.9370908 ], [ 74.1949493, 14.9382927 ], [ 74.194814, 14.9394664 ], [ 74.1947592, 14.9399422 ], [ 74.1933053, 14.9427398 ], [ 74.1917348, 14.9445478 ], [ 74.1912563, 14.9450088 ], [ 74.1881101, 14.9465189 ], [ 74.1859908, 14.9471341 ], [ 74.185275, 14.9472969 ], [ 74.1841319, 14.9478802 ], [ 74.1835835, 14.9483186 ], [ 74.183486, 14.9488067 ], [ 74.1821753, 14.9491097 ], [ 74.1814599, 14.9505197 ], [ 74.1800329, 14.9507501 ], [ 74.1797217, 14.9508003 ], [ 74.1797719, 14.9510995 ], [ 74.1798659, 14.9516589 ], [ 74.1790493, 14.9527523 ], [ 74.1783604, 14.9536747 ], [ 74.179069, 14.9558536 ], [ 74.1794581, 14.95705 ], [ 74.1776688, 14.9574435 ], [ 74.1770506, 14.9576064 ], [ 74.1762141, 14.9580946 ], [ 74.1755726, 14.9580947 ], [ 74.1747639, 14.9585332 ], [ 74.1738807, 14.9585831 ], [ 74.1731417, 14.9581178 ], [ 74.1723049, 14.9580728 ], [ 74.1713751, 14.9571918 ], [ 74.1703528, 14.9579556 ], [ 74.1696369, 14.957653 ], [ 74.168828, 14.9576893 ], [ 74.167801, 14.9582453 ], [ 74.1668946, 14.9585256 ], [ 74.1662764, 14.9583857 ], [ 74.1658952, 14.9581778 ], [ 74.165133, 14.9585711 ], [ 74.1636083, 14.9584809 ], [ 74.162725, 14.9572022 ], [ 74.1622927, 14.9568588 ], [ 74.1613166, 14.9566014 ], [ 74.1613151, 14.9565977 ], [ 74.1613142, 14.9565974 ], [ 74.1610083, 14.9558136 ], [ 74.1607726, 14.9555532 ], [ 74.1603682, 14.955526 ], [ 74.1596292, 14.9560594 ], [ 74.1591505, 14.9558516 ], [ 74.1591501, 14.9558485 ], [ 74.1591481, 14.9558476 ], [ 74.1591248, 14.9556398 ], [ 74.1594593, 14.9551064 ], [ 74.1594593, 14.9548266 ], [ 74.1592943, 14.9545772 ], [ 74.1589131, 14.9542519 ], [ 74.1589133, 14.9542502 ], [ 74.1589107, 14.9542479 ], [ 74.1589571, 14.9538775 ], [ 74.158769, 14.9535786 ], [ 74.1580996, 14.9530726 ], [ 74.1581005, 14.9530712 ], [ 74.1580972, 14.9530686 ], [ 74.1587191, 14.9521161 ], [ 74.1578158, 14.9512877 ], [ 74.1578164, 14.9512864 ], [ 74.1578134, 14.9512836 ], [ 74.1583107, 14.9502849 ], [ 74.1583106, 14.9499144 ], [ 74.1583337, 14.9493062 ], [ 74.157862, 14.9488881 ], [ 74.1578603, 14.9488848 ], [ 74.1578596, 14.9488842 ], [ 74.1574522, 14.9481012 ], [ 74.1568346, 14.9474061 ], [ 74.155812, 14.9468504 ], [ 74.1553332, 14.9464799 ], [ 74.1553313, 14.9464763 ], [ 74.1553308, 14.9464759 ], [ 74.1550704, 14.9459879 ], [ 74.1550425, 14.945292 ], [ 74.1550423, 14.944596 ], [ 74.1550193, 14.9440877 ], [ 74.1541616, 14.9434298 ], [ 74.1541616, 14.9434276 ], [ 74.1541592, 14.9434258 ], [ 74.1541591, 14.9432405 ], [ 74.1543264, 14.9428022 ], [ 74.1549491, 14.9424767 ], [ 74.1551403, 14.9423738 ], [ 74.1554698, 14.9421964 ], [ 74.1550852, 14.9412873 ], [ 74.1550202, 14.9411336 ], [ 74.1542356, 14.9407184 ], [ 74.1542353, 14.9407155 ], [ 74.1541891, 14.9403027 ], [ 74.1542588, 14.9398373 ], [ 74.1544493, 14.9394441 ], [ 74.1547936, 14.9393328 ], [ 74.1562386, 14.9388655 ], [ 74.1561873, 14.9377764 ], [ 74.1561982, 14.937649 ], [ 74.1562337, 14.9372342 ], [ 74.1567532, 14.9359545 ], [ 74.1569493, 14.9354718 ], [ 74.1569306, 14.9354218 ], [ 74.1567587, 14.9349611 ], [ 74.1567818, 14.934568 ], [ 74.1573412, 14.9344105 ], [ 74.1575208, 14.93436 ], [ 74.157688, 14.9340346 ], [ 74.1575207, 14.9333388 ], [ 74.1578962, 14.933002 ], [ 74.1581155, 14.9328054 ], [ 74.1581432, 14.9323214 ], [ 74.1581713, 14.9318291 ], [ 74.1581896, 14.9315085 ], [ 74.1585473, 14.9302251 ], [ 74.1587732, 14.929915 ], [ 74.1587843, 14.9298997 ], [ 74.1591421, 14.9296466 ], [ 74.1593791, 14.9293438 ], [ 74.1593791, 14.9289732 ], [ 74.1594998, 14.9284174 ], [ 74.1604525, 14.9282772 ], [ 74.1609777, 14.9280195 ], [ 74.1612658, 14.9276264 ], [ 74.1615491, 14.927301 ], [ 74.1625762, 14.9268851 ], [ 74.1628596, 14.9261439 ], [ 74.1631941, 14.9257507 ], [ 74.1635983, 14.9246752 ], [ 74.1636265, 14.9244638 ], [ 74.1636448, 14.9243272 ], [ 74.1635516, 14.9234913 ], [ 74.1641646, 14.9228259 ], [ 74.1641929, 14.9227952 ], [ 74.1641928, 14.9223569 ], [ 74.1642439, 14.9219141 ], [ 74.1648386, 14.9213129 ], [ 74.165029, 14.9208249 ], [ 74.1650684, 14.9202143 ], [ 74.1650754, 14.9201063 ], [ 74.1654099, 14.9194827 ], [ 74.1655749, 14.9191899 ], [ 74.1659117, 14.9185924 ], [ 74.1659477, 14.9181038 ], [ 74.1659508, 14.918062 ], [ 74.165958, 14.9179642 ], [ 74.1661948, 14.9165498 ], [ 74.1661922, 14.916547 ], [ 74.1633977, 14.9135015 ], [ 74.1630481, 14.9131205 ], [ 74.1621185, 14.91214 ], [ 74.156612, 14.9149425 ], [ 74.1534195, 14.9162895 ], [ 74.1534196, 14.917139 ], [ 74.1457239, 14.9189472 ], [ 74.1437211, 14.9214509 ], [ 74.1401474, 14.923227 ], [ 74.1350445, 14.9220929 ], [ 74.1298255, 14.9254686 ], [ 74.1284407, 14.9254912 ], [ 74.126893, 14.9251659 ], [ 74.1248668, 14.9252607 ], [ 74.1242254, 14.925324 ], [ 74.1242228, 14.9253202 ], [ 74.1239327, 14.9249015 ], [ 74.1204333, 14.9198515 ], [ 74.1204335, 14.9198512 ], [ 74.1204309, 14.9198475 ], [ 74.1211374, 14.918709 ], [ 74.1215964, 14.9179693 ], [ 74.1213547, 14.917809 ], [ 74.119978, 14.9168961 ], [ 74.116381, 14.9181025 ], [ 74.114615, 14.9183554 ], [ 74.1135927, 14.9172889 ], [ 74.1127562, 14.9177317 ], [ 74.1096193, 14.9169723 ], [ 74.1096179, 14.9169686 ], [ 74.1085135, 14.9139445 ], [ 74.1085126, 14.9139447 ], [ 74.1073239, 14.9141749 ], [ 74.104796, 14.9129003 ], [ 74.1033923, 14.9145225 ], [ 74.1016309, 14.9157875 ], [ 74.0960269, 14.9119638 ], [ 74.094526, 14.9109875 ], [ 74.0945241, 14.9109839 ], [ 74.092835, 14.9077336 ], [ 74.0908095, 14.9042989 ], [ 74.0902846, 14.9034086 ], [ 74.0902845, 14.9034086 ], [ 74.0881888, 14.9034309 ], [ 74.0865674, 14.9012751 ], [ 74.0857822, 14.9009044 ], [ 74.0853668, 14.9003174 ], [ 74.0852453, 14.9004586 ], [ 74.0847851, 14.9005264 ], [ 74.0840973, 14.9005263 ], [ 74.0836604, 14.9006753 ], [ 74.0835256, 14.900865 ], [ 74.0835256, 14.9009916 ], [ 74.0837113, 14.901561 ], [ 74.0838135, 14.9018006 ], [ 74.0840878, 14.9019996 ], [ 74.0842643, 14.9021758 ], [ 74.0842643, 14.9022753 ], [ 74.0841295, 14.9023837 ], [ 74.0840179, 14.9024063 ], [ 74.0837298, 14.9023746 ], [ 74.0835578, 14.9025689 ], [ 74.0834463, 14.9028175 ], [ 74.0833765, 14.9031383 ], [ 74.0834042, 14.9035631 ], [ 74.0834553, 14.9037619 ], [ 74.083762, 14.9040106 ], [ 74.0840688, 14.9042592 ], [ 74.0842128, 14.9044084 ], [ 74.0840175, 14.9050592 ], [ 74.0837245, 14.9058364 ], [ 74.0825483, 14.9074902 ], [ 74.0817626, 14.9084302 ], [ 74.0811072, 14.9090763 ], [ 74.0807725, 14.9091757 ], [ 74.0803635, 14.9091259 ], [ 74.0798709, 14.9088094 ], [ 74.0794248, 14.9086286 ], [ 74.0790947, 14.9086918 ], [ 74.0788902, 14.9088002 ], [ 74.078746, 14.9090488 ], [ 74.0785741, 14.9091662 ], [ 74.0782581, 14.9091119 ], [ 74.0776213, 14.9089853 ], [ 74.0771751, 14.9088541 ], [ 74.0766547, 14.9084246 ], [ 74.0764595, 14.9083477 ], [ 74.0761109, 14.9084155 ], [ 74.0758274, 14.9085555 ], [ 74.0753765, 14.9085374 ], [ 74.0749861, 14.9083882 ], [ 74.0746097, 14.9079542 ], [ 74.0741823, 14.9075248 ], [ 74.0739127, 14.9074253 ], [ 74.0734944, 14.9074252 ], [ 74.0729879, 14.9073392 ], [ 74.0725138, 14.9070499 ], [ 74.0720957, 14.9066204 ], [ 74.0716496, 14.9062723 ], [ 74.0713289, 14.906114 ], [ 74.070892, 14.9062089 ], [ 74.0705433, 14.9064755 ], [ 74.0703202, 14.9067058 ], [ 74.0701946, 14.9069227 ], [ 74.070176, 14.9072436 ], [ 74.0701667, 14.9076097 ], [ 74.0701571, 14.9079486 ], [ 74.0701339, 14.9081656 ], [ 74.0698271, 14.908274 ], [ 74.0695529, 14.9081473 ], [ 74.0692462, 14.9079846 ], [ 74.0688883, 14.9080252 ], [ 74.0685722, 14.908233 ], [ 74.0683863, 14.9083323 ], [ 74.0682375, 14.9082329 ], [ 74.0680842, 14.9080837 ], [ 74.06801, 14.9078668 ], [ 74.0680936, 14.9074916 ], [ 74.0680008, 14.9071933 ], [ 74.0677127, 14.9070126 ], [ 74.0675501, 14.906895 ], [ 74.0675826, 14.9066735 ], [ 74.0677036, 14.906407 ], [ 74.0676014, 14.9061674 ], [ 74.0673876, 14.9060769 ], [ 74.0672342, 14.9058917 ], [ 74.0670903, 14.9058283 ], [ 74.0670298, 14.9059412 ], [ 74.0670204, 14.9060633 ], [ 74.0669461, 14.9062531 ], [ 74.0667926, 14.9063209 ], [ 74.066602, 14.9063615 ], [ 74.0665695, 14.9065694 ], [ 74.0666902, 14.9068405 ], [ 74.0667135, 14.9070077 ], [ 74.0665368, 14.9070665 ], [ 74.06623, 14.907089 ], [ 74.0658954, 14.9072245 ], [ 74.0653933, 14.9076356 ], [ 74.0651376, 14.908092 ], [ 74.0648958, 14.9082591 ], [ 74.0644031, 14.9083494 ], [ 74.0640359, 14.908399 ], [ 74.0636779, 14.9086023 ], [ 74.063241, 14.9089366 ], [ 74.0628831, 14.9090585 ], [ 74.0624647, 14.9090585 ], [ 74.061921, 14.908986 ], [ 74.0614841, 14.9089768 ], [ 74.0608705, 14.9091438 ], [ 74.0605405, 14.9094918 ], [ 74.060308, 14.9098713 ], [ 74.060001, 14.9106215 ], [ 74.0597034, 14.9111682 ], [ 74.0594384, 14.9114392 ], [ 74.0586109, 14.9117373 ], [ 74.058132, 14.9120446 ], [ 74.0577648, 14.9123924 ], [ 74.0574578, 14.9129572 ], [ 74.0570905, 14.9134452 ], [ 74.0569046, 14.9134632 ], [ 74.0563328, 14.9134585 ], [ 74.0553708, 14.9131916 ], [ 74.0546969, 14.9131281 ], [ 74.0540555, 14.9132184 ], [ 74.0524612, 14.9133624 ], [ 74.0512341, 14.9135835 ], [ 74.0503044, 14.9138679 ], [ 74.0494165, 14.9142879 ], [ 74.0489564, 14.9143149 ], [ 74.0486682, 14.9141973 ], [ 74.0479757, 14.9141021 ], [ 74.04772, 14.9142015 ], [ 74.0472319, 14.91459 ], [ 74.0467996, 14.9148294 ], [ 74.0462277, 14.9151455 ], [ 74.0459208, 14.9154346 ], [ 74.0454002, 14.9156831 ], [ 74.0445448, 14.9160669 ], [ 74.044196, 14.9166 ], [ 74.0441308, 14.9171288 ], [ 74.0440003, 14.9178699 ], [ 74.0439491, 14.9181591 ], [ 74.043284, 14.9192978 ], [ 74.0428886, 14.9202015 ], [ 74.0427024, 14.920798 ], [ 74.0427022, 14.9212545 ], [ 74.0427949, 14.922086 ], [ 74.0428877, 14.9224838 ], [ 74.0431339, 14.9227144 ], [ 74.0435012, 14.9228817 ], [ 74.0440495, 14.9229722 ], [ 74.0443563, 14.9229725 ], [ 74.0445329, 14.9231307 ], [ 74.044979, 14.9233613 ], [ 74.0453881, 14.9233388 ], [ 74.0458901, 14.9234475 ], [ 74.046062, 14.9234882 ], [ 74.0461363, 14.92366 ], [ 74.0461641, 14.9237865 ], [ 74.0461641, 14.9240261 ], [ 74.0461361, 14.9243062 ], [ 74.0457362, 14.9246269 ], [ 74.04542, 14.9248573 ], [ 74.0453549, 14.9250155 ], [ 74.0453875, 14.925115 ], [ 74.0455221, 14.9254946 ], [ 74.0454058, 14.925594 ], [ 74.0449365, 14.9254945 ], [ 74.0448155, 14.9255939 ], [ 74.0447039, 14.9257611 ], [ 74.0447038, 14.925978 ], [ 74.0451638, 14.9263758 ], [ 74.0456099, 14.9267058 ], [ 74.0457029, 14.9267737 ], [ 74.045661, 14.9269544 ], [ 74.04554, 14.927108 ], [ 74.0449913, 14.9277722 ], [ 74.0447448, 14.9281789 ], [ 74.0447028, 14.9285946 ], [ 74.0448375, 14.928884 ], [ 74.0451117, 14.9291145 ], [ 74.0456555, 14.9292548 ], [ 74.0459112, 14.9291916 ], [ 74.0469014, 14.9289434 ], [ 74.0471849, 14.9290248 ], [ 74.047287, 14.9292328 ], [ 74.0472264, 14.9297254 ], [ 74.0472961, 14.9299152 ], [ 74.047612, 14.9302136 ], [ 74.0476352, 14.9303898 ], [ 74.0474585, 14.9305886 ], [ 74.0471005, 14.9309094 ], [ 74.0466542, 14.9313431 ], [ 74.0464402, 14.9316232 ], [ 74.0463564, 14.9319622 ], [ 74.0464074, 14.932274 ], [ 74.0465096, 14.9325407 ], [ 74.0467745, 14.9327215 ], [ 74.0470301, 14.9327397 ], [ 74.047653, 14.9326902 ], [ 74.047825, 14.9327535 ], [ 74.0478433, 14.93321 ], [ 74.0478573, 14.9333366 ], [ 74.0476388, 14.9335851 ], [ 74.0470483, 14.9339645 ], [ 74.0469459, 14.9342899 ], [ 74.0470479, 14.9349226 ], [ 74.0469966, 14.9353474 ], [ 74.0468615, 14.9361246 ], [ 74.0467728, 14.9371777 ], [ 74.046689, 14.9374895 ], [ 74.0463728, 14.9379141 ], [ 74.0459822, 14.9383434 ], [ 74.0459309, 14.9385919 ], [ 74.0458796, 14.939315 ], [ 74.04587, 14.9401466 ], [ 74.0458, 14.9408832 ], [ 74.0454511, 14.9415384 ], [ 74.0449628, 14.9418365 ], [ 74.0444282, 14.9419131 ], [ 74.0443492, 14.9419944 ], [ 74.0443166, 14.942252 ], [ 74.0443165, 14.9424012 ], [ 74.0445628, 14.9425956 ], [ 74.0452181, 14.943102 ], [ 74.0455202, 14.9433913 ], [ 74.0455433, 14.9435721 ], [ 74.0455433, 14.9437484 ], [ 74.0453711, 14.9439878 ], [ 74.0453711, 14.9440873 ], [ 74.0454315, 14.9442364 ], [ 74.04545, 14.9443359 ], [ 74.045408, 14.9445527 ], [ 74.0450313, 14.945086 ], [ 74.0447849, 14.945574 ], [ 74.0445942, 14.9458585 ], [ 74.0437666, 14.9460074 ], [ 74.0435201, 14.9462378 ], [ 74.0435294, 14.9464277 ], [ 74.0436827, 14.9465859 ], [ 74.0440732, 14.9466854 ], [ 74.04504, 14.946984 ], [ 74.0455001, 14.9471243 ], [ 74.0456628, 14.9473007 ], [ 74.0455744, 14.9475085 ], [ 74.0453883, 14.9476937 ], [ 74.0447002, 14.9481183 ], [ 74.044649, 14.9483171 ], [ 74.0447744, 14.9484483 ], [ 74.0449882, 14.9485748 ], [ 74.0454995, 14.9486744 ], [ 74.0462527, 14.948616 ], [ 74.0467734, 14.9483269 ], [ 74.0469174, 14.9486162 ], [ 74.0472568, 14.9486389 ], [ 74.0475217, 14.9487565 ], [ 74.0477959, 14.9488832 ], [ 74.0481631, 14.9490459 ], [ 74.0483909, 14.9490958 ], [ 74.0484187, 14.9492223 ], [ 74.0483769, 14.9493715 ], [ 74.0480838, 14.949751 ], [ 74.0478885, 14.9500762 ], [ 74.0478372, 14.9504107 ], [ 74.04793, 14.9510254 ], [ 74.0480087, 14.951753 ], [ 74.0479482, 14.9519789 ], [ 74.0478552, 14.9521597 ], [ 74.047725, 14.9524082 ], [ 74.0477435, 14.952589 ], [ 74.0479573, 14.9528151 ], [ 74.048264, 14.9530456 ], [ 74.048673, 14.9533079 ], [ 74.0491423, 14.9538278 ], [ 74.0493654, 14.9540764 ], [ 74.0494583, 14.9544109 ], [ 74.0494069, 14.955039 ], [ 74.0494253, 14.9554457 ], [ 74.0492486, 14.9558435 ], [ 74.0500569, 14.9572582 ], [ 74.0500197, 14.9575204 ], [ 74.0498987, 14.958031 ], [ 74.0495078, 14.9588534 ], [ 74.0488192, 14.9604666 ], [ 74.0481492, 14.9620527 ], [ 74.0479212, 14.9625632 ], [ 74.0474792, 14.9636387 ], [ 74.0473395, 14.9641358 ], [ 74.0470369, 14.9651481 ], [ 74.0467578, 14.9657987 ], [ 74.0463158, 14.9666618 ], [ 74.0456876, 14.9680987 ], [ 74.0451291, 14.9697074 ], [ 74.0449617, 14.9701231 ], [ 74.044701, 14.970941 ], [ 74.0445521, 14.9711805 ], [ 74.0442778, 14.9713024 ], [ 74.0435849, 14.9716004 ], [ 74.0431664, 14.9718941 ], [ 74.0431664, 14.9719573 ], [ 74.043264, 14.9720387 ], [ 74.0435057, 14.9721608 ], [ 74.0437846, 14.9722829 ], [ 74.043859, 14.9723462 ], [ 74.0439054, 14.9725722 ], [ 74.0438634, 14.9728388 ], [ 74.0437843, 14.9731372 ], [ 74.0437052, 14.9733811 ], [ 74.043426, 14.9739098 ], [ 74.0433097, 14.9742352 ], [ 74.043184, 14.974565 ], [ 74.0430349, 14.9752383 ], [ 74.0428302, 14.9759071 ], [ 74.042523, 14.976716 ], [ 74.0422066, 14.9772266 ], [ 74.0412853, 14.9792915 ], [ 74.0406291, 14.9809002 ], [ 74.0400384, 14.9814966 ], [ 74.0393828, 14.9815369 ], [ 74.0387924, 14.9813379 ], [ 74.0379508, 14.9815365 ], [ 74.0366442, 14.9818523 ], [ 74.0355423, 14.9817931 ], [ 74.0353563, 14.9820099 ], [ 74.0354584, 14.982349 ], [ 74.0360301, 14.9827876 ], [ 74.0368901, 14.9830455 ], [ 74.0377269, 14.9832853 ], [ 74.0385453, 14.9830461 ], [ 74.0387218, 14.9832541 ], [ 74.0392004, 14.9839548 ], [ 74.0391493, 14.9842304 ], [ 74.0389163, 14.9853647 ], [ 74.0388556, 14.9858618 ], [ 74.0386414, 14.986856 ], [ 74.0385855, 14.9871678 ], [ 74.0382456, 14.988162 ], [ 74.0375383, 14.9894813 ], [ 74.0372313, 14.9901003 ], [ 74.03678, 14.9908097 ], [ 74.0363055, 14.9914241 ], [ 74.0361705, 14.9916681 ], [ 74.0361286, 14.9918352 ], [ 74.0362216, 14.9919845 ], [ 74.0363285, 14.9920478 ], [ 74.0364772, 14.9920795 ], [ 74.0365842, 14.9920659 ], [ 74.0368074, 14.9919983 ], [ 74.0369469, 14.9919125 ], [ 74.0371515, 14.9918357 ], [ 74.0373143, 14.9918313 ], [ 74.0375886, 14.9918675 ], [ 74.0377931, 14.9919534 ], [ 74.037928, 14.9920529 ], [ 74.0381231, 14.9922925 ], [ 74.0382718, 14.9925277 ], [ 74.0385229, 14.9926768 ], [ 74.0387739, 14.9927086 ], [ 74.0390157, 14.9926001 ], [ 74.0393552, 14.9924015 ], [ 74.0395319, 14.9923744 ], [ 74.0397412, 14.9923654 ], [ 74.0400201, 14.9924469 ], [ 74.0401316, 14.9926367 ], [ 74.0402199, 14.9929441 ], [ 74.0402384, 14.993256 ], [ 74.0402102, 14.9935678 ], [ 74.0402984, 14.9941869 ], [ 74.0404052, 14.9944355 ], [ 74.0406004, 14.9946661 ], [ 74.0408189, 14.9948696 ], [ 74.04087, 14.9950322 ], [ 74.0410651, 14.9953804 ], [ 74.0410419, 14.9954346 ], [ 74.0409581, 14.9953983 ], [ 74.0407816, 14.9953305 ], [ 74.0406514, 14.9952446 ], [ 74.0400657, 14.9946253 ], [ 74.0398891, 14.9943043 ], [ 74.0397452, 14.9937076 ], [ 74.039778, 14.9932693 ], [ 74.0398664, 14.9929214 ], [ 74.0397875, 14.9928128 ], [ 74.0396387, 14.9927089 ], [ 74.0395365, 14.9926863 ], [ 74.0394714, 14.9927179 ], [ 74.039369, 14.9929528 ], [ 74.0392434, 14.9932194 ], [ 74.0391689, 14.9932917 ], [ 74.0390898, 14.9932645 ], [ 74.0389876, 14.993129 ], [ 74.03889, 14.9931334 ], [ 74.0388667, 14.9931515 ], [ 74.0387922, 14.9932373 ], [ 74.0385922, 14.9933367 ], [ 74.0383552, 14.9932191 ], [ 74.0381972, 14.9930111 ], [ 74.038016, 14.992758 ], [ 74.0378115, 14.9926043 ], [ 74.037672, 14.992559 ], [ 74.0374674, 14.9925724 ], [ 74.037063, 14.9926175 ], [ 74.0368071, 14.9926671 ], [ 74.0364678, 14.9926218 ], [ 74.0360679, 14.9925267 ], [ 74.0354495, 14.9922644 ], [ 74.0353194, 14.9923909 ], [ 74.0353286, 14.9925581 ], [ 74.0353565, 14.9926892 ], [ 74.0355098, 14.9928971 ], [ 74.0357421, 14.9933943 ], [ 74.0357652, 14.9935751 ], [ 74.0357418, 14.9938824 ], [ 74.0356254, 14.9942846 ], [ 74.0354486, 14.99461 ], [ 74.0352299, 14.9949172 ], [ 74.0350532, 14.9952199 ], [ 74.0350206, 14.995369 ], [ 74.0349553, 14.9957395 ], [ 74.0348343, 14.9958976 ], [ 74.0346668, 14.9961643 ], [ 74.0344388, 14.9964806 ], [ 74.0341784, 14.9968058 ], [ 74.033876, 14.9971401 ], [ 74.0335737, 14.9972937 ], [ 74.0332667, 14.9974924 ], [ 74.0330667, 14.9977183 ], [ 74.0328945, 14.9980527 ], [ 74.0327689, 14.9983102 ], [ 74.0325038, 14.9983823 ], [ 74.0322294, 14.9984365 ], [ 74.0319737, 14.9985087 ], [ 74.031769, 14.9985222 ], [ 74.0314017, 14.9984497 ], [ 74.031002, 14.9984495 ], [ 74.0307275, 14.998445 ], [ 74.030416, 14.9984087 ], [ 74.0301929, 14.9983453 ], [ 74.0297885, 14.9981598 ], [ 74.0294583, 14.9980602 ], [ 74.0292817, 14.9979653 ], [ 74.0290262, 14.9974817 ], [ 74.0285057, 14.996912 ], [ 74.0281244, 14.9967626 ], [ 74.0279339, 14.9967942 ], [ 74.0278081, 14.996993 ], [ 74.0277894, 14.9971828 ], [ 74.0280126, 14.9974496 ], [ 74.0283705, 14.9976982 ], [ 74.028719, 14.9980463 ], [ 74.0292071, 14.9984443 ], [ 74.0296997, 14.9988694 ], [ 74.0299042, 14.9992084 ], [ 74.0300252, 14.9997038 ], [ 74.0298058, 15.0000998 ], [ 74.0297453, 15.0003663 ], [ 74.0296613, 15.0006962 ], [ 74.0295682, 15.0008408 ], [ 74.0294705, 15.0009447 ], [ 74.0292334, 15.0010169 ], [ 74.0290846, 15.0010439 ], [ 74.0289358, 15.0010348 ], [ 74.0286848, 15.0009306 ], [ 74.0285361, 15.0009261 ], [ 74.0284058, 15.0010435 ], [ 74.0282662, 15.0012468 ], [ 74.0282196, 15.0013597 ], [ 74.0281034, 15.0014908 ], [ 74.0279917, 15.0015765 ], [ 74.0279266, 15.0015947 ], [ 74.0278197, 15.001599 ], [ 74.0277266, 15.00159 ], [ 74.0275825, 15.0015718 ], [ 74.0274618, 15.0015356 ], [ 74.0273223, 15.0014858 ], [ 74.027141, 15.001409 ], [ 74.0269273, 15.0012641 ], [ 74.0267321, 15.0010969 ], [ 74.0265417, 15.0009025 ], [ 74.0263697, 15.0007442 ], [ 74.0262536, 15.0006086 ], [ 74.026142, 15.0005091 ], [ 74.0261002, 15.0004684 ], [ 74.0260724, 15.0004639 ], [ 74.0260398, 15.0004683 ], [ 74.0259932, 15.0005361 ], [ 74.0259607, 15.0005812 ], [ 74.0259374, 15.0006354 ], [ 74.0259234, 15.0006807 ], [ 74.0259558, 15.0008886 ], [ 74.0258905, 15.0010829 ], [ 74.0258115, 15.001146 ], [ 74.0257045, 15.0012228 ], [ 74.0256209, 15.0012725 ], [ 74.0254907, 15.0012951 ], [ 74.0254302, 15.0012905 ], [ 74.0252861, 15.0012226 ], [ 74.0251421, 15.0011683 ], [ 74.0250444, 15.0011322 ], [ 74.0249561, 15.0011095 ], [ 74.0248539, 15.0010868 ], [ 74.0247655, 15.0011004 ], [ 74.0246957, 15.0011274 ], [ 74.0246354, 15.001159 ], [ 74.0245655, 15.0012267 ], [ 74.0245237, 15.0012674 ], [ 74.0244911, 15.0013397 ], [ 74.0244678, 15.0014119 ], [ 74.0244584, 15.0014888 ], [ 74.024463, 15.0015656 ], [ 74.0244909, 15.0016198 ], [ 74.0245931, 15.0017104 ], [ 74.0247046, 15.0017511 ], [ 74.0249929, 15.0017106 ], [ 74.0256949, 15.0016838 ], [ 74.0264342, 15.0017294 ], [ 74.0267828, 15.0018743 ], [ 74.0271312, 15.0021365 ], [ 74.0274891, 15.0024801 ], [ 74.0275307, 15.0026383 ], [ 74.0275632, 15.0027197 ], [ 74.0275817, 15.0029184 ], [ 74.02747, 15.0030811 ], [ 74.0273258, 15.003158 ], [ 74.0272421, 15.0031805 ], [ 74.0271399, 15.0031805 ], [ 74.0269678, 15.0031983 ], [ 74.0268841, 15.0032977 ], [ 74.0269166, 15.0033791 ], [ 74.0270374, 15.0035193 ], [ 74.0272, 15.0036776 ], [ 74.0274185, 15.003768 ], [ 74.0275438, 15.0038992 ], [ 74.0275299, 15.004098 ], [ 74.0274273, 15.0044821 ], [ 74.0271618, 15.0051508 ], [ 74.0269244, 15.0058104 ], [ 74.0264775, 15.0064157 ], [ 74.0257891, 15.0070616 ], [ 74.0252634, 15.0075042 ], [ 74.0245935, 15.0081049 ], [ 74.0241422, 15.0085159 ], [ 74.0237608, 15.0088229 ], [ 74.0232259, 15.0091842 ], [ 74.0225282, 15.0095725 ], [ 74.0219422, 15.0099156 ], [ 74.0213144, 15.0101909 ], [ 74.0208446, 15.0104347 ], [ 74.0204121, 15.010543 ], [ 74.0198029, 15.0107821 ], [ 74.0192915, 15.0108632 ], [ 74.0187426, 15.0109939 ], [ 74.018301, 15.0110298 ], [ 74.0176639, 15.0110927 ], [ 74.017292, 15.0111015 ], [ 74.0170269, 15.0110923 ], [ 74.0169619, 15.011169 ], [ 74.016985, 15.0112414 ], [ 74.0170779, 15.0113318 ], [ 74.0173243, 15.0115219 ], [ 74.017603, 15.0117434 ], [ 74.017733, 15.0120508 ], [ 74.0178164, 15.0124304 ], [ 74.0178673, 15.012783 ], [ 74.0179694, 15.0130633 ], [ 74.0180715, 15.0133435 ], [ 74.0182667, 15.0135244 ], [ 74.0184758, 15.01366 ], [ 74.0187221, 15.0137731 ], [ 74.0188616, 15.0138592 ], [ 74.018908, 15.0139902 ], [ 74.018945, 15.0141303 ], [ 74.0189403, 15.0142478 ], [ 74.0189123, 15.0143743 ], [ 74.0188936, 15.0144782 ], [ 74.0188703, 15.0145686 ], [ 74.0188238, 15.0146771 ], [ 74.0187772, 15.01479 ], [ 74.0187214, 15.0148758 ], [ 74.0186609, 15.0149662 ], [ 74.0186236, 15.0150475 ], [ 74.0185957, 15.0151063 ], [ 74.0186003, 15.0151605 ], [ 74.0186328, 15.0151921 ], [ 74.0186933, 15.0152057 ], [ 74.018749, 15.0152238 ], [ 74.0188235, 15.0152284 ], [ 74.0188793, 15.0151742 ], [ 74.0189304, 15.0150974 ], [ 74.0189909, 15.0149619 ], [ 74.0191212, 15.0149349 ], [ 74.0192607, 15.0149303 ], [ 74.0193583, 15.0149439 ], [ 74.0194745, 15.0149893 ], [ 74.0195674, 15.0150119 ], [ 74.0196419, 15.0150119 ], [ 74.0196791, 15.0149533 ], [ 74.0196932, 15.0148132 ], [ 74.0197258, 15.0145645 ], [ 74.019726, 15.0143839 ], [ 74.0197167, 15.0143024 ], [ 74.01974, 15.0142437 ], [ 74.0197866, 15.0141624 ], [ 74.0198238, 15.0141399 ], [ 74.0199959, 15.0141355 ], [ 74.0206096, 15.0141087 ], [ 74.020763, 15.0141088 ], [ 74.0208606, 15.0141178 ], [ 74.0209211, 15.0141857 ], [ 74.0209581, 15.0143755 ], [ 74.0209999, 15.0145337 ], [ 74.0210044, 15.0146964 ], [ 74.0209903, 15.014832 ], [ 74.0210413, 15.0149585 ], [ 74.0211017, 15.0151348 ], [ 74.0212039, 15.0152569 ], [ 74.0213062, 15.0153699 ], [ 74.0214548, 15.0155237 ], [ 74.0214966, 15.0157225 ], [ 74.0215243, 15.015935 ], [ 74.0215009, 15.0161518 ], [ 74.0214449, 15.0163507 ], [ 74.0213473, 15.0165449 ], [ 74.021296, 15.0167076 ], [ 74.0212308, 15.0168476 ], [ 74.0211703, 15.0169605 ], [ 74.0211143, 15.0170736 ], [ 74.0210399, 15.0171684 ], [ 74.0209143, 15.0172045 ], [ 74.0208074, 15.017227 ], [ 74.0207376, 15.0172405 ], [ 74.0206261, 15.0172224 ], [ 74.0205517, 15.0171998 ], [ 74.0204215, 15.0171454 ], [ 74.0202681, 15.0171047 ], [ 74.0201659, 15.0170459 ], [ 74.0200637, 15.0170142 ], [ 74.0200124, 15.0170323 ], [ 74.0199287, 15.017109 ], [ 74.0198403, 15.0171813 ], [ 74.0197426, 15.0172309 ], [ 74.0195148, 15.0172715 ], [ 74.0193194, 15.0173211 ], [ 74.0191521, 15.0173255 ], [ 74.0189335, 15.0173118 ], [ 74.0187848, 15.017244 ], [ 74.0187384, 15.0171626 ], [ 74.0187105, 15.0170314 ], [ 74.018706, 15.0169185 ], [ 74.0187666, 15.0167468 ], [ 74.0188132, 15.0165752 ], [ 74.0188458, 15.0164214 ], [ 74.0187948, 15.0162814 ], [ 74.0187019, 15.0161502 ], [ 74.0185438, 15.0161049 ], [ 74.0182416, 15.0161002 ], [ 74.0179812, 15.0161001 ], [ 74.0178185, 15.0161226 ], [ 74.0176883, 15.016118 ], [ 74.0176, 15.0160909 ], [ 74.0175489, 15.0160456 ], [ 74.0175071, 15.0159824 ], [ 74.0174886, 15.0158694 ], [ 74.017484, 15.0157609 ], [ 74.0174516, 15.0154716 ], [ 74.0174378, 15.0152412 ], [ 74.0174055, 15.0149113 ], [ 74.0173592, 15.0146853 ], [ 74.0172849, 15.0145496 ], [ 74.01722, 15.0143326 ], [ 74.0172016, 15.0140389 ], [ 74.0171181, 15.0137496 ], [ 74.0169648, 15.0135101 ], [ 74.0168719, 15.0134603 ], [ 74.0167604, 15.0134195 ], [ 74.0166859, 15.0133969 ], [ 74.0165744, 15.0133788 ], [ 74.0164813, 15.0133877 ], [ 74.0163698, 15.0134464 ], [ 74.0162162, 15.0134689 ], [ 74.016142, 15.0134191 ], [ 74.0161001, 15.0133468 ], [ 74.0161002, 15.01327 ], [ 74.0161422, 15.0131661 ], [ 74.0162025, 15.0130892 ], [ 74.0163283, 15.0129764 ], [ 74.0164306, 15.012868 ], [ 74.0164308, 15.0126601 ], [ 74.0163796, 15.0125878 ], [ 74.0162587, 15.012538 ], [ 74.0161519, 15.0124882 ], [ 74.0159985, 15.0124068 ], [ 74.0159568, 15.0122984 ], [ 74.015915, 15.0121266 ], [ 74.0158873, 15.0118553 ], [ 74.0157852, 15.0116249 ], [ 74.0156922, 15.011548 ], [ 74.0155901, 15.0115162 ], [ 74.0154459, 15.0114168 ], [ 74.0153809, 15.0113173 ], [ 74.0153206, 15.0111184 ], [ 74.015372, 15.0109151 ], [ 74.0154883, 15.0106666 ], [ 74.0154884, 15.0104678 ], [ 74.0154235, 15.0103548 ], [ 74.0153028, 15.0101559 ], [ 74.0151866, 15.0100338 ], [ 74.0149728, 15.0098754 ], [ 74.0147777, 15.0097443 ], [ 74.0144894, 15.0096401 ], [ 74.0143967, 15.0093915 ], [ 74.0142526, 15.0091926 ], [ 74.0140668, 15.0090524 ], [ 74.0138808, 15.0089936 ], [ 74.0136855, 15.0090025 ], [ 74.0133183, 15.0091198 ], [ 74.0131227, 15.0093591 ], [ 74.012997, 15.0095715 ], [ 74.0129038, 15.0098425 ], [ 74.0128525, 15.0101001 ], [ 74.0128198, 15.0103622 ], [ 74.0127406, 15.01057 ], [ 74.0126568, 15.0108321 ], [ 74.012545, 15.0110219 ], [ 74.0123356, 15.0112341 ], [ 74.0121635, 15.0113741 ], [ 74.0119681, 15.0115141 ], [ 74.0117076, 15.0117219 ], [ 74.0114519, 15.0119613 ], [ 74.0111169, 15.0122005 ], [ 74.0109078, 15.0123042 ], [ 74.010601, 15.0124533 ], [ 74.010322, 15.0125525 ], [ 74.010108, 15.0127241 ], [ 74.0098802, 15.0129228 ], [ 74.0096244, 15.0130311 ], [ 74.0093362, 15.013144 ], [ 74.0089363, 15.0132702 ], [ 74.0085969, 15.0134328 ], [ 74.0081738, 15.013672 ], [ 74.0079692, 15.01383 ], [ 74.0078342, 15.01397 ], [ 74.0077319, 15.0141326 ], [ 74.0076667, 15.0142818 ], [ 74.0076108, 15.0144986 ], [ 74.0075734, 15.0148873 ], [ 74.0074989, 15.0151494 ], [ 74.0074384, 15.0153979 ], [ 74.0073637, 15.015669 ], [ 74.0072428, 15.0158406 ], [ 74.0071266, 15.0159988 ], [ 74.0069824, 15.016071 ], [ 74.0068236, 15.0161282 ], [ 74.0066151, 15.0161702 ], [ 74.0064106, 15.0161474 ], [ 74.0062665, 15.0160887 ], [ 74.0060573, 15.015971 ], [ 74.0058436, 15.0159301 ], [ 74.005667, 15.0158804 ], [ 74.0055322, 15.0157989 ], [ 74.0054532, 15.0156995 ], [ 74.005351, 15.0155683 ], [ 74.0052255, 15.0154281 ], [ 74.0049701, 15.0151387 ], [ 74.0048028, 15.0150257 ], [ 74.0047005, 15.0149894 ], [ 74.0045565, 15.0149758 ], [ 74.0044309, 15.0149893 ], [ 74.0043101, 15.0150164 ], [ 74.0042079, 15.0150253 ], [ 74.0040544, 15.0150252 ], [ 74.0038451, 15.015025 ], [ 74.0036499, 15.0150883 ], [ 74.0034965, 15.0150384 ], [ 74.0033618, 15.0150383 ], [ 74.0032315, 15.0151286 ], [ 74.0031385, 15.0152957 ], [ 74.003064, 15.0155082 ], [ 74.0030127, 15.0157657 ], [ 74.0029614, 15.0160052 ], [ 74.0029194, 15.0163395 ], [ 74.0028588, 15.0166062 ], [ 74.0027332, 15.0168366 ], [ 74.0026122, 15.0170398 ], [ 74.0024679, 15.0172567 ], [ 74.00224, 15.017496 ], [ 74.002119, 15.01774 ], [ 74.0019423, 15.0179795 ], [ 74.0018492, 15.0181195 ], [ 74.0017236, 15.0182279 ], [ 74.0016027, 15.0183181 ], [ 74.001519, 15.018386 ], [ 74.0013655, 15.0184173 ], [ 74.0012307, 15.0184083 ], [ 74.0011098, 15.0183766 ], [ 74.0009334, 15.018259 ], [ 74.0007893, 15.0181369 ], [ 74.0007475, 15.0180193 ], [ 74.0007059, 15.0177888 ], [ 74.0006269, 15.0175989 ], [ 74.0004503, 15.017495 ], [ 74.0003156, 15.0174587 ], [ 74.0000505, 15.0174268 ], [ 73.999747, 15.0173892 ], [ 73.9996164, 15.0173959 ], [ 73.9995002, 15.0174773 ], [ 73.9991565, 15.0179068 ], [ 73.9990078, 15.0181464 ], [ 73.9989011, 15.0184086 ], [ 73.998878, 15.0185847 ], [ 73.9987897, 15.0188379 ], [ 73.9986318, 15.0191362 ], [ 73.9984506, 15.019394 ], [ 73.9982694, 15.0195748 ], [ 73.9978465, 15.019905 ], [ 73.9977211, 15.0199502 ], [ 73.9974282, 15.0199368 ], [ 73.997191, 15.0198826 ], [ 73.9968563, 15.0197744 ], [ 73.99674, 15.0197519 ], [ 73.9964935, 15.0195802 ], [ 73.9964191, 15.019508 ], [ 73.9963632, 15.0193906 ], [ 73.9963074, 15.0192098 ], [ 73.9962979, 15.0189477 ], [ 73.9962559, 15.0187444 ], [ 73.996107, 15.0183333 ], [ 73.9959999, 15.0181887 ], [ 73.9955767, 15.0178184 ], [ 73.9952882, 15.017457 ], [ 73.9950324, 15.0172222 ], [ 73.9948045, 15.0170597 ], [ 73.9940836, 15.0166308 ], [ 73.9938605, 15.0165405 ], [ 73.9934885, 15.0165001 ], [ 73.9932607, 15.0165092 ], [ 73.9928191, 15.0166088 ], [ 73.992661, 15.0166766 ], [ 73.9922614, 15.0168983 ], [ 73.9919826, 15.0171108 ], [ 73.9918664, 15.0172194 ], [ 73.9917223, 15.0173866 ], [ 73.991058, 15.0182682 ], [ 73.9909929, 15.0182999 ], [ 73.990914, 15.0183948 ], [ 73.9907048, 15.0184897 ], [ 73.9900726, 15.0185714 ], [ 73.9898262, 15.0186574 ], [ 73.989552, 15.0188428 ], [ 73.9894823, 15.0189151 ], [ 73.9894685, 15.0189829 ], [ 73.9894827, 15.0194122 ], [ 73.9897574, 15.0204604 ], [ 73.9898601, 15.0211202 ], [ 73.9898279, 15.0217664 ], [ 73.989647, 15.0224759 ], [ 73.9894473, 15.0229324 ], [ 73.9890061, 15.0238139 ], [ 73.9886715, 15.0242705 ], [ 73.9884997, 15.0243835 ], [ 73.988416, 15.0244649 ], [ 73.9881928, 15.0245147 ], [ 73.9879325, 15.0245013 ], [ 73.9874675, 15.0243479 ], [ 73.9872954, 15.0242576 ], [ 73.9870442, 15.0241628 ], [ 73.986849, 15.0241133 ], [ 73.9865887, 15.0241269 ], [ 73.9864864, 15.0241676 ], [ 73.9862679, 15.0242897 ], [ 73.9861193, 15.0244163 ], [ 73.9861146, 15.0244525 ], [ 73.9860821, 15.0245022 ], [ 73.9860542, 15.0246649 ], [ 73.9860636, 15.0247688 ], [ 73.9860869, 15.024823 ], [ 73.9861939, 15.0249179 ], [ 73.9865241, 15.025112 ], [ 73.9867985, 15.0253378 ], [ 73.9869333, 15.0253875 ], [ 73.9871752, 15.0254461 ], [ 73.9876773, 15.0254008 ], [ 73.987905, 15.0254006 ], [ 73.9880446, 15.0254232 ], [ 73.9881236, 15.0255631 ], [ 73.9881423, 15.0256626 ], [ 73.9881099, 15.0258795 ], [ 73.988017, 15.0261146 ], [ 73.9879381, 15.0262636 ], [ 73.9878405, 15.0263315 ], [ 73.9876452, 15.0264265 ], [ 73.9874501, 15.0264853 ], [ 73.9871618, 15.026603 ], [ 73.9869898, 15.0267025 ], [ 73.9868876, 15.0267342 ], [ 73.98679, 15.0268066 ], [ 73.9865948, 15.0270054 ], [ 73.9863951, 15.0272812 ], [ 73.9863485, 15.0273264 ], [ 73.9862834, 15.0273626 ], [ 73.9862742, 15.0275118 ], [ 73.9862975, 15.0276879 ], [ 73.9864139, 15.0278009 ], [ 73.986572, 15.0278641 ], [ 73.9866975, 15.027864 ], [ 73.9870973, 15.0277915 ], [ 73.9873577, 15.0277914 ], [ 73.9875669, 15.02785 ], [ 73.9878042, 15.027972 ], [ 73.9879343, 15.0280034 ], [ 73.9882876, 15.0279627 ], [ 73.9883714, 15.0279401 ], [ 73.9884596, 15.0278857 ], [ 73.988534, 15.0278902 ], [ 73.9888409, 15.0280121 ], [ 73.9890735, 15.0281385 ], [ 73.9893385, 15.0283192 ], [ 73.9895386, 15.0285178 ], [ 73.9896828, 15.0285991 ], [ 73.9898037, 15.0286352 ], [ 73.9899943, 15.0286487 ], [ 73.9902547, 15.0286938 ], [ 73.9903617, 15.0287524 ], [ 73.9904267, 15.0287705 ], [ 73.9906268, 15.0290189 ], [ 73.9907478, 15.0292268 ], [ 73.9908037, 15.0294029 ], [ 73.9909759, 15.0298005 ], [ 73.9910784, 15.0301078 ], [ 73.9911856, 15.0307313 ], [ 73.9911533, 15.0309618 ], [ 73.9911441, 15.0312194 ], [ 73.9911024, 15.0315584 ], [ 73.9911212, 15.0316351 ], [ 73.9910375, 15.0319199 ], [ 73.9910143, 15.0320509 ], [ 73.9909215, 15.0323311 ], [ 73.9907405, 15.0327606 ], [ 73.9905408, 15.0331764 ], [ 73.9903457, 15.0336464 ], [ 73.9901739, 15.0339945 ], [ 73.9900996, 15.0342657 ], [ 73.9899881, 15.0344871 ], [ 73.9899185, 15.0346814 ], [ 73.9898024, 15.0349302 ], [ 73.9897513, 15.0351425 ], [ 73.9897329, 15.0353594 ], [ 73.9896819, 15.0356171 ], [ 73.9895705, 15.0360058 ], [ 73.9892454, 15.0366657 ], [ 73.9890922, 15.0370589 ], [ 73.9890411, 15.0371177 ], [ 73.9889993, 15.0373888 ], [ 73.9888739, 15.0377912 ], [ 73.9886418, 15.0382431 ], [ 73.9884607, 15.0386815 ], [ 73.9883353, 15.0388985 ], [ 73.9882377, 15.03912 ], [ 73.9880891, 15.0393912 ], [ 73.9880287, 15.0395811 ], [ 73.9877919, 15.0400647 ], [ 73.987555, 15.0406974 ], [ 73.9874343, 15.0409506 ], [ 73.9871743, 15.0415969 ], [ 73.9870164, 15.0419314 ], [ 73.9868956, 15.0422614 ], [ 73.9867704, 15.0428443 ], [ 73.9866775, 15.0431201 ], [ 73.9864871, 15.0435405 ], [ 73.9864407, 15.0437439 ], [ 73.986306, 15.0441099 ], [ 73.9861993, 15.0444535 ], [ 73.985823, 15.0451857 ], [ 73.9855212, 15.0459631 ], [ 73.9853911, 15.0461936 ], [ 73.9851775, 15.0466728 ], [ 73.9850382, 15.0470298 ], [ 73.9846805, 15.0477214 ], [ 73.9845829, 15.047943 ], [ 73.9844482, 15.0481418 ], [ 73.9839604, 15.0491181 ], [ 73.9835516, 15.04976 ], [ 73.9833657, 15.0500087 ], [ 73.9830218, 15.0503614 ], [ 73.9826918, 15.0506236 ], [ 73.9824176, 15.0509446 ], [ 73.982306, 15.0510215 ], [ 73.9821991, 15.0511254 ], [ 73.9821527, 15.0512203 ], [ 73.9821061, 15.0512701 ], [ 73.9821016, 15.0513831 ], [ 73.9821622, 15.0515684 ], [ 73.9823186, 15.0515938 ], [ 73.9820274, 15.0518757 ], [ 73.9809774, 15.0533946 ], [ 73.9807405, 15.0540319 ], [ 73.9809777, 15.0539639 ], [ 73.9811915, 15.0538282 ], [ 73.9814842, 15.053557 ], [ 73.9817491, 15.0531502 ], [ 73.9819582, 15.0528653 ], [ 73.9827394, 15.0527701 ], [ 73.9833253, 15.052824 ], [ 73.983967, 15.0529052 ], [ 73.9842181, 15.0530135 ], [ 73.9843857, 15.053271 ], [ 73.9845533, 15.053664 ], [ 73.9849023, 15.0540435 ], [ 73.9854603, 15.054206 ], [ 73.9861347, 15.0544225 ], [ 73.9867486, 15.0546391 ], [ 73.9872788, 15.0547337 ], [ 73.9878323, 15.0549504 ], [ 73.9883579, 15.0551399 ], [ 73.988009, 15.0550633 ], [ 73.9878554, 15.0550001 ], [ 73.9876509, 15.054946 ], [ 73.9874927, 15.0549505 ], [ 73.9873673, 15.0549325 ], [ 73.9872323, 15.0549417 ], [ 73.9869673, 15.0549056 ], [ 73.9866371, 15.0548199 ], [ 73.986358, 15.054671 ], [ 73.9861162, 15.0545671 ], [ 73.9858232, 15.0544859 ], [ 73.9856744, 15.0544273 ], [ 73.9855162, 15.0544047 ], [ 73.9850419, 15.0542558 ], [ 73.9849488, 15.0542106 ], [ 73.9848883, 15.0541474 ], [ 73.9847953, 15.0541204 ], [ 73.9845161, 15.0537996 ], [ 73.9841997, 15.053375 ], [ 73.9839904, 15.0531672 ], [ 73.9836833, 15.0529595 ], [ 73.9836043, 15.0529234 ], [ 73.9835066, 15.0529325 ], [ 73.9832788, 15.0528964 ], [ 73.9830231, 15.0529056 ], [ 73.9827627, 15.0530187 ], [ 73.9821816, 15.0532042 ], [ 73.981768, 15.0535975 ], [ 73.9816146, 15.0537874 ], [ 73.9815494, 15.0539004 ], [ 73.9814426, 15.054009 ], [ 73.9814054, 15.0540768 ], [ 73.9811637, 15.0543209 ], [ 73.9808849, 15.0545018 ], [ 73.9807129, 15.054642 ], [ 73.9803966, 15.0546917 ], [ 73.9802944, 15.0546827 ], [ 73.9801502, 15.054588 ], [ 73.9800943, 15.0544931 ], [ 73.9800338, 15.0544434 ], [ 73.9799362, 15.0542537 ], [ 73.9799128, 15.0541181 ], [ 73.9799127, 15.0539373 ], [ 73.9799452, 15.053743 ], [ 73.9800566, 15.0534628 ], [ 73.9801775, 15.0532412 ], [ 73.980354, 15.0528254 ], [ 73.9804003, 15.0526989 ], [ 73.9804468, 15.0524684 ], [ 73.9804049, 15.0522244 ], [ 73.9802652, 15.0519759 ], [ 73.980121, 15.0517952 ], [ 73.9800279, 15.051714 ], [ 73.9798511, 15.0515965 ], [ 73.9796372, 15.0515017 ], [ 73.9794232, 15.0514294 ], [ 73.9788512, 15.0512807 ], [ 73.9780699, 15.0509963 ], [ 73.9771304, 15.0505448 ], [ 73.9768652, 15.050328 ], [ 73.9764094, 15.0498355 ], [ 73.9761629, 15.0495194 ], [ 73.9759581, 15.0493251 ], [ 73.975879, 15.0492212 ], [ 73.9758139, 15.0491896 ], [ 73.9757209, 15.0491128 ], [ 73.9753535, 15.0489277 ], [ 73.9752278, 15.0489232 ], [ 73.9750465, 15.0489415 ], [ 73.974921, 15.0490273 ], [ 73.9747352, 15.0492081 ], [ 73.9741821, 15.0498049 ], [ 73.9738845, 15.0500264 ], [ 73.9736289, 15.0501621 ], [ 73.973336, 15.0502843 ], [ 73.9729036, 15.050429 ], [ 73.972727, 15.0505059 ], [ 73.9724435, 15.0507321 ], [ 73.9722017, 15.0509717 ], [ 73.9721273, 15.0510801 ], [ 73.9721228, 15.0512157 ], [ 73.9721509, 15.0514643 ], [ 73.9723046, 15.0521692 ], [ 73.9723606, 15.0529012 ], [ 73.9723376, 15.0534435 ], [ 73.9721845, 15.0541576 ], [ 73.97218, 15.0542345 ], [ 73.971943, 15.0548989 ], [ 73.9717246, 15.0551972 ], [ 73.9715155, 15.0555407 ], [ 73.9712971, 15.0559973 ], [ 73.9711438, 15.0562367 ], [ 73.9708744, 15.0567883 ], [ 73.9706282, 15.0575294 ], [ 73.9705074, 15.0579905 ], [ 73.9704843, 15.0582706 ], [ 73.9704426, 15.0585372 ], [ 73.9703544, 15.0588356 ], [ 73.9700338, 15.0594142 ], [ 73.9696666, 15.0599295 ], [ 73.9694063, 15.060264 ], [ 73.9690624, 15.0606076 ], [ 73.9690206, 15.060689 ], [ 73.9689509, 15.0607477 ], [ 73.9688857, 15.0608292 ], [ 73.9685418, 15.0609332 ], [ 73.9683463, 15.0609559 ], [ 73.9680116, 15.0610282 ], [ 73.9676257, 15.0611549 ], [ 73.9673654, 15.0612725 ], [ 73.9672584, 15.0614173 ], [ 73.967212, 15.0615754 ], [ 73.9672306, 15.0616702 ], [ 73.9674028, 15.0619595 ], [ 73.967775, 15.062366 ], [ 73.9678123, 15.06247 ], [ 73.9678682, 15.062723 ], [ 73.9678823, 15.0630212 ], [ 73.967822, 15.0635184 ], [ 73.9678128, 15.0637669 ], [ 73.967771, 15.0639929 ], [ 73.9676874, 15.0642279 ], [ 73.9675852, 15.0644584 ], [ 73.9674644, 15.0646212 ], [ 73.9673574, 15.0647025 ], [ 73.9672506, 15.064811 ], [ 73.9671342, 15.0648698 ], [ 73.96686, 15.0649468 ], [ 73.9665716, 15.0650011 ], [ 73.9663578, 15.0650238 ], [ 73.9660834, 15.0650012 ], [ 73.9655951, 15.064902 ], [ 73.9652183, 15.064726 ], [ 73.9647858, 15.064577 ], [ 73.9643486, 15.0645274 ], [ 73.9640324, 15.0645275 ], [ 73.9638186, 15.0645502 ], [ 73.9634745, 15.0646543 ], [ 73.9633954, 15.0647131 ], [ 73.9633629, 15.0647718 ], [ 73.9633491, 15.0650837 ], [ 73.9634235, 15.0653367 ], [ 73.9634375, 15.0654406 ], [ 73.9634096, 15.065513 ], [ 73.9632795, 15.0656169 ], [ 73.9630191, 15.0656984 ], [ 73.9627727, 15.065703 ], [ 73.9626424, 15.0657482 ], [ 73.9626145, 15.0657934 ], [ 73.9625217, 15.0661911 ], [ 73.962438, 15.0663673 ], [ 73.9623265, 15.0664669 ], [ 73.9619963, 15.0666885 ], [ 73.9617825, 15.0668602 ], [ 73.9616803, 15.0669235 ], [ 73.9615873, 15.0669506 ], [ 73.9613083, 15.0669914 ], [ 73.9602945, 15.0670189 ], [ 73.9602016, 15.067037 ], [ 73.9598946, 15.0671411 ], [ 73.9597644, 15.0672224 ], [ 73.9595274, 15.0675841 ], [ 73.9594298, 15.0678281 ], [ 73.9593415, 15.0679366 ], [ 73.959323, 15.0680406 ], [ 73.9592485, 15.0680768 ], [ 73.9590254, 15.068244 ], [ 73.9585, 15.0685742 ], [ 73.9579886, 15.0688048 ], [ 73.9574492, 15.0691167 ], [ 73.9571796, 15.0692299 ], [ 73.9568727, 15.0692254 ], [ 73.9565657, 15.0691487 ], [ 73.9563611, 15.0691442 ], [ 73.9561564, 15.0691713 ], [ 73.9558727, 15.0692709 ], [ 73.9556263, 15.0693162 ], [ 73.9553519, 15.0692937 ], [ 73.9549055, 15.0691356 ], [ 73.9546868, 15.0691628 ], [ 73.9546171, 15.0691854 ], [ 73.9545846, 15.0692307 ], [ 73.9545614, 15.0693119 ], [ 73.9545893, 15.0694068 ], [ 73.9548313, 15.069791 ], [ 73.9552453, 15.0703558 ], [ 73.955343, 15.0704642 ], [ 73.9553663, 15.0705093 ], [ 73.955371, 15.0705591 ], [ 73.9554361, 15.0706945 ], [ 73.9554874, 15.0709521 ], [ 73.9554502, 15.0711871 ], [ 73.9553805, 15.0714222 ], [ 73.9552085, 15.0717431 ], [ 73.9551435, 15.0718155 ], [ 73.9549901, 15.0719285 ], [ 73.9547576, 15.0720415 ], [ 73.9542554, 15.0721186 ], [ 73.9536694, 15.0721006 ], [ 73.9531114, 15.0720646 ], [ 73.9527951, 15.0720692 ], [ 73.9524789, 15.0720964 ], [ 73.9521533, 15.0721598 ], [ 73.9517395, 15.0722006 ], [ 73.951135, 15.0723138 ], [ 73.9506932, 15.072454 ], [ 73.9501166, 15.0726891 ], [ 73.9496051, 15.0729288 ], [ 73.949103, 15.0732047 ], [ 73.9488705, 15.0732996 ], [ 73.9485868, 15.0733811 ], [ 73.9483031, 15.0734353 ], [ 73.9480846, 15.0734579 ], [ 73.9472102, 15.0734221 ], [ 73.9469033, 15.073377 ], [ 73.9465313, 15.0733635 ], [ 73.9456849, 15.0734315 ], [ 73.9454244, 15.0734271 ], [ 73.9450756, 15.0733865 ], [ 73.9446105, 15.0732737 ], [ 73.944299, 15.0732556 ], [ 73.9435967, 15.0731113 ], [ 73.9432898, 15.0730706 ], [ 73.9425457, 15.0730708 ], [ 73.9421969, 15.0731161 ], [ 73.9411925, 15.0734644 ], [ 73.9406065, 15.0737808 ], [ 73.9402951, 15.0740565 ], [ 73.9399696, 15.0742871 ], [ 73.9396162, 15.0745673 ], [ 73.9391978, 15.0749425 ], [ 73.9390351, 15.0750556 ], [ 73.9389606, 15.075155 ], [ 73.9388537, 15.0751867 ], [ 73.9388212, 15.0752409 ], [ 73.9386956, 15.0753358 ], [ 73.9386212, 15.0754262 ], [ 73.9385236, 15.0754714 ], [ 73.9384539, 15.0755302 ], [ 73.9382539, 15.0757698 ], [ 73.9380168, 15.0761223 ], [ 73.9377797, 15.0763754 ], [ 73.9375472, 15.0765381 ], [ 73.9373333, 15.0766648 ], [ 73.937031, 15.0767959 ], [ 73.9367241, 15.0769767 ], [ 73.936501, 15.0770626 ], [ 73.9357383, 15.0771487 ], [ 73.9351894, 15.0771262 ], [ 73.9347197, 15.0770675 ], [ 73.9337059, 15.0770452 ], [ 73.9331292, 15.0770814 ], [ 73.9328968, 15.0771312 ], [ 73.9327386, 15.0771899 ], [ 73.9325247, 15.0772939 ], [ 73.9321434, 15.0776375 ], [ 73.9320271, 15.0777821 ], [ 73.9317948, 15.078207 ], [ 73.931632, 15.078573 ], [ 73.9315019, 15.0789618 ], [ 73.9314369, 15.0792284 ], [ 73.9314229, 15.0793458 ], [ 73.931423, 15.0795944 ], [ 73.9314649, 15.080331 ], [ 73.9314975, 15.0805796 ], [ 73.9315441, 15.0807875 ], [ 73.9315674, 15.0810811 ], [ 73.931763, 15.0820437 ], [ 73.9317444, 15.0822652 ], [ 73.93167, 15.0824053 ], [ 73.9316467, 15.0824234 ], [ 73.9312886, 15.0824958 ], [ 73.9303074, 15.0825276 ], [ 73.9300655, 15.0826406 ], [ 73.9299818, 15.0826948 ], [ 73.9297866, 15.0829028 ], [ 73.9296378, 15.0830971 ], [ 73.9295587, 15.0831468 ], [ 73.9294843, 15.0831468 ], [ 73.9293308, 15.0831108 ], [ 73.928996, 15.0830656 ], [ 73.928675, 15.0830611 ], [ 73.92821, 15.0830974 ], [ 73.9279448, 15.0831607 ], [ 73.9277356, 15.0832601 ], [ 73.9273171, 15.0835991 ], [ 73.9271962, 15.0838568 ], [ 73.9270521, 15.0842409 ], [ 73.9269685, 15.0844217 ], [ 73.9265918, 15.0846838 ], [ 73.9263267, 15.0847743 ], [ 73.9261127, 15.0848014 ], [ 73.9256987, 15.0847021 ], [ 73.9256291, 15.0846659 ], [ 73.9253686, 15.0846885 ], [ 73.9251686, 15.0847474 ], [ 73.9249082, 15.0848513 ], [ 73.9246106, 15.0849418 ], [ 73.9243827, 15.0849735 ], [ 73.9240664, 15.0849555 ], [ 73.9238664, 15.0849961 ], [ 73.9235548, 15.0851634 ], [ 73.9232015, 15.0854481 ], [ 73.9230851, 15.0854707 ], [ 73.9228945, 15.0852583 ], [ 73.9228247, 15.0852177 ], [ 73.9226246, 15.085159 ], [ 73.9223131, 15.0851229 ], [ 73.9222712, 15.0851048 ], [ 73.9217269, 15.0845762 ], [ 73.9213363, 15.084165 ], [ 73.921271, 15.0840656 ], [ 73.9210618, 15.0838712 ], [ 73.9208339, 15.0837537 ], [ 73.920299, 15.0835324 ], [ 73.9198014, 15.0833562 ], [ 73.9192571, 15.0831348 ], [ 73.9190804, 15.0830355 ], [ 73.9188014, 15.0828457 ], [ 73.9185641, 15.0826423 ], [ 73.9179968, 15.0820503 ], [ 73.9178757, 15.0820052 ], [ 73.9178153, 15.0820233 ], [ 73.9177409, 15.0820775 ], [ 73.9176898, 15.0822085 ], [ 73.9176898, 15.0826289 ], [ 73.917727, 15.0829452 ], [ 73.9177224, 15.0830447 ], [ 73.9177084, 15.0830762 ], [ 73.9172713, 15.0831305 ], [ 73.9171783, 15.0831758 ], [ 73.9170899, 15.083248 ], [ 73.9169597, 15.0834108 ], [ 73.9169179, 15.0835328 ], [ 73.9168435, 15.0836775 ], [ 73.9166993, 15.0838808 ], [ 73.9165924, 15.0840842 ], [ 73.9164529, 15.0841474 ], [ 73.9163738, 15.0841429 ], [ 73.9162575, 15.0840751 ], [ 73.9160576, 15.083917 ], [ 73.9158483, 15.083804 ], [ 73.9157459, 15.0837227 ], [ 73.9156715, 15.0836956 ], [ 73.915383, 15.0836504 ], [ 73.9150667, 15.0836641 ], [ 73.9145549, 15.083592 ], [ 73.9142293, 15.0834656 ], [ 73.9140897, 15.0833842 ], [ 73.9137966, 15.0833481 ], [ 73.9135547, 15.0833844 ], [ 73.9132942, 15.0833527 ], [ 73.9132197, 15.0833573 ], [ 73.9131175, 15.0833979 ], [ 73.9130709, 15.0834386 ], [ 73.91295, 15.0834838 ], [ 73.9128756, 15.0835742 ], [ 73.9128384, 15.0836511 ], [ 73.9127781, 15.0839132 ], [ 73.912792, 15.0839854 ], [ 73.9128479, 15.0840985 ], [ 73.9129131, 15.0841932 ], [ 73.9130527, 15.0842836 ], [ 73.9131736, 15.0843242 ], [ 73.9133876, 15.0843694 ], [ 73.9140017, 15.0844597 ], [ 73.9142203, 15.0844777 ], [ 73.9145414, 15.0845409 ], [ 73.9147971, 15.0845408 ], [ 73.9150437, 15.0844865 ], [ 73.915239, 15.0844866 ], [ 73.9153414, 15.0845046 ], [ 73.915625, 15.0846356 ], [ 73.9162204, 15.0846265 ], [ 73.9162856, 15.0846355 ], [ 73.9163739, 15.0847214 ], [ 73.9164343, 15.0848886 ], [ 73.9165554, 15.0855665 ], [ 73.9166065, 15.0859822 ], [ 73.9166858, 15.0863935 ], [ 73.9166997, 15.0865516 ], [ 73.9167695, 15.0868906 ], [ 73.9168485, 15.0870488 ], [ 73.9168997, 15.0871933 ], [ 73.917123, 15.0873786 ], [ 73.9173044, 15.0875006 ], [ 73.9174253, 15.0875503 ], [ 73.9176067, 15.0876542 ], [ 73.9179834, 15.0877898 ], [ 73.9183603, 15.0879524 ], [ 73.9186997, 15.0881241 ], [ 73.9203695, 15.0887295 ], [ 73.9205556, 15.0887565 ], [ 73.9206578, 15.0887475 ], [ 73.9208114, 15.0886526 ], [ 73.9209508, 15.0885893 ], [ 73.9211601, 15.0886074 ], [ 73.9214485, 15.088657 ], [ 73.921616, 15.0886208 ], [ 73.9217926, 15.0885304 ], [ 73.9220904, 15.0884581 ], [ 73.9222066, 15.0884807 ], [ 73.9223136, 15.0885258 ], [ 73.9224066, 15.0886297 ], [ 73.922481, 15.0888015 ], [ 73.9225136, 15.08905 ], [ 73.9225183, 15.0893121 ], [ 73.9226021, 15.089737 ], [ 73.9226766, 15.0899222 ], [ 73.9227556, 15.0900126 ], [ 73.922937, 15.0901255 ], [ 73.9231882, 15.0902114 ], [ 73.9234812, 15.0902655 ], [ 73.923965, 15.0902655 ], [ 73.924058, 15.0902881 ], [ 73.9243091, 15.0904101 ], [ 73.9243743, 15.0904779 ], [ 73.9244627, 15.0907083 ], [ 73.9244674, 15.0907987 ], [ 73.9244302, 15.0910473 ], [ 73.9243652, 15.091332 ], [ 73.9243372, 15.0914268 ], [ 73.9243465, 15.0916709 ], [ 73.9244489, 15.0918833 ], [ 73.9245047, 15.0919782 ], [ 73.9245744, 15.0921545 ], [ 73.9246164, 15.0924346 ], [ 73.9246304, 15.0926108 ], [ 73.9247281, 15.0930582 ], [ 73.9248304, 15.093248 ], [ 73.9250863, 15.0936321 ], [ 73.9255747, 15.093971 ], [ 73.9262679, 15.0944047 ], [ 73.9264865, 15.0945223 ], [ 73.9270308, 15.0947435 ], [ 73.9273749, 15.0949785 ], [ 73.927547, 15.0951411 ], [ 73.927668, 15.095322 ], [ 73.9276448, 15.0954982 ], [ 73.9276262, 15.0955434 ], [ 73.9272448, 15.0959366 ], [ 73.9271844, 15.0960225 ], [ 73.9270636, 15.0963073 ], [ 73.9270542, 15.0964835 ], [ 73.9270961, 15.0967727 ], [ 73.9271893, 15.0971026 ], [ 73.9272358, 15.0974099 ], [ 73.9272358, 15.0975003 ], [ 73.9271987, 15.097663 ], [ 73.9269988, 15.0981601 ], [ 73.926864, 15.0987567 ], [ 73.9267896, 15.0989962 ], [ 73.9265757, 15.0994392 ], [ 73.9264456, 15.099647 ], [ 73.9262456, 15.1000358 ], [ 73.9261294, 15.1003431 ], [ 73.9261154, 15.1005103 ], [ 73.9261434, 15.1006413 ], [ 73.9263202, 15.1011113 ], [ 73.9263714, 15.1014367 ], [ 73.9263714, 15.1015542 ], [ 73.9263156, 15.1017576 ], [ 73.9261761, 15.1020243 ], [ 73.9260366, 15.1022322 ], [ 73.9259483, 15.1023361 ], [ 73.9258554, 15.1026254 ], [ 73.9258182, 15.1030457 ], [ 73.9257856, 15.1031903 ], [ 73.9257299, 15.1033349 ], [ 73.9257113, 15.1038727 ], [ 73.9256834, 15.1038953 ], [ 73.9252416, 15.1039271 ], [ 73.9248275, 15.1039994 ], [ 73.9241718, 15.1040311 ], [ 73.9239346, 15.1040673 ], [ 73.9235206, 15.1040991 ], [ 73.9230787, 15.1041894 ], [ 73.9228136, 15.1042663 ], [ 73.9226927, 15.1044019 ], [ 73.9226509, 15.1044788 ], [ 73.9225951, 15.1047273 ], [ 73.9225858, 15.1048403 ], [ 73.9226323, 15.1050031 ], [ 73.922851, 15.1052561 ], [ 73.9229906, 15.1055452 ], [ 73.9230091, 15.1056357 ], [ 73.9229581, 15.1061915 ], [ 73.922921, 15.1062864 ], [ 73.9228232, 15.1063316 ], [ 73.9227673, 15.1063362 ], [ 73.922386, 15.1062323 ], [ 73.9220603, 15.1061058 ], [ 73.9219814, 15.1060877 ], [ 73.9218139, 15.1060967 ], [ 73.9214046, 15.1061691 ], [ 73.9211999, 15.1061647 ], [ 73.920637, 15.1060654 ], [ 73.9202649, 15.105975 ], [ 73.9200835, 15.1059523 ], [ 73.9197719, 15.1059524 ], [ 73.9194138, 15.1059797 ], [ 73.9189905, 15.1059254 ], [ 73.9187392, 15.1059255 ], [ 73.9185718, 15.1060204 ], [ 73.9184927, 15.1060881 ], [ 73.9184696, 15.1061424 ], [ 73.9184787, 15.1062102 ], [ 73.9185579, 15.1062463 ], [ 73.9185858, 15.106287 ], [ 73.9186277, 15.1063142 ], [ 73.9190091, 15.1064496 ], [ 73.9191766, 15.1064948 ], [ 73.9193114, 15.1065581 ], [ 73.9197999, 15.1066122 ], [ 73.9202185, 15.1067071 ], [ 73.9209069, 15.1067342 ], [ 73.9212, 15.1068109 ], [ 73.9218651, 15.106951 ], [ 73.9225442, 15.1070457 ], [ 73.9228094, 15.1070548 ], [ 73.9229303, 15.1070728 ], [ 73.9230327, 15.107127 ], [ 73.9230838, 15.107136 ], [ 73.9232746, 15.1073258 ], [ 73.9235072, 15.1077416 ], [ 73.9238002, 15.1079313 ], [ 73.9239352, 15.107963 ], [ 73.9242887, 15.1079041 ], [ 73.9243631, 15.107877 ], [ 73.9245166, 15.107886 ], [ 73.9247259, 15.1079674 ], [ 73.9251585, 15.108252 ], [ 73.9252236, 15.108261 ], [ 73.9254888, 15.1082248 ], [ 73.9259074, 15.1081209 ], [ 73.9264051, 15.1080891 ], [ 73.9264888, 15.1081026 ], [ 73.9265911, 15.1081297 ], [ 73.9267353, 15.1081885 ], [ 73.9268656, 15.1082653 ], [ 73.9270238, 15.1083511 ], [ 73.9274657, 15.1087487 ], [ 73.9281914, 15.1092503 ], [ 73.9291034, 15.1101359 ], [ 73.9303174, 15.1102803 ], [ 73.9322898, 15.1111657 ], [ 73.933811, 15.1120512 ], [ 73.9360853, 15.1102792 ], [ 73.9365413, 15.1111648 ], [ 73.9369976, 15.1126426 ], [ 73.9377609, 15.1147077 ], [ 73.9382171, 15.11633 ], [ 73.9379103, 15.1169221 ], [ 73.9384876, 15.1168847 ], [ 73.9388962, 15.1159503 ], [ 73.9394727, 15.1149784 ], [ 73.9400911, 15.1136767 ], [ 73.94037, 15.113306 ], [ 73.9409839, 15.1125738 ], [ 73.942458, 15.1108155 ] ] ] ] } },
{ "type": "Feature", "properties": { "taluka": "Quepem", "subdt_lgd": 5617, "district_in_lgd_file": "South Goa", "district_2026": "Kushavati" }, "geometry": { "type": "Polygon", "coordinates": [ [ [ 74.1002693, 15.2682857 ], [ 74.1012187, 15.2674678 ], [ 74.101363, 15.2673505 ], [ 74.101619, 15.2671064 ], [ 74.1016981, 15.2668849 ], [ 74.1019261, 15.2667178 ], [ 74.1020425, 15.2665641 ], [ 74.1022054, 15.2663427 ], [ 74.1023637, 15.266058 ], [ 74.10255, 15.2658502 ], [ 74.1028059, 15.265683 ], [ 74.1029222, 15.2655925 ], [ 74.10302, 15.2655113 ], [ 74.1032712, 15.2652673 ], [ 74.1032619, 15.265308 ], [ 74.1034621, 15.2651137 ], [ 74.1035692, 15.2650459 ], [ 74.1036622, 15.2649961 ], [ 74.1038344, 15.2649556 ], [ 74.1039833, 15.264942 ], [ 74.1041182, 15.2649059 ], [ 74.1042904, 15.2648652 ], [ 74.1044206, 15.2648923 ], [ 74.1046116, 15.2649059 ], [ 74.1047698, 15.2649421 ], [ 74.1050908, 15.2650235 ], [ 74.1052629, 15.2650326 ], [ 74.1055561, 15.2651004 ], [ 74.1057422, 15.2651231 ], [ 74.1059702, 15.2651908 ], [ 74.1061005, 15.265218 ], [ 74.1063145, 15.2652541 ], [ 74.1065844, 15.2652813 ], [ 74.1067148, 15.2653175 ], [ 74.1069009, 15.2653084 ], [ 74.1072778, 15.2653085 ], [ 74.1075942, 15.2652814 ], [ 74.1078362, 15.2653086 ], [ 74.1081432, 15.2653854 ], [ 74.1086086, 15.2654895 ], [ 74.1087808, 15.265512 ], [ 74.1089809, 15.2655256 ], [ 74.1092461, 15.2655934 ], [ 74.1094229, 15.265616 ], [ 74.1100976, 15.2656432 ], [ 74.1103628, 15.2656432 ], [ 74.110535, 15.2655529 ], [ 74.1108002, 15.2654896 ], [ 74.1110562, 15.2654219 ], [ 74.1112704, 15.2653721 ], [ 74.1114797, 15.2653586 ], [ 74.1116426, 15.265309 ], [ 74.1118148, 15.2652682 ], [ 74.1119497, 15.2652186 ], [ 74.112108, 15.2651509 ], [ 74.1122709, 15.2650604 ], [ 74.1124151, 15.2649566 ], [ 74.1124802, 15.2648527 ], [ 74.1126151, 15.2647623 ], [ 74.1128153, 15.2646447 ], [ 74.1128432, 15.2646086 ], [ 74.1130294, 15.2645183 ], [ 74.1135179, 15.264324 ], [ 74.1137135, 15.2642336 ], [ 74.1139554, 15.2641794 ], [ 74.1141835, 15.2642834 ], [ 74.1143044, 15.2643602 ], [ 74.1146488, 15.2643376 ], [ 74.1148488, 15.2645184 ], [ 74.1149698, 15.2647128 ], [ 74.1150768, 15.2648393 ], [ 74.115128, 15.2649206 ], [ 74.1151931, 15.2650471 ], [ 74.1152629, 15.2651511 ], [ 74.115314, 15.2652551 ], [ 74.1153838, 15.2653861 ], [ 74.115528, 15.265594 ], [ 74.1155, 15.2658109 ], [ 74.115556, 15.2659419 ], [ 74.1157281, 15.2661499 ], [ 74.115863, 15.2663804 ], [ 74.1159421, 15.2665115 ], [ 74.116049, 15.2667058 ], [ 74.1160863, 15.2668233 ], [ 74.1162073, 15.2669408 ], [ 74.116468, 15.2672661 ], [ 74.1165472, 15.2673971 ], [ 74.1167242, 15.2675915 ], [ 74.1168545, 15.267745 ], [ 74.1169755, 15.2678761 ], [ 74.1172177, 15.2681472 ], [ 74.1175483, 15.2685087 ], [ 74.1176553, 15.26859 ], [ 74.1178974, 15.2688883 ], [ 74.118121, 15.2691954 ], [ 74.1183212, 15.2693129 ], [ 74.1185214, 15.2694168 ], [ 74.1187356, 15.2695613 ], [ 74.1188055, 15.2695614 ], [ 74.1189218, 15.2695839 ], [ 74.119122, 15.2695974 ], [ 74.119299, 15.2697014 ], [ 74.1194014, 15.2697285 ], [ 74.1195223, 15.2697013 ], [ 74.1197366, 15.2696516 ], [ 74.1200438, 15.2695612 ], [ 74.1202022, 15.269507 ], [ 74.1207887, 15.2692764 ], [ 74.1209656, 15.2691183 ], [ 74.1211099, 15.2688471 ], [ 74.1211891, 15.2688334 ], [ 74.1213659, 15.2686256 ], [ 74.121459, 15.2685217 ], [ 74.1215661, 15.2683816 ], [ 74.1216825, 15.2682143 ], [ 74.1217522, 15.2680697 ], [ 74.1219524, 15.2676404 ], [ 74.1221386, 15.2672925 ], [ 74.1221758, 15.2669942 ], [ 74.1223107, 15.266827 ], [ 74.1223247, 15.2666688 ], [ 74.1223527, 15.2665151 ], [ 74.1223527, 15.2665016 ], [ 74.1224318, 15.2663479 ], [ 74.1224457, 15.2662034 ], [ 74.1225574, 15.2659841 ], [ 74.1226691, 15.265765 ], [ 74.1227622, 15.2655435 ], [ 74.122804, 15.2654261 ], [ 74.1228552, 15.2653085 ], [ 74.1230415, 15.2647392 ], [ 74.1230692, 15.2644545 ], [ 74.123125, 15.2642331 ], [ 74.1231112, 15.2640795 ], [ 74.1230832, 15.2638851 ], [ 74.1231111, 15.263483 ], [ 74.123111, 15.2633022 ], [ 74.123111, 15.263135 ], [ 74.1231109, 15.2628864 ], [ 74.123083, 15.2627192 ], [ 74.1231388, 15.2627057 ], [ 74.1230317, 15.2624888 ], [ 74.1229479, 15.2622131 ], [ 74.1230177, 15.2619285 ], [ 74.1229758, 15.2617116 ], [ 74.1229478, 15.2611783 ], [ 74.1229244, 15.2609705 ], [ 74.1228546, 15.2606994 ], [ 74.122645, 15.2603605 ], [ 74.1225612, 15.2602205 ], [ 74.122454, 15.2600623 ], [ 74.1223377, 15.2599358 ], [ 74.1222818, 15.2597686 ], [ 74.1220816, 15.2595969 ], [ 74.1220443, 15.2594704 ], [ 74.1219605, 15.2593801 ], [ 74.1219093, 15.2592625 ], [ 74.1218161, 15.2590547 ], [ 74.1218301, 15.2589779 ], [ 74.1218953, 15.25877 ], [ 74.1219605, 15.2585621 ], [ 74.1221373, 15.2584085 ], [ 74.1225376, 15.2580966 ], [ 74.122682, 15.2578888 ], [ 74.1228449, 15.2577215 ], [ 74.1230403, 15.2575905 ], [ 74.1232405, 15.2574594 ], [ 74.1234546, 15.2573419 ], [ 74.1236968, 15.2572514 ], [ 74.1239248, 15.2570978 ], [ 74.1240831, 15.2570434 ], [ 74.1243204, 15.2569667 ], [ 74.1244695, 15.2569034 ], [ 74.1247115, 15.2569168 ], [ 74.1249116, 15.2569304 ], [ 74.125177, 15.2571744 ], [ 74.1257681, 15.2572015 ], [ 74.1260521, 15.2572647 ], [ 74.1262383, 15.2573415 ], [ 74.1264897, 15.2574455 ], [ 74.1266247, 15.2575359 ], [ 74.1267829, 15.2576036 ], [ 74.126876, 15.2576396 ], [ 74.1269971, 15.2576397 ], [ 74.127146, 15.2576036 ], [ 74.1273182, 15.2574996 ], [ 74.1275044, 15.2573685 ], [ 74.1276626, 15.257251 ], [ 74.1278488, 15.2571742 ], [ 74.1279977, 15.2570205 ], [ 74.1280768, 15.2568624 ], [ 74.128156, 15.2566952 ], [ 74.1282118, 15.2565551 ], [ 74.128263, 15.2563608 ], [ 74.128356, 15.2561528 ], [ 74.1284118, 15.2559812 ], [ 74.1284909, 15.2558411 ], [ 74.1285048, 15.2556965 ], [ 74.1285188, 15.2555158 ], [ 74.1285188, 15.2552581 ], [ 74.1285187, 15.2551949 ], [ 74.1284348, 15.2545081 ], [ 74.1284255, 15.2542731 ], [ 74.1283975, 15.2540652 ], [ 74.1283974, 15.2539478 ], [ 74.1283835, 15.2538077 ], [ 74.1283834, 15.2535592 ], [ 74.1283834, 15.2534326 ], [ 74.1284113, 15.2533151 ], [ 74.1284253, 15.2531479 ], [ 74.1284112, 15.2527955 ], [ 74.1283833, 15.2526689 ], [ 74.1284111, 15.2525108 ], [ 74.1284251, 15.2522532 ], [ 74.1284903, 15.252095 ], [ 74.1284251, 15.2518781 ], [ 74.1284741, 15.2515752 ], [ 74.1284901, 15.251476 ], [ 74.1284109, 15.250866 ], [ 74.1283038, 15.2506987 ], [ 74.1283549, 15.2505044 ], [ 74.1282618, 15.2502062 ], [ 74.1281548, 15.2500119 ], [ 74.1281826, 15.2498176 ], [ 74.1281313, 15.2496098 ], [ 74.1279964, 15.2494019 ], [ 74.1279311, 15.2492212 ], [ 74.1277822, 15.2489862 ], [ 74.1277681, 15.2484982 ], [ 74.1278611, 15.2481321 ], [ 74.1278891, 15.247992 ], [ 74.1279309, 15.247861 ], [ 74.1279961, 15.2477707 ], [ 74.1280473, 15.2476667 ], [ 74.1281404, 15.2475763 ], [ 74.1282892, 15.2475131 ], [ 74.1284475, 15.2474317 ], [ 74.1285406, 15.2474091 ], [ 74.1286104, 15.2473956 ], [ 74.1287966, 15.2473549 ], [ 74.1289828, 15.2473322 ], [ 74.1291131, 15.247409 ], [ 74.1293039, 15.2475356 ], [ 74.1295413, 15.2476666 ], [ 74.1296065, 15.2478112 ], [ 74.1296764, 15.2480281 ], [ 74.1298766, 15.2482992 ], [ 74.1299418, 15.2487013 ], [ 74.130007, 15.2488731 ], [ 74.1301001, 15.2490537 ], [ 74.130156, 15.2491938 ], [ 74.1302352, 15.2495327 ], [ 74.1303283, 15.2497135 ], [ 74.1304215, 15.2498942 ], [ 74.1305564, 15.2500388 ], [ 74.1306774, 15.2501789 ], [ 74.1307938, 15.2502557 ], [ 74.1308777, 15.2503371 ], [ 74.1309429, 15.2503732 ], [ 74.1312873, 15.2506216 ], [ 74.1315294, 15.2508385 ], [ 74.1317436, 15.2510193 ], [ 74.1319809, 15.2511638 ], [ 74.1321951, 15.2513084 ], [ 74.1324744, 15.251462 ], [ 74.1326885, 15.2515794 ], [ 74.1330236, 15.2517873 ], [ 74.133303, 15.2519002 ], [ 74.1335544, 15.252081 ], [ 74.1337964, 15.2521623 ], [ 74.1341176, 15.2522526 ], [ 74.1342898, 15.2522526 ], [ 74.134462, 15.2522254 ], [ 74.1346482, 15.2521757 ], [ 74.1347272, 15.2520944 ], [ 74.1349553, 15.252031 ], [ 74.1351834, 15.2519813 ], [ 74.1353044, 15.2518864 ], [ 74.1355976, 15.2517192 ], [ 74.1357308, 15.2517169 ], [ 74.1359559, 15.2515384 ], [ 74.1361281, 15.2512944 ], [ 74.1362351, 15.2509825 ], [ 74.1364072, 15.2507249 ], [ 74.1366352, 15.2503228 ], [ 74.1368912, 15.2499838 ], [ 74.1370354, 15.2498166 ], [ 74.1371564, 15.2496991 ], [ 74.1372355, 15.2496359 ], [ 74.1374788, 15.2494408 ], [ 74.137518, 15.2494124 ], [ 74.1380672, 15.2489017 ], [ 74.1385092, 15.2484134 ], [ 74.1386906, 15.2480698 ], [ 74.1387325, 15.2478619 ], [ 74.1387465, 15.2475635 ], [ 74.1387464, 15.2473285 ], [ 74.1386347, 15.2469759 ], [ 74.1384158, 15.2466776 ], [ 74.1379968, 15.2462708 ], [ 74.1377826, 15.2460086 ], [ 74.1377267, 15.2457148 ], [ 74.1377825, 15.2453984 ], [ 74.1379547, 15.2451046 ], [ 74.138206, 15.244856 ], [ 74.1383829, 15.2446345 ], [ 74.1387598, 15.2444039 ], [ 74.1391554, 15.2442094 ], [ 74.1395696, 15.244101 ], [ 74.1400862, 15.2439428 ], [ 74.1404214, 15.2439291 ], [ 74.1407331, 15.2439291 ], [ 74.1411847, 15.2440556 ], [ 74.1414314, 15.2441279 ], [ 74.1417946, 15.2442228 ], [ 74.141962, 15.2442725 ], [ 74.1421855, 15.2442725 ], [ 74.1425857, 15.2442453 ], [ 74.1427859, 15.2441414 ], [ 74.1431907, 15.2439469 ], [ 74.1434002, 15.2437345 ], [ 74.1436608, 15.243522 ], [ 74.1438608, 15.2429886 ], [ 74.1438421, 15.2423784 ], [ 74.1438744, 15.2416415 ], [ 74.143823, 15.2406336 ], [ 74.1438787, 15.2400504 ], [ 74.1439484, 15.2393634 ], [ 74.14406, 15.2388933 ], [ 74.1442135, 15.2386581 ], [ 74.1445485, 15.2384863 ], [ 74.1449535, 15.2383462 ], [ 74.1452188, 15.2384004 ], [ 74.1454654, 15.238545 ], [ 74.1456983, 15.2387349 ], [ 74.1461172, 15.2391371 ], [ 74.1464851, 15.2394941 ], [ 74.1465735, 15.2395755 ], [ 74.147174, 15.2398511 ], [ 74.1477511, 15.2398511 ], [ 74.148142, 15.2398194 ], [ 74.1483654, 15.2397064 ], [ 74.1485562, 15.2395346 ], [ 74.1487796, 15.239295 ], [ 74.1489424, 15.2389831 ], [ 74.1489424, 15.2386351 ], [ 74.1489422, 15.2381785 ], [ 74.1486674, 15.2373558 ], [ 74.1482763, 15.2367728 ], [ 74.1481793, 15.2366912 ], [ 74.1478386, 15.236357 ], [ 74.1473173, 15.2361174 ], [ 74.1463911, 15.2360859 ], [ 74.1458141, 15.2362577 ], [ 74.1452649, 15.2363572 ], [ 74.1448459, 15.2362262 ], [ 74.1445527, 15.2359957 ], [ 74.1442175, 15.2357516 ], [ 74.1441663, 15.2355482 ], [ 74.1441661, 15.2352454 ], [ 74.1441987, 15.2350511 ], [ 74.1444267, 15.2345041 ], [ 74.1443427, 15.2341967 ], [ 74.1440402, 15.2339617 ], [ 74.1438819, 15.2337086 ], [ 74.1437003, 15.2334374 ], [ 74.1434675, 15.2330622 ], [ 74.1432302, 15.2328227 ], [ 74.1430811, 15.232687 ], [ 74.1429136, 15.2326283 ], [ 74.1426808, 15.2325922 ], [ 74.1423272, 15.2326509 ], [ 74.1420386, 15.2326511 ], [ 74.1418245, 15.2326374 ], [ 74.1414522, 15.2326013 ], [ 74.1412893, 15.2325878 ], [ 74.1405725, 15.2321991 ], [ 74.1400511, 15.2318375 ], [ 74.1397114, 15.2315935 ], [ 74.1395019, 15.231363 ], [ 74.1392831, 15.2313043 ], [ 74.1389852, 15.2312048 ], [ 74.1387199, 15.2311732 ], [ 74.1381847, 15.2313178 ], [ 74.1378449, 15.2314897 ], [ 74.1374727, 15.2316931 ], [ 74.137119, 15.2316931 ], [ 74.1366582, 15.2315484 ], [ 74.1361089, 15.2313632 ], [ 74.1354433, 15.2310152 ], [ 74.1348477, 15.2308027 ], [ 74.1343169, 15.230396 ], [ 74.1339027, 15.2301654 ], [ 74.1332045, 15.2296456 ], [ 74.1326378, 15.2294061 ], [ 74.132376, 15.2293021 ], [ 74.1319013, 15.2289406 ], [ 74.1313241, 15.2285382 ], [ 74.1308353, 15.2281044 ], [ 74.1301232, 15.2274715 ], [ 74.1296345, 15.2269969 ], [ 74.1288478, 15.2261788 ], [ 74.1283125, 15.2256589 ], [ 74.1279446, 15.2246329 ], [ 74.1279446, 15.2235933 ], [ 74.1279444, 15.222644 ], [ 74.1279442, 15.2219525 ], [ 74.1280838, 15.2211207 ], [ 74.1282932, 15.2204743 ], [ 74.1285815, 15.2198958 ], [ 74.1286421, 15.2196652 ], [ 74.1287723, 15.2194889 ], [ 74.1288049, 15.2193578 ], [ 74.1288886, 15.2192132 ], [ 74.1290236, 15.2189104 ], [ 74.1292422, 15.2183543 ], [ 74.1293678, 15.2180876 ], [ 74.1294841, 15.2178571 ], [ 74.1295352, 15.2176854 ], [ 74.1295865, 15.2175543 ], [ 74.1296516, 15.2173103 ], [ 74.12974, 15.2169757 ], [ 74.1299074, 15.2166051 ], [ 74.1300702, 15.2163881 ], [ 74.1302051, 15.2160265 ], [ 74.130489, 15.2154931 ], [ 74.1308147, 15.2149596 ], [ 74.1315497, 15.2140421 ], [ 74.1323082, 15.2134544 ], [ 74.132848, 15.2130883 ], [ 74.1331784, 15.2127493 ], [ 74.1337414, 15.2121707 ], [ 74.1341136, 15.2117594 ], [ 74.1343834, 15.211339 ], [ 74.1345649, 15.2109773 ], [ 74.1347649, 15.2102044 ], [ 74.1350578, 15.2093682 ], [ 74.1355371, 15.2093953 ], [ 74.1367751, 15.2097748 ], [ 74.1382782, 15.2099736 ], [ 74.1398232, 15.2096571 ], [ 74.1409305, 15.2092276 ], [ 74.1426802, 15.2084771 ], [ 74.1434711, 15.2080703 ], [ 74.1438992, 15.2077673 ], [ 74.1445366, 15.207365 ], [ 74.1450019, 15.2070259 ], [ 74.1454625, 15.2066643 ], [ 74.1474305, 15.2048379 ], [ 74.1479934, 15.204205 ], [ 74.1484958, 15.2036309 ], [ 74.1490309, 15.2032557 ], [ 74.1497101, 15.2028533 ], [ 74.1506594, 15.2026227 ], [ 74.1511666, 15.2025954 ], [ 74.1517854, 15.202306 ], [ 74.1524089, 15.2019895 ], [ 74.1529439, 15.2014696 ], [ 74.1537115, 15.200778 ], [ 74.1542184, 15.2000864 ], [ 74.1552233, 15.1988205 ], [ 74.1562328, 15.1981604 ], [ 74.1572981, 15.1974371 ], [ 74.1585449, 15.1962888 ], [ 74.1590194, 15.1958276 ], [ 74.1594473, 15.1953937 ], [ 74.1599217, 15.1949461 ], [ 74.1602287, 15.1943177 ], [ 74.160554, 15.1930656 ], [ 74.1607864, 15.192374 ], [ 74.160977, 15.1918858 ], [ 74.1613305, 15.1912122 ], [ 74.1614049, 15.1912755 ], [ 74.1616561, 15.1912754 ], [ 74.1621587, 15.1912753 ], [ 74.162517, 15.1912301 ], [ 74.1632289, 15.1911757 ], [ 74.1638059, 15.1911439 ], [ 74.1647178, 15.1909539 ], [ 74.1653505, 15.1908091 ], [ 74.1658158, 15.190687 ], [ 74.1663183, 15.1906235 ], [ 74.166872, 15.1904427 ], [ 74.1677793, 15.1903792 ], [ 74.1682073, 15.1904016 ], [ 74.1687564, 15.1904648 ], [ 74.1694079, 15.1906365 ], [ 74.1700548, 15.1907945 ], [ 74.1704689, 15.19093 ], [ 74.1707947, 15.1909977 ], [ 74.171516, 15.1912416 ], [ 74.1718276, 15.1908844 ], [ 74.1719764, 15.1905183 ], [ 74.1720554, 15.1902606 ], [ 74.1721809, 15.1899126 ], [ 74.1725483, 15.189465 ], [ 74.1727294, 15.1885835 ], [ 74.1731115, 15.1882639 ], [ 74.1731249, 15.1882527 ], [ 74.1734084, 15.1877426 ], [ 74.173692, 15.1872815 ], [ 74.1740176, 15.1869063 ], [ 74.1742363, 15.1868339 ], [ 74.1745945, 15.1868338 ], [ 74.1748598, 15.1868924 ], [ 74.1750366, 15.1869059 ], [ 74.1752599, 15.1869059 ], [ 74.1754367, 15.1868064 ], [ 74.1754396, 15.1867936 ], [ 74.1754367, 15.1867522 ], [ 74.175497, 15.1863905 ], [ 74.1754968, 15.1858165 ], [ 74.1754966, 15.1852108 ], [ 74.1755043, 15.1850277 ], [ 74.1755196, 15.1846593 ], [ 74.1748817, 15.1835928 ], [ 74.1748443, 15.1829917 ], [ 74.1747045, 15.1824809 ], [ 74.1744064, 15.1818799 ], [ 74.173843, 15.1807636 ], [ 74.1737123, 15.179941 ], [ 74.1735861, 15.1784449 ], [ 74.1735021, 15.1776991 ], [ 74.1733622, 15.177098 ], [ 74.173269, 15.1764652 ], [ 74.1731246, 15.176045 ], [ 74.1730314, 15.1757647 ], [ 74.1725054, 15.1752902 ], [ 74.1721424, 15.1750644 ], [ 74.1718865, 15.1748836 ], [ 74.17137, 15.1746623 ], [ 74.1713281, 15.1746623 ], [ 74.170523, 15.1742738 ], [ 74.1690294, 15.1738402 ], [ 74.1682569, 15.1734923 ], [ 74.167517, 15.1731806 ], [ 74.1664794, 15.1728284 ], [ 74.1654743, 15.1725754 ], [ 74.1645484, 15.1724627 ], [ 74.1635853, 15.1722233 ], [ 74.1623849, 15.1720834 ], [ 74.1606819, 15.1718984 ], [ 74.1599097, 15.1718082 ], [ 74.1583975, 15.1716503 ], [ 74.1581229, 15.1716029 ], [ 74.1577694, 15.1715419 ], [ 74.1573088, 15.1714381 ], [ 74.1567085, 15.1712663 ], [ 74.156057, 15.1708732 ], [ 74.1555822, 15.1702314 ], [ 74.1553403, 15.1698519 ], [ 74.1551726, 15.1694767 ], [ 74.1550145, 15.1692643 ], [ 74.1546282, 15.1690022 ], [ 74.1544467, 15.1688847 ], [ 74.1541768, 15.1687446 ], [ 74.1536509, 15.1684916 ], [ 74.153088, 15.1682069 ], [ 74.1524599, 15.1679359 ], [ 74.151855, 15.1676918 ], [ 74.1513431, 15.1674659 ], [ 74.150152, 15.1669372 ], [ 74.1496959, 15.166743 ], [ 74.1487421, 15.1663996 ], [ 74.1477048, 15.1667748 ], [ 74.1465463, 15.1673038 ], [ 74.1454718, 15.1677379 ], [ 74.1443088, 15.1680318 ], [ 74.1441734, 15.1680495 ], [ 74.1436528, 15.1681177 ], [ 74.1421408, 15.1683575 ], [ 74.1411033, 15.1685157 ], [ 74.1398054, 15.1689587 ], [ 74.1381399, 15.1694199 ], [ 74.1364465, 15.170003 ], [ 74.1334783, 15.1707807 ], [ 74.1313383, 15.1714136 ], [ 74.1308591, 15.1712011 ], [ 74.1300075, 15.1704508 ], [ 74.129277, 15.169791 ], [ 74.1288256, 15.1693842 ], [ 74.1285841, 15.1692727 ], [ 74.1285511, 15.1692576 ], [ 74.1276857, 15.1694114 ], [ 74.1272531, 15.1695786 ], [ 74.1266018, 15.1696916 ], [ 74.1255176, 15.1688554 ], [ 74.1247034, 15.1683809 ], [ 74.1244242, 15.1677797 ], [ 74.1234379, 15.1679379 ], [ 74.1225307, 15.1682904 ], [ 74.1211815, 15.1690677 ], [ 74.1201628, 15.1700215 ], [ 74.1193115, 15.1716306 ], [ 74.1188743, 15.1728509 ], [ 74.1177809, 15.17333 ], [ 74.1168784, 15.1739537 ], [ 74.1160084, 15.1747809 ], [ 74.115478, 15.1750837 ], [ 74.1147709, 15.1759469 ], [ 74.1146221, 15.1765661 ], [ 74.1144407, 15.1778046 ], [ 74.1142034, 15.1786543 ], [ 74.1140592, 15.1792194 ], [ 74.1136591, 15.1798024 ], [ 74.1129147, 15.1800509 ], [ 74.1122587, 15.1801549 ], [ 74.1117469, 15.1804577 ], [ 74.1110955, 15.1808102 ], [ 74.1105278, 15.1817639 ], [ 74.1091972, 15.1832101 ], [ 74.108504, 15.1843944 ], [ 74.1078247, 15.1854474 ], [ 74.1069034, 15.1870791 ], [ 74.1062939, 15.1882723 ], [ 74.1068197, 15.1897459 ], [ 74.1052052, 15.1893615 ], [ 74.1032322, 15.188855 ], [ 74.1021109, 15.1887646 ], [ 74.101292, 15.1881678 ], [ 74.1002823, 15.1875348 ], [ 74.0974161, 15.1878102 ], [ 74.0969228, 15.188687 ], [ 74.0965877, 15.1894825 ], [ 74.095792, 15.1891976 ], [ 74.0935727, 15.1886683 ], [ 74.0931166, 15.1885779 ], [ 74.0916603, 15.1878588 ], [ 74.0897667, 15.1853726 ], [ 74.0883337, 15.1850965 ], [ 74.0871845, 15.1844544 ], [ 74.0873381, 15.1835776 ], [ 74.087366, 15.1829448 ], [ 74.0876221, 15.1825923 ], [ 74.0875616, 15.1819459 ], [ 74.0866217, 15.1819819 ], [ 74.0853748, 15.1820946 ], [ 74.0838487, 15.1814932 ], [ 74.0822016, 15.1809188 ], [ 74.0794984, 15.1813792 ], [ 74.0779028, 15.1791775 ], [ 74.0752461, 15.1783858 ], [ 74.0735854, 15.1768666 ], [ 74.0715523, 15.1763011 ], [ 74.0690815, 15.1775071 ], [ 74.0660481, 15.1761458 ], [ 74.0662949, 15.1754542 ], [ 74.066579, 15.1741751 ], [ 74.0668211, 15.1731673 ], [ 74.0669935, 15.1723808 ], [ 74.0670122, 15.1719425 ], [ 74.0672171, 15.1709663 ], [ 74.0676407, 15.1700036 ], [ 74.0677711, 15.1695244 ], [ 74.0680226, 15.1681098 ], [ 74.0681902, 15.167102 ], [ 74.0681206, 15.1666092 ], [ 74.067916, 15.1660081 ], [ 74.06733, 15.1652757 ], [ 74.0660882, 15.163535 ], [ 74.0645999, 15.1617221 ], [ 74.0640364, 15.1604352 ], [ 74.0645071, 15.1600724 ], [ 74.065354, 15.1596386 ], [ 74.0661636, 15.1589971 ], [ 74.0672942, 15.1582291 ], [ 74.0685179, 15.1575154 ], [ 74.0700812, 15.1563632 ], [ 74.0705372, 15.1560876 ], [ 74.071049, 15.1558075 ], [ 74.0720492, 15.1558756 ], [ 74.0727795, 15.1560521 ], [ 74.0735517, 15.1562151 ], [ 74.0742264, 15.1561068 ], [ 74.0748497, 15.1560346 ], [ 74.0752079, 15.1559398 ], [ 74.0759058, 15.1558225 ], [ 74.0763616, 15.1558226 ], [ 74.0766734, 15.1558227 ], [ 74.0771479, 15.1556646 ], [ 74.0771898, 15.1555923 ], [ 74.0779994, 15.1542953 ], [ 74.0788556, 15.1536221 ], [ 74.0793536, 15.1520582 ], [ 74.079242, 15.1511407 ], [ 74.0794096, 15.1503544 ], [ 74.0805589, 15.1474257 ], [ 74.0796752, 15.1467657 ], [ 74.080015, 15.1448809 ], [ 74.0799966, 15.1441623 ], [ 74.0799781, 15.1431769 ], [ 74.0801829, 15.1422776 ], [ 74.0803365, 15.1414911 ], [ 74.0808809, 15.1411432 ], [ 74.0813553, 15.1409264 ], [ 74.0813926, 15.1408315 ], [ 74.0813927, 15.1400722 ], [ 74.0813927, 15.1397693 ], [ 74.0814672, 15.1394304 ], [ 74.0815276, 15.1391004 ], [ 74.0819324, 15.1386396 ], [ 74.0822581, 15.1381514 ], [ 74.0825652, 15.137799 ], [ 74.0830443, 15.1374646 ], [ 74.0842074, 15.135996 ], [ 74.0848819, 15.1353814 ], [ 74.085096, 15.1351509 ], [ 74.0852262, 15.1350109 ], [ 74.0854821, 15.1347532 ], [ 74.0856821, 15.1345906 ], [ 74.0858496, 15.1344595 ], [ 74.0867705, 15.1341705 ], [ 74.0871893, 15.134261 ], [ 74.0896637, 15.1351202 ], [ 74.0914313, 15.1350256 ], [ 74.0934037, 15.1347006 ], [ 74.0953201, 15.1341765 ], [ 74.0961063, 15.1340547 ], [ 74.0970229, 15.1339866 ], [ 74.0970112, 15.1339473 ], [ 74.0970113, 15.1339292 ], [ 74.0969462, 15.1337303 ], [ 74.0969275, 15.1335675 ], [ 74.0969322, 15.1332196 ], [ 74.0969554, 15.1330976 ], [ 74.0970065, 15.1329574 ], [ 74.0970857, 15.1326275 ], [ 74.0970996, 15.132528 ], [ 74.097109, 15.1323608 ], [ 74.0971089, 15.1321258 ], [ 74.0970951, 15.1318049 ], [ 74.0970997, 15.131606 ], [ 74.0971369, 15.1314162 ], [ 74.0972253, 15.1310636 ], [ 74.0973555, 15.1307292 ], [ 74.0974161, 15.1306163 ], [ 74.0975695, 15.1304264 ], [ 74.097644, 15.130345 ], [ 74.097737, 15.1302728 ], [ 74.0979278, 15.1301462 ], [ 74.0979975, 15.1300921 ], [ 74.0983325, 15.1297802 ], [ 74.098365, 15.1297395 ], [ 74.0983929, 15.1296808 ], [ 74.0983976, 15.1295406 ], [ 74.0983696, 15.1293101 ], [ 74.0983325, 15.1292152 ], [ 74.0982162, 15.1290164 ], [ 74.0981324, 15.1288445 ], [ 74.0980301, 15.1286096 ], [ 74.0979929, 15.1284966 ], [ 74.0979976, 15.1283926 ], [ 74.0980394, 15.1282073 ], [ 74.0980812, 15.1280852 ], [ 74.0981371, 15.1279586 ], [ 74.0982069, 15.1278774 ], [ 74.0982534, 15.1278413 ], [ 74.098393, 15.1277599 ], [ 74.0986907, 15.1276333 ], [ 74.0987884, 15.1276017 ], [ 74.0988535, 15.1275927 ], [ 74.0992581, 15.127647 ], [ 74.0996535, 15.1276787 ], [ 74.0997141, 15.1276742 ], [ 74.0997838, 15.1276335 ], [ 74.0998954, 15.1275114 ], [ 74.0999652, 15.1274076 ], [ 74.1000768, 15.1271499 ], [ 74.1001327, 15.1267928 ], [ 74.1002489, 15.126246 ], [ 74.100249, 15.1260878 ], [ 74.1002304, 15.125916 ], [ 74.1001838, 15.125803 ], [ 74.1001188, 15.125681 ], [ 74.1000583, 15.1255138 ], [ 74.0999932, 15.1252154 ], [ 74.0999559, 15.124994 ], [ 74.0999234, 15.1248855 ], [ 74.0998071, 15.1246912 ], [ 74.099742, 15.1246053 ], [ 74.099733, 15.1245836 ], [ 74.0997719, 15.1245456 ], [ 74.0999579, 15.1244417 ], [ 74.1001719, 15.124288 ], [ 74.1003533, 15.124157 ], [ 74.1005394, 15.1240486 ], [ 74.1007022, 15.1239356 ], [ 74.1007905, 15.1237367 ], [ 74.1007952, 15.1235605 ], [ 74.1007579, 15.1233616 ], [ 74.1005859, 15.1231718 ], [ 74.1004091, 15.1230271 ], [ 74.1002257, 15.1228742 ], [ 74.1000397, 15.122716 ], [ 74.099849, 15.1225081 ], [ 74.0997234, 15.1222459 ], [ 74.0996304, 15.1218345 ], [ 74.0996398, 15.1215318 ], [ 74.0996397, 15.12122 ], [ 74.0996909, 15.1209262 ], [ 74.0997421, 15.1204109 ], [ 74.0997282, 15.1199815 ], [ 74.0997653, 15.1197963 ], [ 74.0999049, 15.1195702 ], [ 74.1000398, 15.119394 ], [ 74.1002444, 15.1192268 ], [ 74.100412, 15.1190551 ], [ 74.1005655, 15.1189241 ], [ 74.1006678, 15.1187432 ], [ 74.1007002, 15.1186393 ], [ 74.1007515, 15.1183681 ], [ 74.1008677, 15.1181692 ], [ 74.1009329, 15.1180382 ], [ 74.1010445, 15.1179161 ], [ 74.1010678, 15.117776 ], [ 74.1012677, 15.1174461 ], [ 74.1016074, 15.1170168 ], [ 74.1018445, 15.1164157 ], [ 74.1025283, 15.1137491 ], [ 74.1016446, 15.1133016 ], [ 74.1028865, 15.1116113 ], [ 74.1026074, 15.1094736 ], [ 74.1026074, 15.1073357 ], [ 74.1034586, 15.1063776 ], [ 74.1052678, 15.1062061 ], [ 74.1069282, 15.1070062 ], [ 74.1078119, 15.1088909 ], [ 74.1078306, 15.110057 ], [ 74.1084492, 15.1107215 ], [ 74.1091515, 15.1106809 ], [ 74.1093701, 15.1119238 ], [ 74.1101143, 15.1128413 ], [ 74.1103516, 15.1138493 ], [ 74.1102911, 15.1139306 ], [ 74.1103748, 15.1142787 ], [ 74.1111516, 15.1146268 ], [ 74.1115144, 15.1146628 ], [ 74.1129703, 15.1149115 ], [ 74.114733, 15.1153319 ], [ 74.1159518, 15.1155263 ], [ 74.1170371, 15.1156162 ], [ 74.1171907, 15.1155529 ], [ 74.1176419, 15.1153179 ], [ 74.1182189, 15.1150649 ], [ 74.118619, 15.1149292 ], [ 74.1197123, 15.1145767 ], [ 74.1204985, 15.1143779 ], [ 74.1211685, 15.1143779 ], [ 74.1214847, 15.1144864 ], [ 74.1217128, 15.1145497 ], [ 74.1220802, 15.1145994 ], [ 74.1224059, 15.1146988 ], [ 74.1228199, 15.1147621 ], [ 74.1230571, 15.1148253 ], [ 74.1232758, 15.1148255 ], [ 74.1233596, 15.1148209 ], [ 74.123634, 15.1147621 ], [ 74.1237643, 15.114744 ], [ 74.1239318, 15.114753 ], [ 74.1240992, 15.1148661 ], [ 74.1241876, 15.114961 ], [ 74.1242946, 15.1151057 ], [ 74.1243504, 15.1152503 ], [ 74.1244062, 15.115404 ], [ 74.1244853, 15.1156751 ], [ 74.1246155, 15.1159102 ], [ 74.1246806, 15.1161135 ], [ 74.1249411, 15.1163757 ], [ 74.125248, 15.1166695 ], [ 74.1256017, 15.1169948 ], [ 74.125876, 15.1172615 ], [ 74.1261878, 15.1175463 ], [ 74.1265272, 15.1178446 ], [ 74.1267739, 15.1180886 ], [ 74.1269227, 15.1182649 ], [ 74.1270343, 15.1184773 ], [ 74.1272343, 15.1186898 ], [ 74.1272995, 15.1187666 ], [ 74.1273414, 15.1188028 ], [ 74.127453, 15.1190016 ], [ 74.1275692, 15.1192321 ], [ 74.1277088, 15.1195394 ], [ 74.1277646, 15.1197474 ], [ 74.1277878, 15.119901 ], [ 74.1276854, 15.1201225 ], [ 74.1276343, 15.1202129 ], [ 74.1274901, 15.1203259 ], [ 74.1273505, 15.1203485 ], [ 74.1271179, 15.1204118 ], [ 74.1268934, 15.1204214 ], [ 74.1267399, 15.1204213 ], [ 74.126591, 15.1204485 ], [ 74.1265212, 15.1204711 ], [ 74.1264281, 15.1205343 ], [ 74.1263909, 15.1205931 ], [ 74.1263397, 15.1207106 ], [ 74.1263397, 15.1207739 ], [ 74.126335, 15.1209772 ], [ 74.1263723, 15.1210812 ], [ 74.126428, 15.1211851 ], [ 74.1265211, 15.12128 ], [ 74.1266374, 15.1213569 ], [ 74.1268607, 15.1214744 ], [ 74.1271445, 15.1216235 ], [ 74.1274608, 15.1217727 ], [ 74.1276888, 15.1219309 ], [ 74.1279773, 15.1221162 ], [ 74.1283262, 15.1224325 ], [ 74.1285308, 15.122654 ], [ 74.1287123, 15.122907 ], [ 74.1288565, 15.1231918 ], [ 74.1288704, 15.1229929 ], [ 74.1288844, 15.1229071 ], [ 74.1289172, 15.1227395 ], [ 74.1289777, 15.122518 ], [ 74.1290707, 15.1222785 ], [ 74.1292196, 15.1220027 ], [ 74.1294104, 15.1217226 ], [ 74.1295826, 15.1214876 ], [ 74.1297315, 15.1212074 ], [ 74.1298338, 15.121004 ], [ 74.1300013, 15.1207961 ], [ 74.1301036, 15.1205926 ], [ 74.1301781, 15.1203983 ], [ 74.1302292, 15.1202174 ], [ 74.1303362, 15.1201678 ], [ 74.1305178, 15.1199146 ], [ 74.1306946, 15.1197338 ], [ 74.1312342, 15.1193316 ], [ 74.1317878, 15.1192276 ], [ 74.1321554, 15.1191824 ], [ 74.1327789, 15.119214 ], [ 74.1332347, 15.1192547 ], [ 74.1334441, 15.1192275 ], [ 74.1337791, 15.1191191 ], [ 74.1341651, 15.1190151 ], [ 74.1344071, 15.1189518 ], [ 74.1345374, 15.1186896 ], [ 74.1345653, 15.1182874 ], [ 74.1344629, 15.118075 ], [ 74.134463, 15.1179485 ], [ 74.1344304, 15.117849 ], [ 74.1345235, 15.1178038 ], [ 74.1344304, 15.1174875 ], [ 74.1344956, 15.1171032 ], [ 74.1345374, 15.1168999 ], [ 74.1345142, 15.1166649 ], [ 74.1349655, 15.1160908 ], [ 74.1356121, 15.115657 ], [ 74.1362261, 15.1151507 ], [ 74.1366217, 15.1148072 ], [ 74.1371055, 15.1143868 ], [ 74.1376777, 15.1140841 ], [ 74.1381941, 15.1138444 ], [ 74.1387989, 15.1136636 ], [ 74.1394083, 15.1136861 ], [ 74.1400363, 15.1138216 ], [ 74.1404318, 15.1139166 ], [ 74.1408924, 15.1138125 ], [ 74.1413157, 15.1136272 ], [ 74.1415436, 15.1135277 ], [ 74.1417483, 15.113478 ], [ 74.1418221, 15.1134613 ], [ 74.1420275, 15.1134147 ], [ 74.1423764, 15.1133559 ], [ 74.1425439, 15.113365 ], [ 74.1429204, 15.1133472 ], [ 74.1431763, 15.1134602 ], [ 74.1434508, 15.1136681 ], [ 74.1436183, 15.1136861 ], [ 74.1438509, 15.1139708 ], [ 74.1439719, 15.1140115 ], [ 74.1443162, 15.1142419 ], [ 74.146177, 15.1151954 ], [ 74.1483357, 15.1163431 ], [ 74.1491359, 15.1170978 ], [ 74.1510806, 15.1177212 ], [ 74.1526811, 15.1193752 ], [ 74.1534627, 15.1202881 ], [ 74.1537139, 15.1205411 ], [ 74.1539186, 15.1207354 ], [ 74.1541792, 15.1208168 ], [ 74.1545979, 15.1209703 ], [ 74.1547655, 15.121 ], [ 74.1557982, 15.1211826 ], [ 74.1563194, 15.1213769 ], [ 74.1570219, 15.1224524 ], [ 74.1575383, 15.1222941 ], [ 74.1585432, 15.1214758 ], [ 74.1593016, 15.12233 ], [ 74.1603948, 15.1218462 ], [ 74.1611624, 15.121846 ], [ 74.1616231, 15.1219995 ], [ 74.1638049, 15.1212398 ], [ 74.165168, 15.1209096 ], [ 74.1656053, 15.1207739 ], [ 74.1659076, 15.1205975 ], [ 74.1661077, 15.1200687 ], [ 74.1663121, 15.1185998 ], [ 74.1688198, 15.1193043 ], [ 74.1700386, 15.1181379 ], [ 74.1710804, 15.1166598 ], [ 74.1713174, 15.1158054 ], [ 74.171201, 15.1151818 ], [ 74.1710893, 15.1149649 ], [ 74.1709125, 15.1146034 ], [ 74.1708379, 15.1134961 ], [ 74.1714752, 15.1131569 ], [ 74.1732524, 15.1136582 ], [ 74.1735966, 15.11364 ], [ 74.1741594, 15.1132828 ], [ 74.1742106, 15.1128037 ], [ 74.1741918, 15.1123201 ], [ 74.1745127, 15.1115381 ], [ 74.1753314, 15.1111131 ], [ 74.1764523, 15.1098653 ], [ 74.1771313, 15.1088573 ], [ 74.1777916, 15.1079803 ], [ 74.1783265, 15.1075689 ], [ 74.1784288, 15.1074152 ], [ 74.1787869, 15.1071619 ], [ 74.1788334, 15.1069405 ], [ 74.1784798, 15.1067508 ], [ 74.1780192, 15.1062853 ], [ 74.1774886, 15.1050653 ], [ 74.1775397, 15.1047126 ], [ 74.1774187, 15.1042834 ], [ 74.1772557, 15.1037591 ], [ 74.1770369, 15.1028236 ], [ 74.1768133, 15.101617 ], [ 74.1767388, 15.1008351 ], [ 74.1765012, 15.0995109 ], [ 74.1763195, 15.0981326 ], [ 74.1760494, 15.096379 ], [ 74.1757187, 15.0945577 ], [ 74.1753555, 15.0928269 ], [ 74.1752111, 15.0916564 ], [ 74.1752993, 15.0909694 ], [ 74.1752992, 15.0905942 ], [ 74.1752294, 15.0902598 ], [ 74.1752247, 15.0898892 ], [ 74.1749223, 15.0895639 ], [ 74.1741128, 15.0890082 ], [ 74.1733825, 15.0888502 ], [ 74.1715871, 15.0894156 ], [ 74.1714755, 15.0892078 ], [ 74.171508, 15.0889366 ], [ 74.1730612, 15.086595 ], [ 74.1729634, 15.0861657 ], [ 74.1725352, 15.0851851 ], [ 74.1722873, 15.084947 ], [ 74.1723213, 15.084914 ], [ 74.1723817, 15.0848372 ], [ 74.1726282, 15.0847106 ], [ 74.1730281, 15.0843128 ], [ 74.1733491, 15.0840912 ], [ 74.1737119, 15.0841769 ], [ 74.1737909, 15.0842041 ], [ 74.1739072, 15.0842176 ], [ 74.1740282, 15.0842175 ], [ 74.174177, 15.0842039 ], [ 74.1743025, 15.0841813 ], [ 74.1745305, 15.0840864 ], [ 74.1745537, 15.0840637 ], [ 74.1746514, 15.0839281 ], [ 74.174684, 15.0838513 ], [ 74.1747165, 15.0836525 ], [ 74.1746978, 15.0832864 ], [ 74.1747117, 15.0830649 ], [ 74.1746837, 15.0827576 ], [ 74.174693, 15.082613 ], [ 74.1746557, 15.0825 ], [ 74.1746976, 15.0824457 ], [ 74.1746743, 15.0823508 ], [ 74.1751719, 15.0815281 ], [ 74.1755393, 15.0814873 ], [ 74.176544, 15.0813786 ], [ 74.1770743, 15.08174 ], [ 74.1778975, 15.0816314 ], [ 74.1792557, 15.0815134 ], [ 74.1802092, 15.0813866 ], [ 74.1813161, 15.0812055 ], [ 74.1819301, 15.0812053 ], [ 74.1823533, 15.0810198 ], [ 74.183251, 15.0807394 ], [ 74.1842509, 15.0803775 ], [ 74.1855298, 15.0799703 ], [ 74.1863391, 15.079726 ], [ 74.1871717, 15.0797845 ], [ 74.1882695, 15.0804169 ], [ 74.1892464, 15.0806605 ], [ 74.1908788, 15.0803391 ], [ 74.1923391, 15.079611 ], [ 74.1937899, 15.0784127 ], [ 74.1948084, 15.0776711 ], [ 74.1953291, 15.0773004 ], [ 74.1954919, 15.0770699 ], [ 74.1958731, 15.0765635 ], [ 74.196933, 15.0750853 ], [ 74.1984301, 15.0733357 ], [ 74.1992295, 15.0716044 ], [ 74.19935, 15.0704744 ], [ 74.1991545, 15.069896 ], [ 74.1982892, 15.0693089 ], [ 74.1960708, 15.0691561 ], [ 74.194066, 15.068845 ], [ 74.1925451, 15.068728 ], [ 74.1913871, 15.0685703 ], [ 74.1907963, 15.0685976 ], [ 74.1899219, 15.068173 ], [ 74.1885771, 15.0677548 ], [ 74.1886565, 15.0674822 ], [ 74.1887071, 15.0673751 ], [ 74.1887961, 15.0673012 ], [ 74.1888938, 15.0672244 ], [ 74.1890147, 15.0671656 ], [ 74.1891263, 15.0671474 ], [ 74.1892379, 15.0671113 ], [ 74.1893542, 15.0670932 ], [ 74.1894611, 15.0670931 ], [ 74.1895821, 15.0671066 ], [ 74.1897588, 15.0671608 ], [ 74.1898472, 15.0672331 ], [ 74.1899588, 15.0672918 ], [ 74.1900565, 15.0673369 ], [ 74.1900751, 15.0673369 ], [ 74.1901914, 15.0673776 ], [ 74.1902891, 15.0673911 ], [ 74.1903635, 15.0673594 ], [ 74.1904611, 15.0673007 ], [ 74.1905163, 15.0672337 ], [ 74.1905347, 15.0671395 ], [ 74.1905347, 15.0669994 ], [ 74.1904788, 15.066692 ], [ 74.1904183, 15.0664435 ], [ 74.1903484, 15.0662582 ], [ 74.1902786, 15.0660368 ], [ 74.1902274, 15.0658289 ], [ 74.1901483, 15.06549 ], [ 74.1901343, 15.0652234 ], [ 74.1900692, 15.0648708 ], [ 74.1901381, 15.0647504 ], [ 74.1903009, 15.0645785 ], [ 74.1904961, 15.0644202 ], [ 74.1906309, 15.0643118 ], [ 74.1908542, 15.0642032 ], [ 74.1911146, 15.0640992 ], [ 74.1913471, 15.0640313 ], [ 74.1918448, 15.0638684 ], [ 74.192147, 15.0637644 ], [ 74.1924214, 15.0636151 ], [ 74.1929049, 15.0632624 ], [ 74.1932072, 15.0628375 ], [ 74.1935094, 15.0624074 ], [ 74.1935139, 15.0621413 ], [ 74.1933649, 15.0615222 ], [ 74.1931832, 15.0606275 ], [ 74.1929041, 15.060022 ], [ 74.1927504, 15.059552 ], [ 74.1922946, 15.0589827 ], [ 74.1920434, 15.0585535 ], [ 74.1919456, 15.0582688 ], [ 74.1918897, 15.0580519 ], [ 74.1921268, 15.0574326 ], [ 74.1921405, 15.0568903 ], [ 74.1918474, 15.0562938 ], [ 74.1914287, 15.0557923 ], [ 74.1904566, 15.0552005 ], [ 74.1897915, 15.0550246 ], [ 74.1892612, 15.0546316 ], [ 74.1888891, 15.0540396 ], [ 74.1882192, 15.05324 ], [ 74.1875818, 15.0521464 ], [ 74.1873166, 15.0514595 ], [ 74.1870465, 15.0501218 ], [ 74.1871948, 15.0483141 ], [ 74.1871438, 15.0481604 ], [ 74.1870599, 15.04793 ], [ 74.1869064, 15.047573 ], [ 74.1866226, 15.0472251 ], [ 74.1864366, 15.0470263 ], [ 74.1863156, 15.0468772 ], [ 74.1861808, 15.046701 ], [ 74.1861621, 15.0464705 ], [ 74.1861109, 15.0460367 ], [ 74.186162, 15.0456796 ], [ 74.1861804, 15.0453994 ], [ 74.186213, 15.0451102 ], [ 74.1862129, 15.0448345 ], [ 74.1861616, 15.0445543 ], [ 74.1861111, 15.0444342 ], [ 74.1860553, 15.0442806 ], [ 74.1859622, 15.0440726 ], [ 74.1857948, 15.0437292 ], [ 74.1856784, 15.043431 ], [ 74.1855807, 15.043187 ], [ 74.185469, 15.0429249 ], [ 74.1853712, 15.0427623 ], [ 74.1852457, 15.0426357 ], [ 74.1849945, 15.0424053 ], [ 74.1847759, 15.0422609 ], [ 74.1845573, 15.0420937 ], [ 74.1843527, 15.0419174 ], [ 74.1841294, 15.0417322 ], [ 74.183934, 15.0414702 ], [ 74.1838596, 15.0412714 ], [ 74.183399, 15.0405032 ], [ 74.1830264, 15.0401738 ], [ 74.1825712, 15.040291 ], [ 74.1819714, 15.0405624 ], [ 74.1816181, 15.0407976 ], [ 74.1806275, 15.0400386 ], [ 74.17946, 15.0393882 ], [ 74.1777304, 15.0397186 ], [ 74.1770188, 15.0398543 ], [ 74.1765771, 15.0400398 ], [ 74.1762702, 15.0403246 ], [ 74.1756195, 15.0413461 ], [ 74.1748198, 15.042101 ], [ 74.1735503, 15.0425353 ], [ 74.1717647, 15.0427888 ], [ 74.1705743, 15.0435709 ], [ 74.1695653, 15.0438694 ], [ 74.167003, 15.0435989 ], [ 74.1659662, 15.0447063 ], [ 74.1660872, 15.0462339 ], [ 74.16612, 15.0471829 ], [ 74.1653573, 15.0470384 ], [ 74.1647202, 15.0469437 ], [ 74.1637715, 15.0469032 ], [ 74.1631763, 15.0469034 ], [ 74.1626648, 15.0471249 ], [ 74.1623067, 15.0473917 ], [ 74.1620323, 15.0477261 ], [ 74.1616139, 15.0481148 ], [ 74.1616139, 15.0483318 ], [ 74.1618976, 15.0488966 ], [ 74.1625349, 15.0499496 ], [ 74.1637023, 15.0510294 ], [ 74.1643442, 15.0515716 ], [ 74.1650092, 15.0516528 ], [ 74.1673717, 15.051946 ], [ 74.1678228, 15.0523436 ], [ 74.1682042, 15.0530847 ], [ 74.1688556, 15.0546754 ], [ 74.1694324, 15.0556875 ], [ 74.1700046, 15.0564964 ], [ 74.1701628, 15.0567179 ], [ 74.1702651, 15.0568263 ], [ 74.1707024, 15.057156 ], [ 74.1705628, 15.0577572 ], [ 74.1704142, 15.0586927 ], [ 74.1704003, 15.0588283 ], [ 74.1703631, 15.0589458 ], [ 74.1700004, 15.0590814 ], [ 74.1692331, 15.0593121 ], [ 74.1680659, 15.0601666 ], [ 74.1671592, 15.0614277 ], [ 74.1667267, 15.0617983 ], [ 74.1658756, 15.0617715 ], [ 74.1657362, 15.0620969 ], [ 74.1650387, 15.0628699 ], [ 74.1647783, 15.0631818 ], [ 74.1638668, 15.063896 ], [ 74.1629926, 15.0648543 ], [ 74.1625741, 15.0652205 ], [ 74.1623877, 15.0652205 ], [ 74.1621881, 15.0652205 ], [ 74.1618671, 15.0652207 ], [ 74.1614625, 15.0652207 ], [ 74.1610858, 15.0654241 ], [ 74.1608115, 15.0656005 ], [ 74.1603511, 15.0657452 ], [ 74.160072, 15.0657452 ], [ 74.1597557, 15.0656911 ], [ 74.1591837, 15.0653432 ], [ 74.1585185, 15.0650721 ], [ 74.1578767, 15.0648553 ], [ 74.1573233, 15.0648961 ], [ 74.1567931, 15.064991 ], [ 74.1555095, 15.0653257 ], [ 74.1549699, 15.0653664 ], [ 74.1535236, 15.0653667 ], [ 74.1522306, 15.065638 ], [ 74.1509099, 15.0662077 ], [ 74.1502588, 15.0663931 ], [ 74.1497425, 15.0663932 ], [ 74.1479333, 15.0658782 ], [ 74.1458915, 15.0653587 ], [ 74.1445474, 15.0649792 ], [ 74.1440218, 15.0646448 ], [ 74.1434591, 15.0643331 ], [ 74.1430731, 15.0649342 ], [ 74.142515, 15.0654991 ], [ 74.1414081, 15.0659964 ], [ 74.1405989, 15.0664664 ], [ 74.1399291, 15.0664936 ], [ 74.1389059, 15.0664982 ], [ 74.1380409, 15.0668644 ], [ 74.1369851, 15.066973 ], [ 74.1361293, 15.0669232 ], [ 74.1350179, 15.0665979 ], [ 74.1339295, 15.0661235 ], [ 74.1334273, 15.0660421 ], [ 74.1327342, 15.0660964 ], [ 74.1317065, 15.0659337 ], [ 74.130981, 15.0654999 ], [ 74.1302089, 15.0650344 ], [ 74.1295996, 15.0650343 ], [ 74.1289485, 15.0651971 ], [ 74.1282788, 15.0652649 ], [ 74.1281672, 15.0652378 ], [ 74.1275486, 15.0649848 ], [ 74.1250837, 15.0635115 ], [ 74.1211029, 15.0622549 ], [ 74.1185869, 15.0615454 ], [ 74.113262, 15.0596379 ], [ 74.111904, 15.0595022 ], [ 74.1082817, 15.0567406 ], [ 74.1069193, 15.0556333 ], [ 74.1056592, 15.0545485 ], [ 74.1055894, 15.0545033 ], [ 74.1054499, 15.0544265 ], [ 74.1051013, 15.0539202 ], [ 74.0982214, 15.0412246 ], [ 74.0964496, 15.0416988 ], [ 74.0950868, 15.0429821 ], [ 74.0949937, 15.0433074 ], [ 74.0946773, 15.0438904 ], [ 74.0940354, 15.0445139 ], [ 74.0936723, 15.0459511 ], [ 74.093035, 15.0468277 ], [ 74.0912396, 15.0479075 ], [ 74.0898491, 15.0483908 ], [ 74.089063, 15.0487703 ], [ 74.0888165, 15.0490595 ], [ 74.0878723, 15.049466 ], [ 74.0868026, 15.0499268 ], [ 74.0857002, 15.0505095 ], [ 74.0842629, 15.0514041 ], [ 74.083756, 15.0514537 ], [ 74.0831282, 15.0513586 ], [ 74.0821425, 15.0510601 ], [ 74.0816962, 15.0507753 ], [ 74.081101, 15.050504 ], [ 74.0806127, 15.0505174 ], [ 74.0800592, 15.05068 ], [ 74.0795569, 15.0508833 ], [ 74.0784033, 15.0514389 ], [ 74.0768219, 15.0522202 ], [ 74.0764821, 15.052317 ], [ 74.0748406, 15.0527847 ], [ 74.0736314, 15.0530012 ], [ 74.0723665, 15.0530009 ], [ 74.0713387, 15.0528244 ], [ 74.070925, 15.0525666 ], [ 74.0703113, 15.0520106 ], [ 74.0697025, 15.0511337 ], [ 74.0687819, 15.0505232 ], [ 74.0681262, 15.0504236 ], [ 74.0670288, 15.0504097 ], [ 74.0658382, 15.0506037 ], [ 74.0648475, 15.0508745 ], [ 74.0640337, 15.0507387 ], [ 74.0631315, 15.0507157 ], [ 74.0626152, 15.0510365 ], [ 74.0622941, 15.0513934 ], [ 74.0612571, 15.0512529 ], [ 74.0599738, 15.0508051 ], [ 74.0589928, 15.0503527 ], [ 74.057812, 15.0495162 ], [ 74.0567055, 15.0488515 ], [ 74.0550272, 15.0479154 ], [ 74.0543253, 15.047174 ], [ 74.0540045, 15.0470745 ], [ 74.0538929, 15.0470472 ], [ 74.0534746, 15.0466087 ], [ 74.0527726, 15.0463147 ], [ 74.0520331, 15.0463731 ], [ 74.0508004, 15.04715 ], [ 74.0498002, 15.0477732 ], [ 74.04867, 15.0481704 ], [ 74.0473075, 15.0486942 ], [ 74.0464705, 15.0488159 ], [ 74.0457776, 15.049019 ], [ 74.044736, 15.0492897 ], [ 74.0436109, 15.0494202 ], [ 74.0422625, 15.0495282 ], [ 74.0409141, 15.0498304 ], [ 74.040542, 15.0500607 ], [ 74.0401327, 15.0502955 ], [ 74.0392725, 15.0504443 ], [ 74.0383193, 15.0507873 ], [ 74.0376217, 15.051004 ], [ 74.0371335, 15.0512071 ], [ 74.0360642, 15.0507683 ], [ 74.0346882, 15.0501621 ], [ 74.033419, 15.0498677 ], [ 74.0325636, 15.0498265 ], [ 74.0320382, 15.0498534 ], [ 74.0313687, 15.0499615 ], [ 74.0299968, 15.0505213 ], [ 74.0271371, 15.0510305 ], [ 74.0258492, 15.0509259 ], [ 74.0251846, 15.0505053 ], [ 74.0239152, 15.0505768 ], [ 74.0195021, 15.0521472 ], [ 74.0176098, 15.0519248 ], [ 74.0151455, 15.0521449 ], [ 74.0148889, 15.0539253 ], [ 74.0135062, 15.0573999 ], [ 74.0124776, 15.0593292 ], [ 74.0105551, 15.0633097 ], [ 74.010397, 15.0635536 ], [ 74.0101363, 15.0639558 ], [ 74.0109453, 15.063938 ], [ 74.0112053, 15.0647744 ], [ 74.0112236, 15.0653394 ], [ 74.0124044, 15.0659999 ], [ 74.0142083, 15.066272 ], [ 74.0169496, 15.0707073 ], [ 74.0142057, 15.0715509 ], [ 74.0130239, 15.0726981 ], [ 74.0124839, 15.0738639 ], [ 74.0094789, 15.0758235 ], [ 74.0081396, 15.0760577 ], [ 74.0072414, 15.077178 ], [ 74.0054775, 15.079717 ], [ 74.0050169, 15.080277 ], [ 74.0046863, 15.0810859 ], [ 74.0045973, 15.0821072 ], [ 74.0044851, 15.0830291 ], [ 74.0041315, 15.0834176 ], [ 74.0037593, 15.0836704 ], [ 74.0034849, 15.0837109 ], [ 74.0033777, 15.0841222 ], [ 74.003112, 15.0852564 ], [ 74.003014, 15.0859976 ], [ 74.003111, 15.0871139 ], [ 74.0034171, 15.0884112 ], [ 74.0036074, 15.0889628 ], [ 74.0036625, 15.0903278 ], [ 74.0036619, 15.0913944 ], [ 74.0034426, 15.0926643 ], [ 74.0035306, 15.093184 ], [ 74.0037116, 15.0939344 ], [ 74.0039716, 15.0946035 ], [ 74.0042919, 15.0956387 ], [ 74.0046588, 15.0965111 ], [ 74.005198, 15.0971895 ], [ 74.0060021, 15.0979945 ], [ 74.0044999, 15.0980072 ], [ 74.0041233, 15.0978893 ], [ 74.0034211, 15.097681 ], [ 74.0028539, 15.0975225 ], [ 74.0022401, 15.097305 ], [ 74.0020447, 15.0972598 ], [ 74.0019703, 15.0972281 ], [ 74.0015704, 15.0971239 ], [ 74.0010867, 15.0971552 ], [ 74.0002143, 15.0974916 ], [ 73.9997573, 15.0981609 ], [ 73.9989669, 15.0985771 ], [ 73.9967567, 15.0971773 ], [ 73.9961706, 15.0969788 ], [ 73.9935565, 15.0967994 ], [ 73.9921558, 15.0954805 ], [ 73.9911101, 15.0970718 ], [ 73.9898773, 15.0966432 ], [ 73.9886122, 15.0963726 ], [ 73.9873795, 15.0962287 ], [ 73.9866122, 15.0964007 ], [ 73.9860542, 15.0966857 ], [ 73.9848637, 15.097215 ], [ 73.9846266, 15.0973733 ], [ 73.9842592, 15.0974323 ], [ 73.9823895, 15.0976771 ], [ 73.9817152, 15.0977316 ], [ 73.9810826, 15.0978766 ], [ 73.9771982, 15.0961611 ], [ 73.9765236, 15.0959037 ], [ 73.9752909, 15.0955608 ], [ 73.9722439, 15.0943465 ], [ 73.9654053, 15.0908422 ], [ 73.9625537, 15.0892976 ], [ 73.9602743, 15.0879969 ], [ 73.9595812, 15.0876989 ], [ 73.9589068, 15.0876946 ], [ 73.9585535, 15.0881963 ], [ 73.9565684, 15.0906283 ], [ 73.9563035, 15.0911707 ], [ 73.9560665, 15.0917718 ], [ 73.9554343, 15.092816 ], [ 73.9547739, 15.0930738 ], [ 73.9543369, 15.0933994 ], [ 73.9534255, 15.0941994 ], [ 73.9527607, 15.0952301 ], [ 73.9522913, 15.0963872 ], [ 73.9511293, 15.0986562 ], [ 73.9504228, 15.1003737 ], [ 73.9493351, 15.1026608 ], [ 73.9491166, 15.1031309 ], [ 73.9488657, 15.1038042 ], [ 73.948136, 15.105558 ], [ 73.9465594, 15.1066883 ], [ 73.944955, 15.1078591 ], [ 73.9445319, 15.1082615 ], [ 73.9439553, 15.1087633 ], [ 73.9435739, 15.1091927 ], [ 73.942458, 15.1108155 ], [ 73.9409839, 15.1125738 ], [ 73.94037, 15.113306 ], [ 73.9400911, 15.1136767 ], [ 73.9394727, 15.1149784 ], [ 73.9388962, 15.1159503 ], [ 73.9384876, 15.1168847 ], [ 73.9385056, 15.1168858 ], [ 73.9385522, 15.1168994 ], [ 73.9386685, 15.1169265 ], [ 73.9392593, 15.1169535 ], [ 73.9393569, 15.1169761 ], [ 73.9395803, 15.1169353 ], [ 73.9398965, 15.1168494 ], [ 73.9401431, 15.116881 ], [ 73.9402315, 15.1169623 ], [ 73.9402687, 15.1170165 ], [ 73.9404083, 15.1171159 ], [ 73.9405385, 15.1171656 ], [ 73.9405805, 15.1172107 ], [ 73.9406083, 15.1172153 ], [ 73.9406781, 15.1171882 ], [ 73.9407432, 15.1171203 ], [ 73.9407804, 15.1170481 ], [ 73.9408269, 15.1168762 ], [ 73.9408687, 15.116804 ], [ 73.9409663, 15.1166955 ], [ 73.9411803, 15.1165599 ], [ 73.9412734, 15.1165643 ], [ 73.9413245, 15.1165869 ], [ 73.9413246, 15.1166321 ], [ 73.941292, 15.116718 ], [ 73.9412176, 15.1168084 ], [ 73.9411153, 15.1168897 ], [ 73.941092, 15.1169395 ], [ 73.9410549, 15.1172016 ], [ 73.9410921, 15.1173869 ], [ 73.9412689, 15.1176264 ], [ 73.9413063, 15.1177303 ], [ 73.9413714, 15.1177755 ], [ 73.9414179, 15.1178478 ], [ 73.9414783, 15.1178975 ], [ 73.9415389, 15.1182048 ], [ 73.9415437, 15.1184488 ], [ 73.9415856, 15.1186522 ], [ 73.9415716, 15.1188285 ], [ 73.9414788, 15.1192759 ], [ 73.9414277, 15.119764 ], [ 73.9414324, 15.1199131 ], [ 73.9414696, 15.1201211 ], [ 73.9414697, 15.1203786 ], [ 73.9414326, 15.1205866 ], [ 73.9413582, 15.1208035 ], [ 73.9411257, 15.1212328 ], [ 73.940949, 15.1214815 ], [ 73.9408839, 15.1216126 ], [ 73.9408654, 15.1217391 ], [ 73.940884, 15.1219153 ], [ 73.9410934, 15.122313 ], [ 73.9410842, 15.1225977 ], [ 73.9409958, 15.1227966 ], [ 73.9407122, 15.1232124 ], [ 73.9406378, 15.1233526 ], [ 73.9405821, 15.1235108 ], [ 73.9405682, 15.1237142 ], [ 73.9406147, 15.1239311 ], [ 73.9406565, 15.124035 ], [ 73.940745, 15.1241796 ], [ 73.9410195, 15.1245095 ], [ 73.9410615, 15.1246857 ], [ 73.9411592, 15.1248936 ], [ 73.94135, 15.1252008 ], [ 73.9414012, 15.1252324 ], [ 73.9414384, 15.1253997 ], [ 73.9414153, 15.1255442 ], [ 73.9413409, 15.1257748 ], [ 73.9410201, 15.1264346 ], [ 73.9407411, 15.1271082 ], [ 73.9406667, 15.1274562 ], [ 73.9406342, 15.127542 ], [ 73.9406063, 15.1277499 ], [ 73.9404529, 15.1280618 ], [ 73.9401832, 15.1282652 ], [ 73.9398948, 15.1283827 ], [ 73.9397831, 15.1284462 ], [ 73.9395366, 15.1286494 ], [ 73.9393784, 15.1287445 ], [ 73.9390575, 15.1288259 ], [ 73.9387318, 15.1288034 ], [ 73.9385598, 15.1288305 ], [ 73.9383457, 15.1288351 ], [ 73.9382806, 15.1288803 ], [ 73.9382155, 15.1288893 ], [ 73.9381411, 15.128921 ], [ 73.9380666, 15.1289888 ], [ 73.9379737, 15.1291244 ], [ 73.937997, 15.1295176 ], [ 73.9380622, 15.1297255 ], [ 73.9381228, 15.1300418 ], [ 73.9381135, 15.1301729 ], [ 73.938081, 15.1303174 ], [ 73.9380158, 15.1304215 ], [ 73.9379182, 15.1305209 ], [ 73.937667, 15.1307153 ], [ 73.9374204, 15.1308374 ], [ 73.9371134, 15.1308781 ], [ 73.9369274, 15.1308828 ], [ 73.9368064, 15.1309098 ], [ 73.9365273, 15.1309235 ], [ 73.9364621, 15.1309415 ], [ 73.9363598, 15.1310184 ], [ 73.936332, 15.1311269 ], [ 73.9363413, 15.1312625 ], [ 73.936453, 15.1314297 ], [ 73.9365879, 15.1315968 ], [ 73.9366624, 15.1317189 ], [ 73.9367369, 15.1319855 ], [ 73.9367556, 15.132103 ], [ 73.9367881, 15.1321618 ], [ 73.9370162, 15.1323605 ], [ 73.9372301, 15.1324283 ], [ 73.9374813, 15.1324463 ], [ 73.9376581, 15.1324326 ], [ 73.9378348, 15.1323965 ], [ 73.9381838, 15.1322789 ], [ 73.9383652, 15.1322518 ], [ 73.9388583, 15.1322426 ], [ 73.9392491, 15.1322922 ], [ 73.9396352, 15.1324412 ], [ 73.9401145, 15.1327349 ], [ 73.940296, 15.1328027 ], [ 73.9404449, 15.1328794 ], [ 73.9406635, 15.1329472 ], [ 73.941166, 15.1331776 ], [ 73.9417197, 15.1334757 ], [ 73.9420222, 15.133679 ], [ 73.942292, 15.1338145 ], [ 73.9425433, 15.1339049 ], [ 73.9427015, 15.1340087 ], [ 73.9427898, 15.1340991 ], [ 73.9429574, 15.1343929 ], [ 73.9431343, 15.1349262 ], [ 73.9432739, 15.1350662 ], [ 73.9434973, 15.1352062 ], [ 73.9436555, 15.1352784 ], [ 73.9439579, 15.1354818 ], [ 73.9440184, 15.1355406 ], [ 73.9441859, 15.135771 ], [ 73.9444559, 15.1362363 ], [ 73.9445955, 15.136512 ], [ 73.9446933, 15.1368104 ], [ 73.9447305, 15.1370182 ], [ 73.9447865, 15.1371854 ], [ 73.9448563, 15.1372532 ], [ 73.944926, 15.1373526 ], [ 73.9449773, 15.1373707 ], [ 73.9453588, 15.1376146 ], [ 73.9454472, 15.1377005 ], [ 73.9455775, 15.1378721 ], [ 73.9456101, 15.1379716 ], [ 73.945666, 15.1382563 ], [ 73.9456567, 15.1383782 ], [ 73.945494, 15.1386631 ], [ 73.945187, 15.1388846 ], [ 73.9448847, 15.1390248 ], [ 73.944801, 15.1390384 ], [ 73.944773, 15.1390565 ], [ 73.9447405, 15.1391469 ], [ 73.9447451, 15.1391965 ], [ 73.944815, 15.1393818 ], [ 73.9448987, 15.1394541 ], [ 73.9450988, 15.1395219 ], [ 73.9456106, 15.139567 ], [ 73.9457734, 15.1396211 ], [ 73.9458664, 15.1396346 ], [ 73.9460852, 15.1399826 ], [ 73.9463552, 15.1406017 ], [ 73.9464949, 15.1408005 ], [ 73.9465832, 15.140814 ], [ 73.9467973, 15.1407145 ], [ 73.9470391, 15.1405337 ], [ 73.9471507, 15.140493 ], [ 73.9473833, 15.1404703 ], [ 73.9476717, 15.1404884 ], [ 73.9479975, 15.1405561 ], [ 73.9481929, 15.1406599 ], [ 73.9483046, 15.1406825 ], [ 73.948486, 15.1406824 ], [ 73.9486116, 15.1406553 ], [ 73.948807, 15.1406417 ], [ 73.9489652, 15.1406055 ], [ 73.9492675, 15.1405963 ], [ 73.9495141, 15.1405149 ], [ 73.9496119, 15.1404923 ], [ 73.9500445, 15.140352 ], [ 73.9502724, 15.1402798 ], [ 73.950598, 15.1400898 ], [ 73.9507329, 15.1399768 ], [ 73.950905, 15.1398818 ], [ 73.9510445, 15.1397507 ], [ 73.9513096, 15.1395608 ], [ 73.9517654, 15.1390364 ], [ 73.9519747, 15.1388239 ], [ 73.9520305, 15.1387877 ], [ 73.9520724, 15.1387154 ], [ 73.9521653, 15.1386883 ], [ 73.9521979, 15.1386476 ], [ 73.9522677, 15.1386114 ], [ 73.9523329, 15.1385436 ], [ 73.9527886, 15.1381684 ], [ 73.9531793, 15.1377434 ], [ 73.9532304, 15.1376711 ], [ 73.9534025, 15.1375129 ], [ 73.9534955, 15.1373862 ], [ 73.9537513, 15.1371331 ], [ 73.9538257, 15.1370382 ], [ 73.9538768, 15.1369433 ], [ 73.9541326, 15.1366404 ], [ 73.9544023, 15.136446 ], [ 73.9545745, 15.1363645 ], [ 73.9547186, 15.1363148 ], [ 73.9549838, 15.1361837 ], [ 73.9551932, 15.1360254 ], [ 73.955221, 15.1359622 ], [ 73.9553465, 15.1358265 ], [ 73.9553837, 15.1357496 ], [ 73.9555651, 15.1355733 ], [ 73.9556908, 15.135483 ], [ 73.9558721, 15.1354106 ], [ 73.9560768, 15.1352975 ], [ 73.9561419, 15.1352795 ], [ 73.9563094, 15.1352702 ], [ 73.9565002, 15.1354962 ], [ 73.9566491, 15.13546 ], [ 73.9568491, 15.1354239 ], [ 73.9570351, 15.1354599 ], [ 73.9573375, 15.1355366 ], [ 73.9582821, 15.1358255 ], [ 73.9587892, 15.1360151 ], [ 73.9594266, 15.1361957 ], [ 73.9597385, 15.1362906 ], [ 73.9601106, 15.136426 ], [ 73.9606085, 15.136679 ], [ 73.9608784, 15.136828 ], [ 73.9611576, 15.1370403 ], [ 73.9613252, 15.1372436 ], [ 73.9614508, 15.1374559 ], [ 73.96153, 15.137691 ], [ 73.9616092, 15.1380118 ], [ 73.961749, 15.1385134 ], [ 73.9619119, 15.1388071 ], [ 73.9620423, 15.1389155 ], [ 73.9622051, 15.1389878 ], [ 73.9623772, 15.1390194 ], [ 73.9627587, 15.1390328 ], [ 73.9631216, 15.1390778 ], [ 73.963359, 15.1391862 ], [ 73.9634427, 15.1392721 ], [ 73.9634614, 15.1393761 ], [ 73.9634894, 15.1396878 ], [ 73.9635174, 15.1400178 ], [ 73.9635687, 15.1403838 ], [ 73.9636293, 15.1406097 ], [ 73.9637225, 15.1407227 ], [ 73.9638435, 15.1408041 ], [ 73.9639737, 15.1408401 ], [ 73.9642342, 15.1408807 ], [ 73.9644994, 15.1408626 ], [ 73.9647925, 15.1408398 ], [ 73.9656437, 15.1406316 ], [ 73.9660438, 15.1404732 ], [ 73.9669461, 15.1400075 ], [ 73.9672579, 15.1398899 ], [ 73.9675601, 15.1396908 ], [ 73.9677555, 15.139528 ], [ 73.9678857, 15.1394467 ], [ 73.967988, 15.1394511 ], [ 73.9680579, 15.1395054 ], [ 73.9683046, 15.1398442 ], [ 73.968542, 15.1402102 ], [ 73.9687375, 15.1404225 ], [ 73.9688865, 15.1405354 ], [ 73.9689561, 15.1405715 ], [ 73.9692679, 15.1406121 ], [ 73.9693609, 15.1406031 ], [ 73.9696912, 15.1404448 ], [ 73.9699192, 15.1402458 ], [ 73.9700121, 15.1401418 ], [ 73.9700539, 15.1401282 ], [ 73.9702122, 15.1401417 ], [ 73.9702494, 15.1401643 ], [ 73.9703239, 15.140309 ], [ 73.9704358, 15.1408286 ], [ 73.9705196, 15.1410862 ], [ 73.9706128, 15.1412895 ], [ 73.9707245, 15.1414883 ], [ 73.9709758, 15.1417141 ], [ 73.9715157, 15.1420349 ], [ 73.9722322, 15.1424277 ], [ 73.9724602, 15.1424865 ], [ 73.9726045, 15.1425496 ], [ 73.9728372, 15.1427077 ], [ 73.9730653, 15.1430737 ], [ 73.9733074, 15.1433447 ], [ 73.9735307, 15.1435164 ], [ 73.9736005, 15.1435163 ], [ 73.9740705, 15.1434032 ], [ 73.9743262, 15.143263 ], [ 73.974461, 15.1432313 ], [ 73.9748193, 15.1432401 ], [ 73.975117, 15.1432762 ], [ 73.9751776, 15.1432988 ], [ 73.9753544, 15.1434161 ], [ 73.9754289, 15.1434885 ], [ 73.9754522, 15.1435563 ], [ 73.9754617, 15.1438862 ], [ 73.9753874, 15.1443924 ], [ 73.9754016, 15.1447675 ], [ 73.9754482, 15.1450477 ], [ 73.9755553, 15.1452104 ], [ 73.9756158, 15.1452555 ], [ 73.9757228, 15.1452916 ], [ 73.9757833, 15.1452916 ], [ 73.9758857, 15.1452554 ], [ 73.9760251, 15.1450927 ], [ 73.9761599, 15.1448441 ], [ 73.9762251, 15.1447582 ], [ 73.9763692, 15.1446135 ], [ 73.9764949, 15.1446315 ], [ 73.97656, 15.1446947 ], [ 73.9766298, 15.1447263 ], [ 73.976639, 15.1447535 ], [ 73.9770115, 15.145169 ], [ 73.9772302, 15.1452819 ], [ 73.9774675, 15.1453405 ], [ 73.9777002, 15.1454173 ], [ 73.9779979, 15.1453946 ], [ 73.9786353, 15.1453989 ], [ 73.9789424, 15.1454439 ], [ 73.9790121, 15.145471 ], [ 73.9791099, 15.1455432 ], [ 73.9791891, 15.1455387 ], [ 73.9792775, 15.1456516 ], [ 73.9797242, 15.1458638 ], [ 73.9799941, 15.1459541 ], [ 73.980292, 15.1462251 ], [ 73.9805853, 15.146582 ], [ 73.9805855, 15.1472374 ], [ 73.9806324, 15.1477661 ], [ 73.9807768, 15.1481186 ], [ 73.9810701, 15.1483715 ], [ 73.9818379, 15.1487147 ], [ 73.9839785, 15.1496808 ], [ 73.985128, 15.150322 ], [ 73.98611, 15.1508866 ], [ 73.9866871, 15.1512839 ], [ 73.9879531, 15.1521691 ], [ 73.9881998, 15.1524085 ], [ 73.9883999, 15.1525124 ], [ 73.988707, 15.1525348 ], [ 73.9889117, 15.1525573 ], [ 73.9892654, 15.1527289 ], [ 73.9898425, 15.1531083 ], [ 73.9902475, 15.1533611 ], [ 73.9908385, 15.1536049 ], [ 73.9913597, 15.1537854 ], [ 73.992588, 15.1539023 ], [ 73.9932116, 15.154015 ], [ 73.9942259, 15.1540958 ], [ 73.9956591, 15.1543706 ], [ 73.9964734, 15.1544742 ], [ 73.9976786, 15.1546542 ], [ 73.9982928, 15.1548167 ], [ 73.999042, 15.1549654 ], [ 73.9997539, 15.1551006 ], [ 74.0002906, 15.1551721 ], [ 74.0006208, 15.1552492 ], [ 74.0007463, 15.1554888 ], [ 74.0008252, 15.1559228 ], [ 74.0009459, 15.1563206 ], [ 74.0011039, 15.156506 ], [ 74.0012341, 15.1565469 ], [ 74.001262, 15.1565039 ], [ 74.00129, 15.156461 ], [ 74.0012297, 15.1562485 ], [ 74.0011415, 15.1558055 ], [ 74.0011044, 15.1556382 ], [ 74.0011651, 15.1553399 ], [ 74.0012955, 15.1551321 ], [ 74.0018539, 15.1547392 ], [ 74.0024217, 15.154473 ], [ 74.0027801, 15.1541885 ], [ 74.0032221, 15.1539221 ], [ 74.0036222, 15.1539992 ], [ 74.0041292, 15.1539815 ], [ 74.0047902, 15.1534801 ], [ 74.0049111, 15.1533763 ], [ 74.0058651, 15.1528526 ], [ 74.0057541, 15.1518854 ], [ 74.0068288, 15.1515741 ], [ 74.0074616, 15.1514525 ], [ 74.0084479, 15.151322 ], [ 74.0091271, 15.1512592 ], [ 74.0105126, 15.1528013 ], [ 74.0115634, 15.1537331 ], [ 74.0122422, 15.1544973 ], [ 74.0133997, 15.1561162 ], [ 74.0135764, 15.1564643 ], [ 74.0134358, 15.1583536 ], [ 74.0148267, 15.1585668 ], [ 74.015785, 15.1586578 ], [ 74.0160734, 15.1587799 ], [ 74.0170031, 15.160123 ], [ 74.0172309, 15.1604395 ], [ 74.0179238, 15.1610455 ], [ 74.0184168, 15.1614391 ], [ 74.0187051, 15.1616653 ], [ 74.0177692, 15.1633054 ], [ 74.0176389, 15.1635855 ], [ 74.0186947, 15.1639885 ], [ 74.0192807, 15.1642102 ], [ 74.0200436, 15.1643688 ], [ 74.0204484, 15.1643601 ], [ 74.0208067, 15.1643468 ], [ 74.0220674, 15.1644695 ], [ 74.0229187, 15.1646327 ], [ 74.0243515, 15.1649815 ], [ 74.024155, 15.1672865 ], [ 74.0237538, 15.169474 ], [ 74.023325, 15.1712681 ], [ 74.0245811, 15.171748 ], [ 74.0258231, 15.1721419 ], [ 74.0268977, 15.1724227 ], [ 74.0281072, 15.1727307 ], [ 74.0300425, 15.1733645 ], [ 74.0310984, 15.173713 ], [ 74.0317729, 15.1739484 ], [ 74.0326755, 15.1741387 ], [ 74.0334944, 15.1741889 ], [ 74.0341316, 15.1742796 ], [ 74.0351645, 15.1743568 ], [ 74.0365509, 15.1745519 ], [ 74.0372582, 15.1745523 ], [ 74.0382538, 15.1746657 ], [ 74.0391842, 15.1747612 ], [ 74.0400633, 15.1755434 ], [ 74.0404865, 15.1760318 ], [ 74.0410817, 15.1767237 ], [ 74.0400857, 15.1776904 ], [ 74.0389919, 15.1789148 ], [ 74.0386242, 15.1794391 ], [ 74.0380376, 15.1801936 ], [ 74.0377397, 15.1804737 ], [ 74.0369808, 15.1817886 ], [ 74.0361195, 15.1832482 ], [ 74.0357889, 15.1838718 ], [ 74.0354538, 15.1841112 ], [ 74.0351978, 15.1846128 ], [ 74.0352486, 15.1853224 ], [ 74.0354344, 15.1862491 ], [ 74.0355271, 15.187108 ], [ 74.0354757, 15.1874967 ], [ 74.0350662, 15.1878943 ], [ 74.034931, 15.1882061 ], [ 74.034889, 15.1886219 ], [ 74.0349492, 15.189214 ], [ 74.035112, 15.189743 ], [ 74.0351674, 15.1903396 ], [ 74.0350603, 15.1906786 ], [ 74.0350137, 15.1910175 ], [ 74.0350552, 15.192116 ], [ 74.0350456, 15.1927352 ], [ 74.0354737, 15.1928168 ], [ 74.0360274, 15.1929029 ], [ 74.0365577, 15.192962 ], [ 74.0371441, 15.1929622 ], [ 74.0376186, 15.192985 ], [ 74.037977, 15.1929671 ], [ 74.038461, 15.1927548 ], [ 74.0386843, 15.1928228 ], [ 74.0393218, 15.1929452 ], [ 74.0402802, 15.1931309 ], [ 74.0407874, 15.1932216 ], [ 74.041234, 15.1933031 ], [ 74.0417132, 15.1934253 ], [ 74.0423087, 15.1937962 ], [ 74.0426994, 15.1941851 ], [ 74.0434901, 15.1950398 ], [ 74.0439413, 15.1958355 ], [ 74.0441457, 15.1965453 ], [ 74.0444247, 15.1970878 ], [ 74.0447829, 15.1976033 ], [ 74.0451178, 15.1980238 ], [ 74.0457552, 15.1985167 ], [ 74.0463088, 15.1988379 ], [ 74.0467878, 15.1995025 ], [ 74.0471786, 15.2000406 ], [ 74.048244, 15.2003213 ], [ 74.047946, 15.2012839 ], [ 74.0469036, 15.2011524 ], [ 74.0465638, 15.2012336 ], [ 74.0464475, 15.20169 ], [ 74.0466986, 15.2018982 ], [ 74.0468893, 15.2021875 ], [ 74.0470661, 15.2025175 ], [ 74.0472007, 15.2031594 ], [ 74.0472098, 15.2039143 ], [ 74.0467678, 15.2039367 ], [ 74.046842, 15.2046825 ], [ 74.0470558, 15.2055053 ], [ 74.0472837, 15.2057721 ], [ 74.0476327, 15.2059801 ], [ 74.0481537, 15.2062109 ], [ 74.0479487, 15.2071872 ], [ 74.0477528, 15.208159 ], [ 74.0475712, 15.2088143 ], [ 74.0472918, 15.2094605 ], [ 74.0465746, 15.2110061 ], [ 74.0461509, 15.2118557 ], [ 74.0459787, 15.2121676 ], [ 74.0459646, 15.2124569 ], [ 74.0461272, 15.2131077 ], [ 74.0461689, 15.2137497 ], [ 74.0459454, 15.2142106 ], [ 74.0453401, 15.2150828 ], [ 74.044921, 15.2156566 ], [ 74.0442926, 15.2162575 ], [ 74.0448787, 15.2170217 ], [ 74.0451066, 15.2171846 ], [ 74.0459678, 15.2166876 ], [ 74.0465729, 15.2164077 ], [ 74.0471734, 15.2161096 ], [ 74.0475734, 15.2161504 ], [ 74.0479739, 15.2155133 ], [ 74.0500356, 15.2153288 ], [ 74.0507011, 15.2151211 ], [ 74.0515016, 15.2148321 ], [ 74.0519298, 15.2148776 ], [ 74.0527116, 15.2151536 ], [ 74.0542983, 15.2157915 ], [ 74.0554058, 15.2161716 ], [ 74.0558476, 15.2169041 ], [ 74.0562245, 15.2174602 ], [ 74.0564943, 15.2176998 ], [ 74.0576064, 15.21822 ], [ 74.0584812, 15.218695 ], [ 74.0587278, 15.2188985 ], [ 74.059221, 15.2194456 ], [ 74.0597839, 15.2199928 ], [ 74.0602353, 15.2201963 ], [ 74.0607983, 15.2204904 ], [ 74.0610124, 15.2205311 ], [ 74.0613428, 15.2206126 ], [ 74.0622829, 15.2207621 ], [ 74.0629809, 15.2208843 ], [ 74.0630042, 15.2208934 ], [ 74.0633485, 15.2213184 ], [ 74.0635624, 15.2220598 ], [ 74.0636647, 15.2225073 ], [ 74.0636553, 15.2228372 ], [ 74.0635761, 15.2232079 ], [ 74.0635991, 15.2240802 ], [ 74.063599, 15.2243966 ], [ 74.0630963, 15.2247582 ], [ 74.0627844, 15.2250428 ], [ 74.0624772, 15.2255129 ], [ 74.0621374, 15.2260732 ], [ 74.0616253, 15.2265251 ], [ 74.0611877, 15.2269408 ], [ 74.0608386, 15.2270581 ], [ 74.0605268, 15.227049 ], [ 74.0598939, 15.2269493 ], [ 74.0593008, 15.2267611 ], [ 74.0590097, 15.2266688 ], [ 74.0581395, 15.2263068 ], [ 74.0573158, 15.2258862 ], [ 74.0568366, 15.2255289 ], [ 74.0565993, 15.225348 ], [ 74.0562736, 15.2252168 ], [ 74.0559757, 15.2251986 ], [ 74.0553427, 15.2254199 ], [ 74.0547376, 15.2257089 ], [ 74.0541092, 15.2260613 ], [ 74.0535785, 15.2263368 ], [ 74.0527966, 15.2268925 ], [ 74.0522007, 15.2272267 ], [ 74.0513303, 15.2275338 ], [ 74.0504274, 15.2276735 ], [ 74.0498316, 15.2277818 ], [ 74.0494826, 15.2278087 ], [ 74.0489101, 15.2279441 ], [ 74.048035, 15.228346 ], [ 74.0474764, 15.228721 ], [ 74.0466664, 15.2291998 ], [ 74.0462242, 15.2295702 ], [ 74.0460798, 15.229873 ], [ 74.0460424, 15.230212 ], [ 74.0461213, 15.2308268 ], [ 74.0463491, 15.2316813 ], [ 74.0465025, 15.2322644 ], [ 74.0465242, 15.2326163 ], [ 74.0465627, 15.2332408 ], [ 74.046623, 15.2338374 ], [ 74.0467996, 15.2344478 ], [ 74.0470229, 15.2350853 ], [ 74.0471064, 15.2357362 ], [ 74.0470736, 15.2364097 ], [ 74.0470734, 15.2370922 ], [ 74.0471663, 15.2377793 ], [ 74.0471987, 15.2383444 ], [ 74.0471986, 15.238697 ], [ 74.0471051, 15.2396371 ], [ 74.0469094, 15.2405954 ], [ 74.0466345, 15.2411693 ], [ 74.0463598, 15.2417614 ], [ 74.0462572, 15.2420596 ], [ 74.0462151, 15.2426789 ], [ 74.0461638, 15.2432349 ], [ 74.0460799, 15.2435738 ], [ 74.0459355, 15.2438676 ], [ 74.0454466, 15.2442878 ], [ 74.044888, 15.2447532 ], [ 74.0446551, 15.2450107 ], [ 74.0443152, 15.2455484 ], [ 74.0442545, 15.2458377 ], [ 74.0443568, 15.2461994 ], [ 74.044715, 15.246647 ], [ 74.0455666, 15.2473254 ], [ 74.0466928, 15.248135 ], [ 74.047228, 15.2484969 ], [ 74.048303, 15.2491573 ], [ 74.0490359, 15.2495653 ], [ 74.049073, 15.2496467 ], [ 74.0491521, 15.2497642 ], [ 74.0492219, 15.2498817 ], [ 74.0494357, 15.2500897 ], [ 74.0496636, 15.2504649 ], [ 74.0498356, 15.2508039 ], [ 74.0500123, 15.2510254 ], [ 74.0502401, 15.2513238 ], [ 74.0503982, 15.2515091 ], [ 74.0505702, 15.2517306 ], [ 74.0506678, 15.2518437 ], [ 74.0510538, 15.2522868 ], [ 74.0512166, 15.2524676 ], [ 74.0513654, 15.2527297 ], [ 74.0515096, 15.2528609 ], [ 74.0517793, 15.2530282 ], [ 74.0519142, 15.2531999 ], [ 74.0520723, 15.2533176 ], [ 74.0522584, 15.2534216 ], [ 74.0525143, 15.2534443 ], [ 74.0527144, 15.2534579 ], [ 74.0529842, 15.253458 ], [ 74.0531704, 15.2534581 ], [ 74.0534263, 15.2534085 ], [ 74.0537194, 15.2533951 ], [ 74.0538684, 15.2533273 ], [ 74.0540684, 15.2533274 ], [ 74.0541894, 15.2532913 ], [ 74.0544314, 15.2532643 ], [ 74.0546687, 15.2532373 ], [ 74.0551807, 15.2530974 ], [ 74.0554459, 15.2530568 ], [ 74.0557669, 15.2530434 ], [ 74.0560648, 15.2529802 ], [ 74.0562136, 15.2529531 ], [ 74.0563207, 15.2529532 ], [ 74.0564277, 15.2529533 ], [ 74.0565999, 15.2529533 ], [ 74.0567487, 15.2529941 ], [ 74.0569208, 15.2530167 ], [ 74.0570558, 15.2530168 ], [ 74.0570558, 15.2530574 ], [ 74.0571907, 15.2531343 ], [ 74.0572976, 15.2533061 ], [ 74.0573627, 15.2534101 ], [ 74.0573767, 15.2534237 ], [ 74.0573905, 15.2534734 ], [ 74.0574185, 15.2535412 ], [ 74.0574324, 15.2536678 ], [ 74.0575114, 15.2538666 ], [ 74.0575114, 15.2539796 ], [ 74.0575113, 15.2541243 ], [ 74.0575391, 15.2544224 ], [ 74.0576181, 15.254671 ], [ 74.0577249, 15.254879 ], [ 74.0577528, 15.254983 ], [ 74.0577527, 15.2550868 ], [ 74.0577899, 15.2553084 ], [ 74.0578178, 15.2554664 ], [ 74.0578734, 15.2558551 ], [ 74.0579523, 15.2562213 ], [ 74.0580035, 15.2564699 ], [ 74.0580312, 15.2566642 ], [ 74.0580869, 15.2569896 ], [ 74.0580729, 15.2571703 ], [ 74.058124, 15.2573015 ], [ 74.0581936, 15.25755 ], [ 74.0581796, 15.2576268 ], [ 74.0582586, 15.2578483 ], [ 74.0582586, 15.2580427 ], [ 74.0583516, 15.2582641 ], [ 74.0584212, 15.2585894 ], [ 74.0585002, 15.2587839 ], [ 74.0586211, 15.2589014 ], [ 74.0588073, 15.259019 ], [ 74.0588071, 15.2591636 ], [ 74.0592491, 15.2592677 ], [ 74.059868, 15.2593629 ], [ 74.0601332, 15.2593721 ], [ 74.06031, 15.2593721 ], [ 74.06051, 15.2593857 ], [ 74.0607241, 15.2593722 ], [ 74.0609383, 15.2593723 ], [ 74.0611661, 15.2593633 ], [ 74.0613802, 15.2593364 ], [ 74.0616222, 15.2593635 ], [ 74.0618223, 15.25935 ], [ 74.0619712, 15.2593726 ], [ 74.0621713, 15.2593864 ], [ 74.0623574, 15.2594134 ], [ 74.0625574, 15.2594272 ], [ 74.0626644, 15.2594272 ], [ 74.0628645, 15.2594408 ], [ 74.0630553, 15.2594544 ], [ 74.0632135, 15.2594816 ], [ 74.0633344, 15.2595946 ], [ 74.0634554, 15.2597121 ], [ 74.0636043, 15.2598071 ], [ 74.0637483, 15.2600014 ], [ 74.0637623, 15.2601054 ], [ 74.0637763, 15.2602456 ], [ 74.0638041, 15.260363 ], [ 74.063883, 15.2606116 ], [ 74.0638831, 15.2607789 ], [ 74.0638969, 15.2609641 ], [ 74.0639247, 15.2610953 ], [ 74.0638036, 15.2614974 ], [ 74.0637103, 15.261886 ], [ 74.0637335, 15.2620307 ], [ 74.0636032, 15.2622927 ], [ 74.0635891, 15.2625548 ], [ 74.06344, 15.2628124 ], [ 74.0633748, 15.2629434 ], [ 74.063305, 15.2630473 ], [ 74.0631746, 15.26335 ], [ 74.0630675, 15.2636076 ], [ 74.0630534, 15.2637793 ], [ 74.0630765, 15.2642177 ], [ 74.0630252, 15.2643488 ], [ 74.0629321, 15.2645204 ], [ 74.0628762, 15.2646605 ], [ 74.062811, 15.264778 ], [ 74.062704, 15.2648954 ], [ 74.0625549, 15.2651711 ], [ 74.0624804, 15.2653609 ], [ 74.0624431, 15.2654287 ], [ 74.0623965, 15.2655325 ], [ 74.0623733, 15.2655913 ], [ 74.0623685, 15.265641 ], [ 74.0623498, 15.2658805 ], [ 74.0623265, 15.2659935 ], [ 74.0623125, 15.2660974 ], [ 74.0623078, 15.2662466 ], [ 74.0623077, 15.2662782 ], [ 74.0623403, 15.2664139 ], [ 74.0623635, 15.2665042 ], [ 74.0623961, 15.2666037 ], [ 74.0624333, 15.2666669 ], [ 74.0624797, 15.2667664 ], [ 74.0625215, 15.2668432 ], [ 74.062689, 15.2669111 ], [ 74.062838, 15.2669292 ], [ 74.0631823, 15.2669021 ], [ 74.0634103, 15.2668842 ], [ 74.0636617, 15.2668527 ], [ 74.0640107, 15.2667036 ], [ 74.0642713, 15.2666449 ], [ 74.0644109, 15.2666133 ], [ 74.0646064, 15.2665592 ], [ 74.0648204, 15.2665503 ], [ 74.0649182, 15.2665276 ], [ 74.0651137, 15.2664691 ], [ 74.0652999, 15.2664194 ], [ 74.0654301, 15.2664104 ], [ 74.0655139, 15.2663878 ], [ 74.0656907, 15.2663473 ], [ 74.0660118, 15.2662885 ], [ 74.0662119, 15.2662569 ], [ 74.0663375, 15.2662435 ], [ 74.0665005, 15.2662435 ], [ 74.0667937, 15.2662346 ], [ 74.0671147, 15.2662573 ], [ 74.067338, 15.2662574 ], [ 74.0676265, 15.2663072 ], [ 74.0680127, 15.266357 ], [ 74.0681616, 15.2664113 ], [ 74.0683105, 15.2664475 ], [ 74.0684268, 15.2665154 ], [ 74.0685711, 15.2665741 ], [ 74.0687432, 15.2666329 ], [ 74.0690595, 15.266859 ], [ 74.0691712, 15.2669088 ], [ 74.0693991, 15.2670625 ], [ 74.0695247, 15.2672297 ], [ 74.0696178, 15.2673292 ], [ 74.0697061, 15.2675416 ], [ 74.0697665, 15.2676502 ], [ 74.0698595, 15.2678354 ], [ 74.0699665, 15.267953 ], [ 74.0700595, 15.2680931 ], [ 74.0701804, 15.2683734 ], [ 74.0701943, 15.2684954 ], [ 74.0702221, 15.2686264 ], [ 74.0702547, 15.2688162 ], [ 74.0703104, 15.2689699 ], [ 74.0703104, 15.2690965 ], [ 74.0703336, 15.2692004 ], [ 74.0703755, 15.2694896 ], [ 74.0704032, 15.2696343 ], [ 74.0704358, 15.2697789 ], [ 74.070431, 15.2699461 ], [ 74.0704681, 15.2701676 ], [ 74.0705101, 15.270267 ], [ 74.0705843, 15.2705382 ], [ 74.0706448, 15.2707732 ], [ 74.0706773, 15.2708681 ], [ 74.070761, 15.2710942 ], [ 74.0709563, 15.2713201 ], [ 74.0710447, 15.2714829 ], [ 74.0712028, 15.2716456 ], [ 74.0713703, 15.2717948 ], [ 74.0714634, 15.2718898 ], [ 74.0716215, 15.2719937 ], [ 74.0718402, 15.2721203 ], [ 74.0723426, 15.2724866 ], [ 74.0724915, 15.2725725 ], [ 74.0727241, 15.2728121 ], [ 74.0728915, 15.2729342 ], [ 74.073045, 15.2731059 ], [ 74.0732405, 15.2732732 ], [ 74.07358, 15.2736619 ], [ 74.0736358, 15.2737342 ], [ 74.0737215, 15.2738263 ], [ 74.0737754, 15.273879 ], [ 74.0738823, 15.2739919 ], [ 74.0739335, 15.2740778 ], [ 74.0740312, 15.2741909 ], [ 74.0740824, 15.2742541 ], [ 74.0741242, 15.2743264 ], [ 74.0741474, 15.2744033 ], [ 74.0741893, 15.2744666 ], [ 74.0742358, 15.2745435 ], [ 74.074273, 15.2745841 ], [ 74.0743603, 15.2746866 ], [ 74.0744014, 15.2745956 ], [ 74.0744453, 15.2744982 ], [ 74.0744632, 15.274483 ], [ 74.0745942, 15.2743718 ], [ 74.074665, 15.2743 ], [ 74.0746967, 15.2742678 ], [ 74.0747478, 15.2741958 ], [ 74.0747897, 15.2741368 ], [ 74.0748829, 15.2739697 ], [ 74.0749034, 15.2739421 ], [ 74.0749807, 15.2738386 ], [ 74.0750407, 15.2737691 ], [ 74.0751249, 15.2736715 ], [ 74.0753388, 15.2734639 ], [ 74.0754043, 15.2734003 ], [ 74.0755534, 15.2732963 ], [ 74.0756323, 15.2732287 ], [ 74.0757906, 15.2731384 ], [ 74.0758893, 15.2731384 ], [ 74.0759396, 15.2731384 ], [ 74.0761768, 15.2731159 ], [ 74.0762493, 15.2731093 ], [ 74.0763258, 15.2731024 ], [ 74.076498, 15.273116 ], [ 74.0766311, 15.2731863 ], [ 74.076712, 15.273229 ], [ 74.0768562, 15.2732833 ], [ 74.0770006, 15.273342 ], [ 74.0771121, 15.2733873 ], [ 74.0772842, 15.273541 ], [ 74.0773509, 15.2735686 ], [ 74.0774704, 15.2736179 ], [ 74.0775882, 15.2736971 ], [ 74.0776428, 15.2737232 ], [ 74.0778147, 15.2738033 ], [ 74.0779153, 15.2738841 ], [ 74.0780566, 15.2739977 ], [ 74.0781995, 15.2740584 ], [ 74.0783014, 15.2741076 ], [ 74.0785219, 15.2742147 ], [ 74.0786428, 15.2743865 ], [ 74.0789629, 15.2745533 ], [ 74.079136, 15.2747075 ], [ 74.0792832, 15.2747592 ], [ 74.0794709, 15.2748252 ], [ 74.0795658, 15.274882 ], [ 74.0797501, 15.2749924 ], [ 74.0803363, 15.275458 ], [ 74.0808528, 15.2756751 ], [ 74.0812018, 15.2758198 ], [ 74.0814251, 15.2759735 ], [ 74.0816255, 15.2760591 ], [ 74.0817322, 15.2761047 ], [ 74.0819462, 15.2761951 ], [ 74.0822254, 15.2762992 ], [ 74.082331, 15.2763385 ], [ 74.0825046, 15.2764031 ], [ 74.0826116, 15.2764302 ], [ 74.0827186, 15.2764393 ], [ 74.0828909, 15.2764529 ], [ 74.0830258, 15.27648 ], [ 74.0831618, 15.2764801 ], [ 74.0832398, 15.2764802 ], [ 74.0834492, 15.2764803 ], [ 74.0834866, 15.2764803 ], [ 74.0835982, 15.2764802 ], [ 74.0837679, 15.2765204 ], [ 74.0838773, 15.27653 ], [ 74.0841207, 15.2764389 ], [ 74.0841427, 15.2764307 ], [ 74.0843568, 15.2762861 ], [ 74.0845197, 15.2761416 ], [ 74.0845455, 15.2761084 ], [ 74.08465, 15.2759744 ], [ 74.0846898, 15.2759358 ], [ 74.0847571, 15.2758705 ], [ 74.0847911, 15.2758174 ], [ 74.0848641, 15.2757033 ], [ 74.0849984, 15.275476 ], [ 74.0850644, 15.2753643 ], [ 74.0853577, 15.2749668 ], [ 74.0855578, 15.2747046 ], [ 74.0857953, 15.2744606 ], [ 74.085845, 15.2743852 ], [ 74.0860513, 15.2740721 ], [ 74.0861817, 15.2737739 ], [ 74.0863167, 15.2736563 ], [ 74.0865169, 15.2733853 ], [ 74.086638, 15.2732316 ], [ 74.086866, 15.2730237 ], [ 74.0869391, 15.2729415 ], [ 74.0869824, 15.2728927 ], [ 74.0869927, 15.2728748 ], [ 74.0870057, 15.2728521 ], [ 74.0874199, 15.2725178 ], [ 74.0878854, 15.2722829 ], [ 74.0879954, 15.2722136 ], [ 74.0881507, 15.2721157 ], [ 74.0883212, 15.2721158 ], [ 74.0883927, 15.2721158 ], [ 74.0884683, 15.2720424 ], [ 74.0885137, 15.2719982 ], [ 74.0888209, 15.2717543 ], [ 74.0889512, 15.2715827 ], [ 74.0890482, 15.27143 ], [ 74.0891235, 15.2713114 ], [ 74.0893516, 15.2709635 ], [ 74.0894045, 15.2708609 ], [ 74.0894726, 15.2707285 ], [ 74.0896449, 15.2704574 ], [ 74.0898056, 15.2702453 ], [ 74.0899289, 15.2700824 ], [ 74.0899864, 15.269978 ], [ 74.090036, 15.2698882 ], [ 74.0900664, 15.269824 ], [ 74.0901152, 15.2697209 ], [ 74.0901989, 15.269617 ], [ 74.0903293, 15.2693458 ], [ 74.0903808, 15.2692523 ], [ 74.0904364, 15.2691515 ], [ 74.0904718, 15.2690873 ], [ 74.0905435, 15.2689573 ], [ 74.0907018, 15.2687223 ], [ 74.0907436, 15.2686319 ], [ 74.0907949, 15.2685687 ], [ 74.0908507, 15.268415 ], [ 74.0908507, 15.2682671 ], [ 74.0908507, 15.2682433 ], [ 74.0909718, 15.268076 ], [ 74.0910788, 15.267936 ], [ 74.091099, 15.2679125 ], [ 74.0912511, 15.2678411 ], [ 74.0914652, 15.2675429 ], [ 74.0914883, 15.2675283 ], [ 74.0916654, 15.2674164 ], [ 74.0918096, 15.2673486 ], [ 74.0918606, 15.2673103 ], [ 74.0919958, 15.2672086 ], [ 74.0921117, 15.2671893 ], [ 74.0921586, 15.2671815 ], [ 74.0923588, 15.2671951 ], [ 74.092542, 15.267184 ], [ 74.0925822, 15.2671816 ], [ 74.0926738, 15.2671754 ], [ 74.0927822, 15.267168 ], [ 74.0928718, 15.2671957 ], [ 74.0930815, 15.2672599 ], [ 74.0933173, 15.2673128 ], [ 74.0935207, 15.2673509 ], [ 74.0935825, 15.2673626 ], [ 74.0938896, 15.2674304 ], [ 74.0941736, 15.2675104 ], [ 74.0942107, 15.2675209 ], [ 74.0943968, 15.2675706 ], [ 74.0945893, 15.267601 ], [ 74.0947412, 15.2676249 ], [ 74.0950202, 15.2677494 ], [ 74.0952045, 15.2677864 ], [ 74.0954903, 15.2678419 ], [ 74.0958346, 15.2679596 ], [ 74.0959975, 15.2680138 ], [ 74.0961264, 15.2680308 ], [ 74.0961697, 15.2680365 ], [ 74.0963837, 15.26805 ], [ 74.0965071, 15.2680434 ], [ 74.0966349, 15.2680366 ], [ 74.0968062, 15.2680729 ], [ 74.0968909, 15.2680908 ], [ 74.0969711, 15.2681129 ], [ 74.0971701, 15.2681677 ], [ 74.0973341, 15.2681796 ], [ 74.0973562, 15.2681812 ], [ 74.0975843, 15.268222 ], [ 74.0977704, 15.2682852 ], [ 74.0979286, 15.2683214 ], [ 74.0981937, 15.2683757 ], [ 74.0984024, 15.2684022 ], [ 74.0987289, 15.2684391 ], [ 74.09905, 15.2683759 ], [ 74.0993152, 15.2684934 ], [ 74.0994422, 15.2684834 ], [ 74.0996595, 15.2684664 ], [ 74.0997604, 15.2684316 ], [ 74.0998039, 15.2684167 ], [ 74.0999527, 15.268376 ], [ 74.1001135, 15.2683302 ], [ 74.1002693, 15.2682857 ] ] ] } },
{ "type": "Feature", "properties": { "taluka": "Salcete", "subdt_lgd": 5616, "district_in_lgd_file": "South Goa", "district_2026": "South Goa" }, "geometry": { "type": "Polygon", "coordinates": [ [ [ 73.9604405, 15.3698292 ], [ 73.9620899, 15.3688739 ], [ 73.9633671, 15.3682021 ], [ 73.9657777, 15.3673937 ], [ 73.9671431, 15.3673104 ], [ 73.9683299, 15.3673327 ], [ 73.9696268, 15.3674606 ], [ 73.9709699, 15.3676119 ], [ 73.9719735, 15.3677399 ], [ 73.9730676, 15.3677382 ], [ 73.9745095, 15.3675295 ], [ 73.9745655, 15.3675213 ], [ 73.9759261, 15.3671578 ], [ 73.9770265, 15.3667587 ], [ 73.9777805, 15.3664854 ], [ 73.9787892, 15.365701 ], [ 73.9794842, 15.3650339 ], [ 73.9806898, 15.3638821 ], [ 73.9847687, 15.3593139 ], [ 73.9855813, 15.3584039 ], [ 73.9868282, 15.3570073 ], [ 73.987591, 15.3561528 ], [ 73.9877454, 15.3559894 ], [ 73.9883107, 15.3553912 ], [ 73.9892016, 15.3546953 ], [ 73.9894299, 15.3545713 ], [ 73.9905211, 15.3539787 ], [ 73.9925302, 15.3532182 ], [ 73.9947257, 15.3523822 ], [ 73.9951671, 15.3522142 ], [ 73.995249, 15.3521919 ], [ 73.9962844, 15.35191 ], [ 73.9965888, 15.3516873 ], [ 73.9967319, 15.3515825 ], [ 73.9976954, 15.3512987 ], [ 73.9992133, 15.3511283 ], [ 73.9994092, 15.3511323 ], [ 73.9996755, 15.3511377 ], [ 73.9998991, 15.3508531 ], [ 74.0001694, 15.3505686 ], [ 74.0003138, 15.3504512 ], [ 74.0003684, 15.3504018 ], [ 74.0005281, 15.350257 ], [ 74.0007284, 15.3500763 ], [ 74.0008588, 15.3500132 ], [ 74.0008771, 15.3499921 ], [ 74.0010593, 15.3497828 ], [ 74.0012556, 15.3496146 ], [ 74.0012898, 15.3495661 ], [ 74.0014228, 15.3493673 ], [ 74.001502, 15.3492227 ], [ 74.0015253, 15.3491977 ], [ 74.0016324, 15.3490827 ], [ 74.0019399, 15.3488253 ], [ 74.002075, 15.3486446 ], [ 74.0021589, 15.3485821 ], [ 74.0021962, 15.3485543 ], [ 74.0023965, 15.3484641 ], [ 74.0025828, 15.3483603 ], [ 74.0026922, 15.3483307 ], [ 74.0027829, 15.3483061 ], [ 74.0030485, 15.3482158 ], [ 74.0030984, 15.3481865 ], [ 74.0031789, 15.3481392 ], [ 74.0033107, 15.3480798 ], [ 74.0033791, 15.3480489 ], [ 74.0035933, 15.3479044 ], [ 74.0037517, 15.3478005 ], [ 74.0039799, 15.347647 ], [ 74.0043292, 15.3475298 ], [ 74.0043876, 15.347492 ], [ 74.0045667, 15.3473763 ], [ 74.0047068, 15.3473006 ], [ 74.0048089, 15.3472454 ], [ 74.0048868, 15.3471858 ], [ 74.0050745, 15.3470422 ], [ 74.0052188, 15.3469383 ], [ 74.00534, 15.3468706 ], [ 74.0055542, 15.3467307 ], [ 74.0056613, 15.3465996 ], [ 74.0057546, 15.3465229 ], [ 74.0058478, 15.3463692 ], [ 74.005941, 15.3462382 ], [ 74.0059795, 15.3461747 ], [ 74.0060203, 15.3461073 ], [ 74.0060382, 15.3460087 ], [ 74.0060482, 15.3459536 ], [ 74.0061932, 15.3456937 ], [ 74.0062348, 15.3456192 ], [ 74.0062474, 15.3455964 ], [ 74.0063, 15.3455019 ], [ 74.0063619, 15.3454136 ], [ 74.0064585, 15.345276 ], [ 74.0065518, 15.3450049 ], [ 74.0065561, 15.3449673 ], [ 74.0065799, 15.3447608 ], [ 74.0066162, 15.3445956 ], [ 74.0066454, 15.3444626 ], [ 74.0066722, 15.3443226 ], [ 74.0066827, 15.3442682 ], [ 74.0066827, 15.3442298 ], [ 74.0066829, 15.3440241 ], [ 74.0067669, 15.3437486 ], [ 74.006767, 15.3436391 ], [ 74.0067671, 15.3435814 ], [ 74.0067672, 15.3434582 ], [ 74.0067672, 15.3434412 ], [ 74.0068045, 15.3432831 ], [ 74.0068047, 15.3431036 ], [ 74.0068047, 15.3430525 ], [ 74.0068009, 15.3430276 ], [ 74.0067907, 15.3429622 ], [ 74.0067538, 15.3426774 ], [ 74.0067425, 15.3425877 ], [ 74.006726, 15.3424559 ], [ 74.0066751, 15.3420898 ], [ 74.0065915, 15.3418321 ], [ 74.0065265, 15.3415971 ], [ 74.0065126, 15.3414162 ], [ 74.0064337, 15.3412083 ], [ 74.0064155, 15.34109 ], [ 74.0064058, 15.3410275 ], [ 74.0063268, 15.340824 ], [ 74.0062478, 15.3406658 ], [ 74.0061549, 15.3404579 ], [ 74.0061131, 15.3403106 ], [ 74.0060482, 15.3400827 ], [ 74.0060217, 15.339963 ], [ 74.0059971, 15.3398521 ], [ 74.0059554, 15.3397075 ], [ 74.0059394, 15.3396591 ], [ 74.0059136, 15.3395809 ], [ 74.0058621, 15.3394489 ], [ 74.0057417, 15.3390701 ], [ 74.0057045, 15.3389164 ], [ 74.0056488, 15.3387085 ], [ 74.0055839, 15.3384643 ], [ 74.0055282, 15.3382971 ], [ 74.0054492, 15.3380349 ], [ 74.0053843, 15.3377004 ], [ 74.0052913, 15.3375557 ], [ 74.0052404, 15.3370676 ], [ 74.0051848, 15.3368055 ], [ 74.0051989, 15.3365207 ], [ 74.0052783, 15.3363264 ], [ 74.0052783, 15.3361953 ], [ 74.0052785, 15.3360416 ], [ 74.0052646, 15.3358202 ], [ 74.0052415, 15.3357163 ], [ 74.0052276, 15.3355761 ], [ 74.005251, 15.3354316 ], [ 74.0052512, 15.335305 ], [ 74.0052792, 15.3351106 ], [ 74.0052933, 15.3349796 ], [ 74.0053072, 15.3349661 ], [ 74.0053074, 15.3348395 ], [ 74.0053075, 15.3347084 ], [ 74.0053075, 15.3346813 ], [ 74.0053868, 15.3345142 ], [ 74.00548, 15.3342385 ], [ 74.0055314, 15.3340713 ], [ 74.0056246, 15.3339132 ], [ 74.0056666, 15.333746 ], [ 74.0056808, 15.3335382 ], [ 74.0056949, 15.3333981 ], [ 74.0057601, 15.333267 ], [ 74.0058021, 15.3331496 ], [ 74.0058814, 15.3329055 ], [ 74.0058955, 15.3327745 ], [ 74.0059095, 15.3326615 ], [ 74.005933, 15.3325168 ], [ 74.005947, 15.3323632 ], [ 74.0059472, 15.3321689 ], [ 74.0060265, 15.3318707 ], [ 74.0060826, 15.3316763 ], [ 74.0061198, 15.3315589 ], [ 74.0062041, 15.3309759 ], [ 74.0062973, 15.3308449 ], [ 74.0063906, 15.3305738 ], [ 74.0064141, 15.3303026 ], [ 74.0064702, 15.3300179 ], [ 74.0065635, 15.3297062 ], [ 74.0066288, 15.3294847 ], [ 74.0067082, 15.3292408 ], [ 74.0067641, 15.3290465 ], [ 74.0068436, 15.3287075 ], [ 74.0068578, 15.3284137 ], [ 74.0069652, 15.3279845 ], [ 74.0070165, 15.3278671 ], [ 74.0071752, 15.3272299 ], [ 74.0072826, 15.3268322 ], [ 74.0073107, 15.3266876 ], [ 74.0074319, 15.3263261 ], [ 74.0074973, 15.326055 ], [ 74.007712, 15.3254043 ], [ 74.0077633, 15.3251965 ], [ 74.0077914, 15.3250157 ], [ 74.0078334, 15.3248214 ], [ 74.0078847, 15.3245864 ], [ 74.0079781, 15.3243288 ], [ 74.0080341, 15.3240848 ], [ 74.0080995, 15.3238364 ], [ 74.0081369, 15.3236058 ], [ 74.0082349, 15.3232444 ], [ 74.0082723, 15.3230726 ], [ 74.0083376, 15.3228693 ], [ 74.0083796, 15.3226976 ], [ 74.0084077, 15.3224943 ], [ 74.0084311, 15.3222999 ], [ 74.0084592, 15.3221418 ], [ 74.0085244, 15.3219339 ], [ 74.0086459, 15.321351 ], [ 74.008688, 15.3210528 ], [ 74.0087255, 15.3207409 ], [ 74.0087164, 15.320533 ], [ 74.0087818, 15.3202212 ], [ 74.0088331, 15.3200811 ], [ 74.0088752, 15.3197829 ], [ 74.0089267, 15.3194485 ], [ 74.0089687, 15.3192406 ], [ 74.0090061, 15.3189559 ], [ 74.0090203, 15.3187209 ], [ 74.0090623, 15.3185401 ], [ 74.0090904, 15.318373 ], [ 74.0091417, 15.3182329 ], [ 74.0091975, 15.3182419 ], [ 74.0096367, 15.3161 ], [ 74.0097673, 15.3156843 ], [ 74.0097675, 15.3154267 ], [ 74.0098096, 15.3151556 ], [ 74.0098378, 15.3148844 ], [ 74.009889, 15.3147398 ], [ 74.0099311, 15.3145093 ], [ 74.0099824, 15.3143647 ], [ 74.0100477, 15.3142111 ], [ 74.0100898, 15.3139806 ], [ 74.0101178, 15.3137456 ], [ 74.0102112, 15.3134339 ], [ 74.0102346, 15.3132803 ], [ 74.0103045, 15.3130995 ], [ 74.0103978, 15.3129549 ], [ 74.0104352, 15.3126477 ], [ 74.0105425, 15.3124263 ], [ 74.0106498, 15.3120241 ], [ 74.010729, 15.3118299 ], [ 74.010799, 15.3116491 ], [ 74.0108923, 15.3114051 ], [ 74.0109716, 15.311238 ], [ 74.0110088, 15.3111838 ], [ 74.0113442, 15.3107817 ], [ 74.0115306, 15.3104429 ], [ 74.0117451, 15.3100046 ], [ 74.0118476, 15.3098239 ], [ 74.0120899, 15.3095755 ], [ 74.0121272, 15.3093179 ], [ 74.0123183, 15.3090468 ], [ 74.0124629, 15.3085272 ], [ 74.0125283, 15.3082696 ], [ 74.0125284, 15.3080979 ], [ 74.0125285, 15.3079578 ], [ 74.0125426, 15.30775 ], [ 74.0125288, 15.3076324 ], [ 74.0124358, 15.3074922 ], [ 74.0124359, 15.3073884 ], [ 74.0124499, 15.3072573 ], [ 74.0124222, 15.3069861 ], [ 74.0124222, 15.3068956 ], [ 74.0124503, 15.306724 ], [ 74.0123017, 15.3063216 ], [ 74.0122507, 15.3060143 ], [ 74.0121857, 15.3058199 ], [ 74.0121998, 15.3057024 ], [ 74.0121859, 15.3055217 ], [ 74.0121303, 15.305264 ], [ 74.0121304, 15.3049928 ], [ 74.0122004, 15.3048121 ], [ 74.0122797, 15.3045003 ], [ 74.012345, 15.3044235 ], [ 74.0124243, 15.3042112 ], [ 74.0124802, 15.304044 ], [ 74.0125967, 15.3038362 ], [ 74.012783, 15.3036961 ], [ 74.01296, 15.3034342 ], [ 74.0131696, 15.3032535 ], [ 74.0133838, 15.3031136 ], [ 74.0134491, 15.3030096 ], [ 74.0136493, 15.302829 ], [ 74.0137844, 15.3027251 ], [ 74.0139427, 15.3026981 ], [ 74.0140777, 15.3025942 ], [ 74.0142221, 15.3024136 ], [ 74.0144224, 15.3022872 ], [ 74.0146225, 15.3022059 ], [ 74.0148367, 15.3021157 ], [ 74.0151673, 15.3018944 ], [ 74.0153908, 15.301777 ], [ 74.0155398, 15.3017003 ], [ 74.0157121, 15.3016236 ], [ 74.0158331, 15.3016101 ], [ 74.0159913, 15.301547 ], [ 74.0162195, 15.3014296 ], [ 74.0164849, 15.3013755 ], [ 74.0165919, 15.301362 ], [ 74.0168293, 15.3012989 ], [ 74.0172064, 15.3012494 ], [ 74.0174158, 15.3012089 ], [ 74.0177369, 15.3011684 ], [ 74.0179232, 15.3011323 ], [ 74.0181885, 15.3010692 ], [ 74.0183746, 15.3011055 ], [ 74.0189053, 15.3010289 ], [ 74.0190729, 15.301002 ], [ 74.019273, 15.3010021 ], [ 74.0193801, 15.3009931 ], [ 74.0196267, 15.3009752 ], [ 74.0198455, 15.3009482 ], [ 74.0200922, 15.3009438 ], [ 74.0202458, 15.3009394 ], [ 74.0204971, 15.3009938 ], [ 74.0206693, 15.3009487 ], [ 74.0208369, 15.3009261 ], [ 74.0213442, 15.3009265 ], [ 74.0216327, 15.300913 ], [ 74.0217816, 15.3009313 ], [ 74.0220284, 15.3008998 ], [ 74.0221494, 15.3009134 ], [ 74.0223123, 15.3008999 ], [ 74.02241, 15.3008819 ], [ 74.0225776, 15.300882 ], [ 74.0227498, 15.3009001 ], [ 74.022908, 15.3008957 ], [ 74.0230849, 15.3008823 ], [ 74.0233502, 15.3009322 ], [ 74.0236714, 15.300851 ], [ 74.0238482, 15.3008646 ], [ 74.0240996, 15.3008151 ], [ 74.0243788, 15.3008153 ], [ 74.0246348, 15.3008245 ], [ 74.0250723, 15.3007614 ], [ 74.0252725, 15.3007751 ], [ 74.0256448, 15.3007753 ], [ 74.0259939, 15.300789 ], [ 74.0262173, 15.3007891 ], [ 74.0268036, 15.3009568 ], [ 74.0270829, 15.3009433 ], [ 74.0272318, 15.3009434 ], [ 74.0275762, 15.3009843 ], [ 74.027753, 15.3010883 ], [ 74.0282695, 15.3012061 ], [ 74.0288978, 15.301333 ], [ 74.029312, 15.3014236 ], [ 74.0295912, 15.3014779 ], [ 74.0298704, 15.301686 ], [ 74.0301356, 15.3017494 ], [ 74.0303915, 15.3018264 ], [ 74.0306708, 15.3019034 ], [ 74.0309359, 15.3020708 ], [ 74.0313081, 15.3023964 ], [ 74.0317734, 15.3025503 ], [ 74.0320572, 15.3027447 ], [ 74.0321874, 15.3028261 ], [ 74.0324526, 15.3029799 ], [ 74.0326295, 15.3030569 ], [ 74.0330669, 15.3032514 ], [ 74.033239, 15.3034097 ], [ 74.033574, 15.3035093 ], [ 74.0337601, 15.3036134 ], [ 74.0341091, 15.3037943 ], [ 74.0342673, 15.3038622 ], [ 74.0345744, 15.3039888 ], [ 74.0351095, 15.3043146 ], [ 74.0355096, 15.3044593 ], [ 74.0360028, 15.3047308 ], [ 74.0363332, 15.3048485 ], [ 74.0365472, 15.3050429 ], [ 74.0371614, 15.3053144 ], [ 74.0374825, 15.3054411 ], [ 74.0376407, 15.3055225 ], [ 74.0379199, 15.3056221 ], [ 74.0381758, 15.3058075 ], [ 74.0383852, 15.3058166 ], [ 74.0386132, 15.3059749 ], [ 74.0387482, 15.3060112 ], [ 74.0388273, 15.3059977 ], [ 74.0389715, 15.3060113 ], [ 74.0391857, 15.3060249 ], [ 74.0392927, 15.3060521 ], [ 74.0393718, 15.3060657 ], [ 74.0395487, 15.3060251 ], [ 74.0396418, 15.3060116 ], [ 74.0398979, 15.3059077 ], [ 74.040019, 15.3057948 ], [ 74.0401121, 15.3056909 ], [ 74.0402425, 15.3055871 ], [ 74.0403496, 15.3054968 ], [ 74.0405406, 15.3052257 ], [ 74.040657, 15.3051082 ], [ 74.0407502, 15.3049275 ], [ 74.0407783, 15.3046564 ], [ 74.0408853, 15.3045886 ], [ 74.0409646, 15.3043807 ], [ 74.0410205, 15.3042271 ], [ 74.0411276, 15.3040599 ], [ 74.0412582, 15.303721 ], [ 74.0412862, 15.3035674 ], [ 74.0412863, 15.303477 ], [ 74.0413795, 15.3032194 ], [ 74.0414075, 15.3030748 ], [ 74.0414587, 15.3029438 ], [ 74.041538, 15.3026863 ], [ 74.0416173, 15.3025552 ], [ 74.0417244, 15.3024287 ], [ 74.0417942, 15.3022344 ], [ 74.0418875, 15.302013 ], [ 74.0418736, 15.3019361 ], [ 74.0420599, 15.3017012 ], [ 74.0420879, 15.3015747 ], [ 74.0421671, 15.3013669 ], [ 74.0422184, 15.3012494 ], [ 74.0422185, 15.3010957 ], [ 74.0423815, 15.3009015 ], [ 74.0425399, 15.3005762 ], [ 74.042647, 15.3004722 ], [ 74.0427541, 15.3003051 ], [ 74.0428333, 15.3001379 ], [ 74.0429405, 15.2999933 ], [ 74.0430476, 15.2998668 ], [ 74.0432338, 15.2997088 ], [ 74.0433131, 15.2995642 ], [ 74.0434853, 15.2994513 ], [ 74.0436483, 15.2992796 ], [ 74.0438718, 15.2991531 ], [ 74.0440207, 15.2990357 ], [ 74.0442722, 15.2989455 ], [ 74.044449, 15.2988416 ], [ 74.0446074, 15.2987648 ], [ 74.0448588, 15.2985977 ], [ 74.0449799, 15.2985029 ], [ 74.0451009, 15.2984397 ], [ 74.0451288, 15.2984396 ], [ 74.0453289, 15.2983765 ], [ 74.0454873, 15.2982998 ], [ 74.0456595, 15.2982185 ], [ 74.0458084, 15.2982185 ], [ 74.0459807, 15.2982096 ], [ 74.046246, 15.298169 ], [ 74.046353, 15.298169 ], [ 74.0465777, 15.298178 ], [ 74.0466974, 15.2981828 ], [ 74.0468556, 15.298219 ], [ 74.0471395, 15.2982101 ], [ 74.047363, 15.2981695 ], [ 74.0476189, 15.2982193 ], [ 74.0477632, 15.2982601 ], [ 74.0479912, 15.2982873 ], [ 74.0481774, 15.29831 ], [ 74.0484427, 15.2983372 ], [ 74.0486148, 15.2984277 ], [ 74.0487777, 15.2984548 ], [ 74.0490569, 15.2984821 ], [ 74.0491221, 15.2984686 ], [ 74.0492012, 15.2984957 ], [ 74.0494013, 15.2985184 ], [ 74.0496015, 15.2985456 ], [ 74.0497503, 15.2985999 ], [ 74.0498946, 15.2986362 ], [ 74.0500715, 15.2986769 ], [ 74.0502297, 15.2986905 ], [ 74.0503647, 15.298677 ], [ 74.050616, 15.2986635 ], [ 74.0507649, 15.2986637 ], [ 74.0509744, 15.298727 ], [ 74.0513513, 15.2987407 ], [ 74.0515747, 15.2987679 ], [ 74.0517748, 15.2988177 ], [ 74.0521239, 15.2988314 ], [ 74.0523752, 15.298845 ], [ 74.0526405, 15.2988588 ], [ 74.0529197, 15.2988588 ], [ 74.0535062, 15.2988455 ], [ 74.0539204, 15.2988051 ], [ 74.0544929, 15.2987827 ], [ 74.0549211, 15.2987286 ], [ 74.0553447, 15.2986655 ], [ 74.0556146, 15.2986249 ], [ 74.056094, 15.298589 ], [ 74.0565316, 15.2984988 ], [ 74.0567969, 15.2984175 ], [ 74.057146, 15.2983679 ], [ 74.0575974, 15.2982913 ], [ 74.0577324, 15.2982778 ], [ 74.0579465, 15.2982643 ], [ 74.0581327, 15.2982238 ], [ 74.0584633, 15.298147 ], [ 74.0587704, 15.2980839 ], [ 74.0591567, 15.2980434 ], [ 74.0594267, 15.2979531 ], [ 74.0603391, 15.2976416 ], [ 74.0604, 15.297612 ], [ 74.0605253, 15.2975512 ], [ 74.0608558, 15.2975016 ], [ 74.0611397, 15.2973978 ], [ 74.0614329, 15.2973302 ], [ 74.0616424, 15.2972805 ], [ 74.0618705, 15.2972173 ], [ 74.0621637, 15.2972174 ], [ 74.0624057, 15.2971362 ], [ 74.0626292, 15.2970233 ], [ 74.0627781, 15.2969691 ], [ 74.0630714, 15.2968517 ], [ 74.0632158, 15.2968156 ], [ 74.0636579, 15.2967118 ], [ 74.0638767, 15.2965447 ], [ 74.0641979, 15.2964273 ], [ 74.0644772, 15.2962963 ], [ 74.0648217, 15.2961564 ], [ 74.0650777, 15.2960525 ], [ 74.065236, 15.295935 ], [ 74.065492, 15.2958447 ], [ 74.0657015, 15.2957002 ], [ 74.0659435, 15.2956098 ], [ 74.0661018, 15.2955873 ], [ 74.066302, 15.2954427 ], [ 74.066544, 15.2952756 ], [ 74.0666372, 15.2951852 ], [ 74.0669771, 15.2949504 ], [ 74.0671633, 15.2947832 ], [ 74.0674426, 15.294589 ], [ 74.0677499, 15.294318 ], [ 74.0679361, 15.2941869 ], [ 74.0681782, 15.2940334 ], [ 74.0683225, 15.2939521 ], [ 74.0685507, 15.293785 ], [ 74.0686856, 15.2936675 ], [ 74.0690581, 15.2934642 ], [ 74.0692164, 15.2933603 ], [ 74.0694584, 15.2931751 ], [ 74.0695375, 15.2930757 ], [ 74.0698122, 15.2928001 ], [ 74.0699706, 15.2926691 ], [ 74.0701428, 15.2925291 ], [ 74.0702779, 15.292398 ], [ 74.0703058, 15.2923212 ], [ 74.0704501, 15.2921766 ], [ 74.0706503, 15.2919733 ], [ 74.0707714, 15.2918559 ], [ 74.0708785, 15.2916752 ], [ 74.0710088, 15.291517 ], [ 74.0710648, 15.291413 ], [ 74.0710788, 15.2913227 ], [ 74.0711952, 15.2910922 ], [ 74.0712511, 15.2909251 ], [ 74.0712651, 15.290794 ], [ 74.0712791, 15.290663 ], [ 74.0712885, 15.2904957 ], [ 74.0712886, 15.2903285 ], [ 74.0712654, 15.2900935 ], [ 74.0712516, 15.2898495 ], [ 74.0712099, 15.289289 ], [ 74.0712099, 15.2891851 ], [ 74.0711169, 15.289045 ], [ 74.0710518, 15.2888099 ], [ 74.0709589, 15.288489 ], [ 74.070931, 15.2883309 ], [ 74.070838, 15.2880867 ], [ 74.070759, 15.2879421 ], [ 74.070559, 15.2876709 ], [ 74.0704752, 15.2874404 ], [ 74.0703172, 15.2869432 ], [ 74.0701964, 15.2866991 ], [ 74.0701173, 15.2865183 ], [ 74.0700243, 15.2863104 ], [ 74.0699591, 15.2862336 ], [ 74.0699313, 15.2861025 ], [ 74.0698663, 15.2859488 ], [ 74.0698104, 15.2858042 ], [ 74.0697313, 15.285637 ], [ 74.0696896, 15.2854561 ], [ 74.0696803, 15.2853115 ], [ 74.0696664, 15.2851986 ], [ 74.0696386, 15.2848596 ], [ 74.0696108, 15.2845884 ], [ 74.0695598, 15.2842765 ], [ 74.0695319, 15.2840053 ], [ 74.0696251, 15.2836665 ], [ 74.0696904, 15.2834359 ], [ 74.0697323, 15.2833456 ], [ 74.0697882, 15.283201 ], [ 74.0698814, 15.2828667 ], [ 74.0699978, 15.2827492 ], [ 74.0700537, 15.2826453 ], [ 74.0701189, 15.2825006 ], [ 74.0701609, 15.2823877 ], [ 74.0702121, 15.2822566 ], [ 74.0703843, 15.2820759 ], [ 74.0706032, 15.2817099 ], [ 74.0707615, 15.2815021 ], [ 74.0709477, 15.2812716 ], [ 74.0710689, 15.2810638 ], [ 74.0712039, 15.2808424 ], [ 74.0713761, 15.2806752 ], [ 74.0715345, 15.2804674 ], [ 74.0716276, 15.2802324 ], [ 74.0718138, 15.2800291 ], [ 74.0719209, 15.2798574 ], [ 74.072056, 15.2796631 ], [ 74.0721351, 15.2795592 ], [ 74.0721883, 15.2794482 ], [ 74.0722282, 15.2793648 ], [ 74.0724145, 15.2791842 ], [ 74.0724936, 15.2791209 ], [ 74.0725868, 15.2789402 ], [ 74.0727078, 15.2787956 ], [ 74.0727358, 15.2787459 ], [ 74.0729685, 15.2784748 ], [ 74.0729965, 15.2783031 ], [ 74.0731176, 15.2780997 ], [ 74.0733039, 15.2778377 ], [ 74.0734342, 15.2775937 ], [ 74.0735274, 15.2773994 ], [ 74.0735693, 15.277309 ], [ 74.0736345, 15.2771509 ], [ 74.0736764, 15.2770107 ], [ 74.0737138, 15.2768797 ], [ 74.0738348, 15.2766628 ], [ 74.0739606, 15.2763194 ], [ 74.0741097, 15.2759714 ], [ 74.0741609, 15.2758042 ], [ 74.0742447, 15.2754925 ], [ 74.0743379, 15.2752982 ], [ 74.0743985, 15.2750044 ], [ 74.0743474, 15.2747152 ], [ 74.0743603, 15.2746866 ], [ 74.074273, 15.2745841 ], [ 74.0742358, 15.2745435 ], [ 74.0741893, 15.2744666 ], [ 74.0741474, 15.2744033 ], [ 74.0741242, 15.2743264 ], [ 74.0740824, 15.2742541 ], [ 74.0740312, 15.2741909 ], [ 74.0739335, 15.2740778 ], [ 74.0738823, 15.2739919 ], [ 74.0737754, 15.273879 ], [ 74.0737215, 15.2738263 ], [ 74.0736358, 15.2737342 ], [ 74.07358, 15.2736619 ], [ 74.0732405, 15.2732732 ], [ 74.073045, 15.2731059 ], [ 74.0728915, 15.2729342 ], [ 74.0727241, 15.2728121 ], [ 74.0724915, 15.2725725 ], [ 74.0723426, 15.2724866 ], [ 74.0718402, 15.2721203 ], [ 74.0716215, 15.2719937 ], [ 74.0714634, 15.2718898 ], [ 74.0713703, 15.2717948 ], [ 74.0712028, 15.2716456 ], [ 74.0710447, 15.2714829 ], [ 74.0709563, 15.2713201 ], [ 74.070761, 15.2710942 ], [ 74.0706773, 15.2708681 ], [ 74.0706448, 15.2707732 ], [ 74.0705843, 15.2705382 ], [ 74.0705101, 15.270267 ], [ 74.0704681, 15.2701676 ], [ 74.070431, 15.2699461 ], [ 74.0704358, 15.2697789 ], [ 74.0704032, 15.2696343 ], [ 74.0703755, 15.2694896 ], [ 74.0703336, 15.2692004 ], [ 74.0703104, 15.2690965 ], [ 74.0703104, 15.2689699 ], [ 74.0702547, 15.2688162 ], [ 74.0702221, 15.2686264 ], [ 74.0701943, 15.2684954 ], [ 74.0701804, 15.2683734 ], [ 74.0700595, 15.2680931 ], [ 74.0699665, 15.267953 ], [ 74.0698595, 15.2678354 ], [ 74.0697665, 15.2676502 ], [ 74.0697061, 15.2675416 ], [ 74.0696178, 15.2673292 ], [ 74.0695247, 15.2672297 ], [ 74.0693991, 15.2670625 ], [ 74.0691712, 15.2669088 ], [ 74.0690595, 15.266859 ], [ 74.0687432, 15.2666329 ], [ 74.0685711, 15.2665741 ], [ 74.0684268, 15.2665154 ], [ 74.0683105, 15.2664475 ], [ 74.0681616, 15.2664113 ], [ 74.0680127, 15.266357 ], [ 74.0676265, 15.2663072 ], [ 74.067338, 15.2662574 ], [ 74.0671147, 15.2662573 ], [ 74.0667937, 15.2662346 ], [ 74.0665005, 15.2662435 ], [ 74.0663375, 15.2662435 ], [ 74.0662119, 15.2662569 ], [ 74.0660118, 15.2662885 ], [ 74.0656907, 15.2663473 ], [ 74.0655139, 15.2663878 ], [ 74.0654301, 15.2664104 ], [ 74.0652999, 15.2664194 ], [ 74.0651137, 15.2664691 ], [ 74.0649182, 15.2665276 ], [ 74.0648204, 15.2665503 ], [ 74.0646064, 15.2665592 ], [ 74.0644109, 15.2666133 ], [ 74.0642713, 15.2666449 ], [ 74.0640107, 15.2667036 ], [ 74.0636617, 15.2668527 ], [ 74.0634103, 15.2668842 ], [ 74.0631823, 15.2669021 ], [ 74.062838, 15.2669292 ], [ 74.062689, 15.2669111 ], [ 74.0625215, 15.2668432 ], [ 74.0624797, 15.2667664 ], [ 74.0624333, 15.2666669 ], [ 74.0623961, 15.2666037 ], [ 74.0623635, 15.2665042 ], [ 74.0623403, 15.2664139 ], [ 74.0623077, 15.2662782 ], [ 74.0623078, 15.2662466 ], [ 74.0623125, 15.2660974 ], [ 74.0623265, 15.2659935 ], [ 74.0623498, 15.2658805 ], [ 74.0623685, 15.265641 ], [ 74.0623733, 15.2655913 ], [ 74.0623965, 15.2655325 ], [ 74.0624431, 15.2654287 ], [ 74.0624804, 15.2653609 ], [ 74.0625549, 15.2651711 ], [ 74.062704, 15.2648954 ], [ 74.062811, 15.264778 ], [ 74.0628762, 15.2646605 ], [ 74.0629321, 15.2645204 ], [ 74.0630252, 15.2643488 ], [ 74.0630765, 15.2642177 ], [ 74.0630534, 15.2637793 ], [ 74.0630675, 15.2636076 ], [ 74.0631746, 15.26335 ], [ 74.063305, 15.2630473 ], [ 74.0633748, 15.2629434 ], [ 74.06344, 15.2628124 ], [ 74.0635891, 15.2625548 ], [ 74.0636032, 15.2622927 ], [ 74.0637335, 15.2620307 ], [ 74.0637103, 15.261886 ], [ 74.0638036, 15.2614974 ], [ 74.0639247, 15.2610953 ], [ 74.0638969, 15.2609641 ], [ 74.0638831, 15.2607789 ], [ 74.063883, 15.2606116 ], [ 74.0638041, 15.260363 ], [ 74.0637763, 15.2602456 ], [ 74.0637623, 15.2601054 ], [ 74.0637483, 15.2600014 ], [ 74.0636043, 15.2598071 ], [ 74.0634554, 15.2597121 ], [ 74.0633344, 15.2595946 ], [ 74.0632135, 15.2594816 ], [ 74.0630553, 15.2594544 ], [ 74.0628645, 15.2594408 ], [ 74.0626644, 15.2594272 ], [ 74.0625574, 15.2594272 ], [ 74.0623574, 15.2594134 ], [ 74.0621713, 15.2593864 ], [ 74.0619712, 15.2593726 ], [ 74.0618223, 15.25935 ], [ 74.0616222, 15.2593635 ], [ 74.0613802, 15.2593364 ], [ 74.0611661, 15.2593633 ], [ 74.0609383, 15.2593723 ], [ 74.0607241, 15.2593722 ], [ 74.06051, 15.2593857 ], [ 74.06031, 15.2593721 ], [ 74.0601332, 15.2593721 ], [ 74.059868, 15.2593629 ], [ 74.0592491, 15.2592677 ], [ 74.0588071, 15.2591636 ], [ 74.0588073, 15.259019 ], [ 74.0586211, 15.2589014 ], [ 74.0585002, 15.2587839 ], [ 74.0584212, 15.2585894 ], [ 74.0583516, 15.2582641 ], [ 74.0582586, 15.2580427 ], [ 74.0582586, 15.2578483 ], [ 74.0581796, 15.2576268 ], [ 74.0581936, 15.25755 ], [ 74.058124, 15.2573015 ], [ 74.0580729, 15.2571703 ], [ 74.0580869, 15.2569896 ], [ 74.0580312, 15.2566642 ], [ 74.0580035, 15.2564699 ], [ 74.0579523, 15.2562213 ], [ 74.0578734, 15.2558551 ], [ 74.0578178, 15.2554664 ], [ 74.0577899, 15.2553084 ], [ 74.0577527, 15.2550868 ], [ 74.0577528, 15.254983 ], [ 74.0577249, 15.254879 ], [ 74.0576181, 15.254671 ], [ 74.0575391, 15.2544224 ], [ 74.0575113, 15.2541243 ], [ 74.0575114, 15.2539796 ], [ 74.0575114, 15.2538666 ], [ 74.0574324, 15.2536678 ], [ 74.0574185, 15.2535412 ], [ 74.0573905, 15.2534734 ], [ 74.0573767, 15.2534237 ], [ 74.0573627, 15.2534101 ], [ 74.0572976, 15.2533061 ], [ 74.0571907, 15.2531343 ], [ 74.0570558, 15.2530574 ], [ 74.0570558, 15.2530168 ], [ 74.0569208, 15.2530167 ], [ 74.0567487, 15.2529941 ], [ 74.0565999, 15.2529533 ], [ 74.0564277, 15.2529533 ], [ 74.0563207, 15.2529532 ], [ 74.0562136, 15.2529531 ], [ 74.0560648, 15.2529802 ], [ 74.0557669, 15.2530434 ], [ 74.0554459, 15.2530568 ], [ 74.0551807, 15.2530974 ], [ 74.0546687, 15.2532373 ], [ 74.0544314, 15.2532643 ], [ 74.0541894, 15.2532913 ], [ 74.0540684, 15.2533274 ], [ 74.0538684, 15.2533273 ], [ 74.0537194, 15.2533951 ], [ 74.0534263, 15.2534085 ], [ 74.0531704, 15.2534581 ], [ 74.0529842, 15.253458 ], [ 74.0527144, 15.2534579 ], [ 74.0525143, 15.2534443 ], [ 74.0522584, 15.2534216 ], [ 74.0520723, 15.2533176 ], [ 74.0519142, 15.2531999 ], [ 74.0517793, 15.2530282 ], [ 74.0515096, 15.2528609 ], [ 74.0513654, 15.2527297 ], [ 74.0512166, 15.2524676 ], [ 74.0510538, 15.2522868 ], [ 74.0506678, 15.2518437 ], [ 74.0505702, 15.2517306 ], [ 74.0503982, 15.2515091 ], [ 74.0502401, 15.2513238 ], [ 74.0500123, 15.2510254 ], [ 74.0498356, 15.2508039 ], [ 74.0496636, 15.2504649 ], [ 74.0494357, 15.2500897 ], [ 74.0492219, 15.2498817 ], [ 74.0491521, 15.2497642 ], [ 74.049073, 15.2496467 ], [ 74.0490359, 15.2495653 ], [ 74.048303, 15.2491573 ], [ 74.047228, 15.2484969 ], [ 74.0466928, 15.248135 ], [ 74.0455666, 15.2473254 ], [ 74.044715, 15.246647 ], [ 74.0443568, 15.2461994 ], [ 74.0442545, 15.2458377 ], [ 74.0443152, 15.2455484 ], [ 74.0446551, 15.2450107 ], [ 74.044888, 15.2447532 ], [ 74.0454466, 15.2442878 ], [ 74.0459355, 15.2438676 ], [ 74.0460799, 15.2435738 ], [ 74.0461638, 15.2432349 ], [ 74.0462151, 15.2426789 ], [ 74.0462572, 15.2420596 ], [ 74.0463598, 15.2417614 ], [ 74.0466345, 15.2411693 ], [ 74.0469094, 15.2405954 ], [ 74.0471051, 15.2396371 ], [ 74.0471986, 15.238697 ], [ 74.0471987, 15.2383444 ], [ 74.0471663, 15.2377793 ], [ 74.0470734, 15.2370922 ], [ 74.0470736, 15.2364097 ], [ 74.0471064, 15.2357362 ], [ 74.0470229, 15.2350853 ], [ 74.0467996, 15.2344478 ], [ 74.046623, 15.2338374 ], [ 74.0465627, 15.2332408 ], [ 74.0465242, 15.2326163 ], [ 74.0465025, 15.2322644 ], [ 74.0463491, 15.2316813 ], [ 74.0461213, 15.2308268 ], [ 74.0460424, 15.230212 ], [ 74.0460798, 15.229873 ], [ 74.0462242, 15.2295702 ], [ 74.0466664, 15.2291998 ], [ 74.0474764, 15.228721 ], [ 74.048035, 15.228346 ], [ 74.0489101, 15.2279441 ], [ 74.0494826, 15.2278087 ], [ 74.0498316, 15.2277818 ], [ 74.0504274, 15.2276735 ], [ 74.0513303, 15.2275338 ], [ 74.0522007, 15.2272267 ], [ 74.0527966, 15.2268925 ], [ 74.0535785, 15.2263368 ], [ 74.0541092, 15.2260613 ], [ 74.0547376, 15.2257089 ], [ 74.0553427, 15.2254199 ], [ 74.0559757, 15.2251986 ], [ 74.0562736, 15.2252168 ], [ 74.0565993, 15.225348 ], [ 74.0568366, 15.2255289 ], [ 74.0573158, 15.2258862 ], [ 74.0581395, 15.2263068 ], [ 74.0590097, 15.2266688 ], [ 74.0593008, 15.2267611 ], [ 74.0598939, 15.2269493 ], [ 74.0605268, 15.227049 ], [ 74.0608386, 15.2270581 ], [ 74.0611877, 15.2269408 ], [ 74.0616253, 15.2265251 ], [ 74.0621374, 15.2260732 ], [ 74.0624772, 15.2255129 ], [ 74.0627844, 15.2250428 ], [ 74.0630963, 15.2247582 ], [ 74.063599, 15.2243966 ], [ 74.0635991, 15.2240802 ], [ 74.0635761, 15.2232079 ], [ 74.0636553, 15.2228372 ], [ 74.0636647, 15.2225073 ], [ 74.0635624, 15.2220598 ], [ 74.0633485, 15.2213184 ], [ 74.0630042, 15.2208934 ], [ 74.0629809, 15.2208843 ], [ 74.0622829, 15.2207621 ], [ 74.0613428, 15.2206126 ], [ 74.0610124, 15.2205311 ], [ 74.0607983, 15.2204904 ], [ 74.0602353, 15.2201963 ], [ 74.0597839, 15.2199928 ], [ 74.059221, 15.2194456 ], [ 74.0587278, 15.2188985 ], [ 74.0584812, 15.218695 ], [ 74.0576064, 15.21822 ], [ 74.0564943, 15.2176998 ], [ 74.0562245, 15.2174602 ], [ 74.0558476, 15.2169041 ], [ 74.0554058, 15.2161716 ], [ 74.0542983, 15.2157915 ], [ 74.0527116, 15.2151536 ], [ 74.0519298, 15.2148776 ], [ 74.0515016, 15.2148321 ], [ 74.0507011, 15.2151211 ], [ 74.0500356, 15.2153288 ], [ 74.0479739, 15.2155133 ], [ 74.0475734, 15.2161504 ], [ 74.0471734, 15.2161096 ], [ 74.0465729, 15.2164077 ], [ 74.0459678, 15.2166876 ], [ 74.0451066, 15.2171846 ], [ 74.0448787, 15.2170217 ], [ 74.0442926, 15.2162575 ], [ 74.044921, 15.2156566 ], [ 74.0453401, 15.2150828 ], [ 74.0459454, 15.2142106 ], [ 74.0461689, 15.2137497 ], [ 74.0461272, 15.2131077 ], [ 74.0459646, 15.2124569 ], [ 74.0459787, 15.2121676 ], [ 74.0461509, 15.2118557 ], [ 74.0465746, 15.2110061 ], [ 74.0472918, 15.2094605 ], [ 74.0475712, 15.2088143 ], [ 74.0477528, 15.208159 ], [ 74.0479487, 15.2071872 ], [ 74.0481537, 15.2062109 ], [ 74.0476327, 15.2059801 ], [ 74.0472837, 15.2057721 ], [ 74.0470558, 15.2055053 ], [ 74.046842, 15.2046825 ], [ 74.0467678, 15.2039367 ], [ 74.0472098, 15.2039143 ], [ 74.0472007, 15.2031594 ], [ 74.0470661, 15.2025175 ], [ 74.0468893, 15.2021875 ], [ 74.0466986, 15.2018982 ], [ 74.0464475, 15.20169 ], [ 74.0465638, 15.2012336 ], [ 74.0469036, 15.2011524 ], [ 74.047946, 15.2012839 ], [ 74.048244, 15.2003213 ], [ 74.0471786, 15.2000406 ], [ 74.0467878, 15.1995025 ], [ 74.0463088, 15.1988379 ], [ 74.0457552, 15.1985167 ], [ 74.0451178, 15.1980238 ], [ 74.0447829, 15.1976033 ], [ 74.0444247, 15.1970878 ], [ 74.0441457, 15.1965453 ], [ 74.0439413, 15.1958355 ], [ 74.0434901, 15.1950398 ], [ 74.0426994, 15.1941851 ], [ 74.0423087, 15.1937962 ], [ 74.0417132, 15.1934253 ], [ 74.041234, 15.1933031 ], [ 74.0407874, 15.1932216 ], [ 74.0402802, 15.1931309 ], [ 74.0393218, 15.1929452 ], [ 74.0386843, 15.1928228 ], [ 74.038461, 15.1927548 ], [ 74.037977, 15.1929671 ], [ 74.0376186, 15.192985 ], [ 74.0371441, 15.1929622 ], [ 74.0365577, 15.192962 ], [ 74.0360274, 15.1929029 ], [ 74.0354737, 15.1928168 ], [ 74.0350456, 15.1927352 ], [ 74.0350552, 15.192116 ], [ 74.0350137, 15.1910175 ], [ 74.0350603, 15.1906786 ], [ 74.0351674, 15.1903396 ], [ 74.035112, 15.189743 ], [ 74.0349492, 15.189214 ], [ 74.034889, 15.1886219 ], [ 74.034931, 15.1882061 ], [ 74.0350662, 15.1878943 ], [ 74.0354757, 15.1874967 ], [ 74.0355271, 15.187108 ], [ 74.0354344, 15.1862491 ], [ 74.0352486, 15.1853224 ], [ 74.0351978, 15.1846128 ], [ 74.0354538, 15.1841112 ], [ 74.0357889, 15.1838718 ], [ 74.0361195, 15.1832482 ], [ 74.0369808, 15.1817886 ], [ 74.0377397, 15.1804737 ], [ 74.0380376, 15.1801936 ], [ 74.0386242, 15.1794391 ], [ 74.0389919, 15.1789148 ], [ 74.0400857, 15.1776904 ], [ 74.0410817, 15.1767237 ], [ 74.0404865, 15.1760318 ], [ 74.0400633, 15.1755434 ], [ 74.0391842, 15.1747612 ], [ 74.0382538, 15.1746657 ], [ 74.0372582, 15.1745523 ], [ 74.0365509, 15.1745519 ], [ 74.0351645, 15.1743568 ], [ 74.0341316, 15.1742796 ], [ 74.0334944, 15.1741889 ], [ 74.0326755, 15.1741387 ], [ 74.0317729, 15.1739484 ], [ 74.0310984, 15.173713 ], [ 74.0300425, 15.1733645 ], [ 74.0281072, 15.1727307 ], [ 74.0268977, 15.1724227 ], [ 74.0258231, 15.1721419 ], [ 74.0245811, 15.171748 ], [ 74.023325, 15.1712681 ], [ 74.0237538, 15.169474 ], [ 74.024155, 15.1672865 ], [ 74.0243515, 15.1649815 ], [ 74.0229187, 15.1646327 ], [ 74.0220674, 15.1644695 ], [ 74.0208067, 15.1643468 ], [ 74.0204484, 15.1643601 ], [ 74.0200436, 15.1643688 ], [ 74.0192807, 15.1642102 ], [ 74.0186947, 15.1639885 ], [ 74.0176389, 15.1635855 ], [ 74.0177692, 15.1633054 ], [ 74.0187051, 15.1616653 ], [ 74.0184168, 15.1614391 ], [ 74.0179238, 15.1610455 ], [ 74.0172309, 15.1604395 ], [ 74.0170031, 15.160123 ], [ 74.0160734, 15.1587799 ], [ 74.015785, 15.1586578 ], [ 74.0148267, 15.1585668 ], [ 74.0134358, 15.1583536 ], [ 74.0135764, 15.1564643 ], [ 74.0133997, 15.1561162 ], [ 74.0122422, 15.1544973 ], [ 74.0115634, 15.1537331 ], [ 74.0105126, 15.1528013 ], [ 74.0091271, 15.1512592 ], [ 74.0084479, 15.151322 ], [ 74.0074616, 15.1514525 ], [ 74.0068288, 15.1515741 ], [ 74.0057541, 15.1518854 ], [ 74.0058651, 15.1528526 ], [ 74.0049111, 15.1533763 ], [ 74.0047902, 15.1534801 ], [ 74.0041292, 15.1539815 ], [ 74.0036222, 15.1539992 ], [ 74.0032221, 15.1539221 ], [ 74.0027801, 15.1541885 ], [ 74.0024217, 15.154473 ], [ 74.0018539, 15.1547392 ], [ 74.0012955, 15.1551321 ], [ 74.0011651, 15.1553399 ], [ 74.0011044, 15.1556382 ], [ 74.0011415, 15.1558055 ], [ 74.0012297, 15.1562485 ], [ 74.00129, 15.156461 ], [ 74.001262, 15.1565039 ], [ 74.0012341, 15.1565469 ], [ 74.0011039, 15.156506 ], [ 74.0009459, 15.1563206 ], [ 74.0008252, 15.1559228 ], [ 74.0007463, 15.1554888 ], [ 74.0006208, 15.1552492 ], [ 74.0002906, 15.1551721 ], [ 73.9997539, 15.1551006 ], [ 73.999042, 15.1549654 ], [ 73.9982928, 15.1548167 ], [ 73.9976786, 15.1546542 ], [ 73.9964734, 15.1544742 ], [ 73.9956591, 15.1543706 ], [ 73.9942259, 15.1540958 ], [ 73.9932116, 15.154015 ], [ 73.992588, 15.1539023 ], [ 73.9913597, 15.1537854 ], [ 73.9908385, 15.1536049 ], [ 73.9902475, 15.1533611 ], [ 73.9898425, 15.1531083 ], [ 73.9892654, 15.1527289 ], [ 73.9889117, 15.1525573 ], [ 73.988707, 15.1525348 ], [ 73.9883999, 15.1525124 ], [ 73.9881998, 15.1524085 ], [ 73.9879531, 15.1521691 ], [ 73.9866871, 15.1512839 ], [ 73.98611, 15.1508866 ], [ 73.985128, 15.150322 ], [ 73.9839785, 15.1496808 ], [ 73.9818379, 15.1487147 ], [ 73.9810701, 15.1483715 ], [ 73.9807768, 15.1481186 ], [ 73.9806324, 15.1477661 ], [ 73.9805855, 15.1472374 ], [ 73.9805853, 15.146582 ], [ 73.980292, 15.1462251 ], [ 73.9799941, 15.1459541 ], [ 73.9797242, 15.1458638 ], [ 73.9792775, 15.1456516 ], [ 73.9791891, 15.1455387 ], [ 73.9791099, 15.1455432 ], [ 73.9790121, 15.145471 ], [ 73.9789424, 15.1454439 ], [ 73.9786353, 15.1453989 ], [ 73.9779979, 15.1453946 ], [ 73.9777002, 15.1454173 ], [ 73.9774675, 15.1453405 ], [ 73.9772302, 15.1452819 ], [ 73.9770115, 15.145169 ], [ 73.976639, 15.1447535 ], [ 73.9766298, 15.1447263 ], [ 73.97656, 15.1446947 ], [ 73.9764949, 15.1446315 ], [ 73.9763692, 15.1446135 ], [ 73.9762251, 15.1447582 ], [ 73.9761599, 15.1448441 ], [ 73.9760251, 15.1450927 ], [ 73.9758857, 15.1452554 ], [ 73.9757833, 15.1452916 ], [ 73.9757228, 15.1452916 ], [ 73.9756158, 15.1452555 ], [ 73.9755553, 15.1452104 ], [ 73.9754482, 15.1450477 ], [ 73.9754016, 15.1447675 ], [ 73.9753874, 15.1443924 ], [ 73.9754617, 15.1438862 ], [ 73.9754522, 15.1435563 ], [ 73.9754289, 15.1434885 ], [ 73.9753544, 15.1434161 ], [ 73.9751776, 15.1432988 ], [ 73.975117, 15.1432762 ], [ 73.9748193, 15.1432401 ], [ 73.974461, 15.1432313 ], [ 73.9743262, 15.143263 ], [ 73.9740705, 15.1434032 ], [ 73.9736005, 15.1435163 ], [ 73.9735307, 15.1435164 ], [ 73.9733074, 15.1433447 ], [ 73.9730653, 15.1430737 ], [ 73.9728372, 15.1427077 ], [ 73.9726045, 15.1425496 ], [ 73.9724602, 15.1424865 ], [ 73.9722322, 15.1424277 ], [ 73.9715157, 15.1420349 ], [ 73.9709758, 15.1417141 ], [ 73.9707245, 15.1414883 ], [ 73.9706128, 15.1412895 ], [ 73.9705196, 15.1410862 ], [ 73.9704358, 15.1408286 ], [ 73.9703239, 15.140309 ], [ 73.9702494, 15.1401643 ], [ 73.9702122, 15.1401417 ], [ 73.9700539, 15.1401282 ], [ 73.9700121, 15.1401418 ], [ 73.9699192, 15.1402458 ], [ 73.9696912, 15.1404448 ], [ 73.9693609, 15.1406031 ], [ 73.9692679, 15.1406121 ], [ 73.9689561, 15.1405715 ], [ 73.9688865, 15.1405354 ], [ 73.9687375, 15.1404225 ], [ 73.968542, 15.1402102 ], [ 73.9683046, 15.1398442 ], [ 73.9680579, 15.1395054 ], [ 73.967988, 15.1394511 ], [ 73.9678857, 15.1394467 ], [ 73.9677555, 15.139528 ], [ 73.9675601, 15.1396908 ], [ 73.9672579, 15.1398899 ], [ 73.9669461, 15.1400075 ], [ 73.9660438, 15.1404732 ], [ 73.9656437, 15.1406316 ], [ 73.9647925, 15.1408398 ], [ 73.9644994, 15.1408626 ], [ 73.9642342, 15.1408807 ], [ 73.9639737, 15.1408401 ], [ 73.9638435, 15.1408041 ], [ 73.9637225, 15.1407227 ], [ 73.9636293, 15.1406097 ], [ 73.9635687, 15.1403838 ], [ 73.9635174, 15.1400178 ], [ 73.9634894, 15.1396878 ], [ 73.9634614, 15.1393761 ], [ 73.9634427, 15.1392721 ], [ 73.963359, 15.1391862 ], [ 73.9631216, 15.1390778 ], [ 73.9627587, 15.1390328 ], [ 73.9623772, 15.1390194 ], [ 73.9622051, 15.1389878 ], [ 73.9620423, 15.1389155 ], [ 73.9619119, 15.1388071 ], [ 73.961749, 15.1385134 ], [ 73.9616092, 15.1380118 ], [ 73.96153, 15.137691 ], [ 73.9614508, 15.1374559 ], [ 73.9613252, 15.1372436 ], [ 73.9611576, 15.1370403 ], [ 73.9608784, 15.136828 ], [ 73.9606085, 15.136679 ], [ 73.9601106, 15.136426 ], [ 73.9597385, 15.1362906 ], [ 73.9594266, 15.1361957 ], [ 73.9587892, 15.1360151 ], [ 73.9582821, 15.1358255 ], [ 73.9573375, 15.1355366 ], [ 73.9570351, 15.1354599 ], [ 73.9568491, 15.1354239 ], [ 73.9566491, 15.13546 ], [ 73.9565002, 15.1354962 ], [ 73.9563513, 15.1355325 ], [ 73.9560397, 15.1356591 ], [ 73.9555978, 15.135962 ], [ 73.9552863, 15.1363056 ], [ 73.9549236, 15.1368616 ], [ 73.954296, 15.1380685 ], [ 73.9540495, 15.1386335 ], [ 73.9536962, 15.1394607 ], [ 73.9533801, 15.1401206 ], [ 73.9531988, 15.1403646 ], [ 73.9499151, 15.1432356 ], [ 73.9495895, 15.1437508 ], [ 73.9494082, 15.1441306 ], [ 73.9491758, 15.1447724 ], [ 73.9490596, 15.1453056 ], [ 73.9488833, 15.1465937 ], [ 73.9487904, 15.1470277 ], [ 73.9487672, 15.1472853 ], [ 73.9487207, 15.1475338 ], [ 73.9485627, 15.148013 ], [ 73.9484604, 15.1484604 ], [ 73.9483535, 15.1487226 ], [ 73.9482698, 15.1489848 ], [ 73.9481536, 15.1492424 ], [ 73.9480653, 15.1496356 ], [ 73.9476517, 15.1510323 ], [ 73.9476145, 15.151308 ], [ 73.9475355, 15.1515385 ], [ 73.9474937, 15.1517419 ], [ 73.9471357, 15.1527814 ], [ 73.9470474, 15.1531476 ], [ 73.9469265, 15.1534775 ], [ 73.9468987, 15.1536312 ], [ 73.946815, 15.1538798 ], [ 73.9465455, 15.1550368 ], [ 73.9464572, 15.1552854 ], [ 73.9464061, 15.1555386 ], [ 73.9462712, 15.1559951 ], [ 73.9461364, 15.156673 ], [ 73.9460575, 15.1569487 ], [ 73.9460204, 15.1571928 ], [ 73.9457787, 15.1580832 ], [ 73.9457368, 15.1583815 ], [ 73.945551, 15.1590097 ], [ 73.9454952, 15.1593126 ], [ 73.9454347, 15.1595295 ], [ 73.9453558, 15.1600086 ], [ 73.945235, 15.1604741 ], [ 73.9450491, 15.1613736 ], [ 73.9449097, 15.1618527 ], [ 73.9447888, 15.1621827 ], [ 73.9446865, 15.1625397 ], [ 73.9444123, 15.1633579 ], [ 73.944268, 15.1639726 ], [ 73.9441612, 15.1642573 ], [ 73.9441194, 15.1644787 ], [ 73.9439799, 15.1649986 ], [ 73.9438684, 15.1655907 ], [ 73.9437197, 15.1660833 ], [ 73.9436546, 15.1664043 ], [ 73.9435755, 15.1666935 ], [ 73.943529, 15.1667659 ], [ 73.943385, 15.1674347 ], [ 73.9433385, 15.1675252 ], [ 73.9430783, 15.1688675 ], [ 73.9429016, 15.1694189 ], [ 73.9428644, 15.1696495 ], [ 73.9428133, 15.1698438 ], [ 73.9427855, 15.1700518 ], [ 73.942725, 15.1701873 ], [ 73.9426181, 15.1706167 ], [ 73.942553, 15.170784 ], [ 73.9424228, 15.1712134 ], [ 73.9422416, 15.1720586 ], [ 73.9421812, 15.1721986 ], [ 73.9421533, 15.172384 ], [ 73.9419812, 15.1728857 ], [ 73.9419579, 15.1730303 ], [ 73.9419067, 15.1732021 ], [ 73.9418976, 15.1733557 ], [ 73.9418418, 15.1736541 ], [ 73.9417536, 15.1743049 ], [ 73.9416978, 15.1744541 ], [ 73.9416653, 15.174653 ], [ 73.941563, 15.1750327 ], [ 73.9415352, 15.1752405 ], [ 73.9414143, 15.1757286 ], [ 73.9413631, 15.1758688 ], [ 73.9413352, 15.176036 ], [ 73.9412562, 15.1762846 ], [ 73.9411586, 15.1767819 ], [ 73.9406889, 15.1780655 ], [ 73.9406006, 15.178409 ], [ 73.940568, 15.1784722 ], [ 73.9404611, 15.1788023 ], [ 73.9404332, 15.1789875 ], [ 73.9403588, 15.1791638 ], [ 73.9403124, 15.1794531 ], [ 73.9402612, 15.1795977 ], [ 73.9402287, 15.179783 ], [ 73.9402008, 15.1798599 ], [ 73.9401544, 15.1801899 ], [ 73.9400799, 15.1804339 ], [ 73.9400103, 15.1808497 ], [ 73.9399358, 15.1811797 ], [ 73.9397825, 15.1816181 ], [ 73.939722, 15.1817492 ], [ 73.9396616, 15.1819706 ], [ 73.9392383, 15.1829831 ], [ 73.939057, 15.1835345 ], [ 73.9390059, 15.1836522 ], [ 73.9389176, 15.1839956 ], [ 73.9388244, 15.1842126 ], [ 73.9387733, 15.1844115 ], [ 73.9386943, 15.1845968 ], [ 73.9385827, 15.185216 ], [ 73.9384433, 15.1856905 ], [ 73.9384153, 15.1860341 ], [ 73.9384294, 15.1861471 ], [ 73.938597, 15.1865493 ], [ 73.9386343, 15.186599 ], [ 73.9386528, 15.1866667 ], [ 73.938732, 15.1867391 ], [ 73.9387554, 15.1867797 ], [ 73.9388018, 15.1870193 ], [ 73.9387739, 15.1870103 ], [ 73.9386064, 15.1870872 ], [ 73.938383, 15.1871596 ], [ 73.9382761, 15.1872183 ], [ 73.9380714, 15.1874307 ], [ 73.9379225, 15.1877381 ], [ 73.9378946, 15.1879008 ], [ 73.9378064, 15.1881991 ], [ 73.9377784, 15.1883663 ], [ 73.9376947, 15.1886059 ], [ 73.937611, 15.1889811 ], [ 73.9374482, 15.1894738 ], [ 73.9373599, 15.1898399 ], [ 73.9373228, 15.190084 ], [ 73.9372577, 15.1902421 ], [ 73.9372391, 15.1904139 ], [ 73.9371647, 15.190658 ], [ 73.9371229, 15.1908705 ], [ 73.9370671, 15.1910331 ], [ 73.9370067, 15.191449 ], [ 73.9369416, 15.1916252 ], [ 73.9369369, 15.1917789 ], [ 73.936895, 15.1919009 ], [ 73.9368765, 15.1920863 ], [ 73.9367742, 15.1924976 ], [ 73.936751, 15.1926965 ], [ 73.9366348, 15.1931891 ], [ 73.9365232, 15.1935009 ], [ 73.9364533, 15.1936502 ], [ 73.9364348, 15.1937767 ], [ 73.9362534, 15.1942151 ], [ 73.9362069, 15.1943914 ], [ 73.9361511, 15.194509 ], [ 73.9361139, 15.1947214 ], [ 73.9360348, 15.19497 ], [ 73.9359976, 15.1951915 ], [ 73.9359093, 15.1955169 ], [ 73.9358675, 15.1959328 ], [ 73.9358257, 15.1960954 ], [ 73.9357188, 15.1967463 ], [ 73.9355281, 15.1974061 ], [ 73.9354491, 15.1976141 ], [ 73.9354026, 15.1978717 ], [ 73.935356, 15.198039 ], [ 73.9353468, 15.1981655 ], [ 73.9352166, 15.1986763 ], [ 73.9351561, 15.1990469 ], [ 73.9351191, 15.1994628 ], [ 73.9351144, 15.1997295 ], [ 73.9350819, 15.1998831 ], [ 73.9350587, 15.2001724 ], [ 73.9349378, 15.2008594 ], [ 73.9348635, 15.2016006 ], [ 73.934831, 15.2017181 ], [ 73.9348171, 15.2018944 ], [ 73.9347659, 15.2020481 ], [ 73.9346916, 15.2023916 ], [ 73.9346357, 15.2027849 ], [ 73.9345474, 15.2031283 ], [ 73.9345335, 15.2032731 ], [ 73.9344126, 15.2037973 ], [ 73.9343243, 15.2043713 ], [ 73.9342453, 15.2047103 ], [ 73.9341522, 15.2049047 ], [ 73.9340081, 15.2052934 ], [ 73.9337615, 15.2058855 ], [ 73.933594, 15.2063918 ], [ 73.9335568, 15.2065861 ], [ 73.9334825, 15.2067715 ], [ 73.9334452, 15.2068167 ], [ 73.933408, 15.207011 ], [ 73.9333289, 15.2071467 ], [ 73.9332685, 15.2073726 ], [ 73.9331475, 15.2076619 ], [ 73.9330452, 15.2081953 ], [ 73.9330081, 15.2083174 ], [ 73.9330127, 15.2085072 ], [ 73.9329942, 15.208593 ], [ 73.9329755, 15.2089682 ], [ 73.9329291, 15.2091128 ], [ 73.9327895, 15.2094066 ], [ 73.9326081, 15.209723 ], [ 73.9325523, 15.2098587 ], [ 73.932529, 15.2100484 ], [ 73.9324081, 15.2104869 ], [ 73.9323337, 15.2109705 ], [ 73.9321244, 15.2117163 ], [ 73.9321291, 15.2119152 ], [ 73.9321106, 15.2122 ], [ 73.9320501, 15.2122903 ], [ 73.9319431, 15.2125797 ], [ 73.93185, 15.2127378 ], [ 73.9317384, 15.2130407 ], [ 73.9317012, 15.2132169 ], [ 73.9315803, 15.2135559 ], [ 73.9315431, 15.2137278 ], [ 73.9315198, 15.2139493 ], [ 73.9314501, 15.2142701 ], [ 73.9313338, 15.2145594 ], [ 73.9313013, 15.2147809 ], [ 73.9310361, 15.2158341 ], [ 73.930971, 15.2159968 ], [ 73.9308966, 15.2162951 ], [ 73.9308175, 15.216503 ], [ 73.9306967, 15.2169821 ], [ 73.9305386, 15.217746 ], [ 73.9305293, 15.2180352 ], [ 73.9305898, 15.2186183 ], [ 73.9305387, 15.2188217 ], [ 73.9305341, 15.2191516 ], [ 73.9304969, 15.2193098 ], [ 73.9304319, 15.2194907 ], [ 73.9303899, 15.2196895 ], [ 73.9303667, 15.2201371 ], [ 73.9303157, 15.2203629 ], [ 73.9302831, 15.2208014 ], [ 73.930232, 15.2209777 ], [ 73.9300645, 15.2214207 ], [ 73.9298597, 15.2218229 ], [ 73.9297295, 15.2220355 ], [ 73.9294084, 15.2224378 ], [ 73.9293898, 15.2225146 ], [ 73.9292269, 15.2228445 ], [ 73.9292083, 15.2229123 ], [ 73.9291804, 15.2232152 ], [ 73.9291898, 15.2234819 ], [ 73.9287849, 15.2237938 ], [ 73.9286361, 15.2240063 ], [ 73.928543, 15.2242006 ], [ 73.9284593, 15.2244538 ], [ 73.9282825, 15.2248516 ], [ 73.9281662, 15.2254888 ], [ 73.9281104, 15.2256786 ], [ 73.9279475, 15.2261081 ], [ 73.9279058, 15.2262979 ], [ 73.9278127, 15.2265601 ], [ 73.9277614, 15.2268313 ], [ 73.9277708, 15.2270663 ], [ 73.927822, 15.2272064 ], [ 73.9281666, 15.2277623 ], [ 73.9282877, 15.2280426 ], [ 73.9283389, 15.2281103 ], [ 73.9283529, 15.2283725 ], [ 73.928325, 15.2285578 ], [ 73.9281623, 15.2289736 ], [ 73.9280505, 15.2291726 ], [ 73.9276595, 15.2297872 ], [ 73.9276223, 15.2298233 ], [ 73.9272408, 15.2300946 ], [ 73.9271347, 15.2301455 ], [ 73.92705, 15.230506 ], [ 73.9269988, 15.2305648 ], [ 73.9269755, 15.2306325 ], [ 73.9269104, 15.2307411 ], [ 73.9267569, 15.2311118 ], [ 73.9265475, 15.2317626 ], [ 73.9264916, 15.2319795 ], [ 73.9260869, 15.2331005 ], [ 73.9260079, 15.2334261 ], [ 73.92598, 15.2337288 ], [ 73.9259241, 15.2340272 ], [ 73.9259148, 15.2343843 ], [ 73.9258917, 15.2345062 ], [ 73.9258265, 15.2346871 ], [ 73.9258173, 15.234791 ], [ 73.9257334, 15.234999 ], [ 73.9256358, 15.2353967 ], [ 73.9254496, 15.2357267 ], [ 73.9253706, 15.2359888 ], [ 73.9253706, 15.2360341 ], [ 73.9256731, 15.2363097 ], [ 73.9250986, 15.2378971 ], [ 73.9245797, 15.2391869 ], [ 73.9244469, 15.2403947 ], [ 73.9240322, 15.2414079 ], [ 73.9234963, 15.2432564 ], [ 73.9226556, 15.2456554 ], [ 73.9220067, 15.2480598 ], [ 73.9211502, 15.2494098 ], [ 73.9209027, 15.2496714 ], [ 73.9206952, 15.2504181 ], [ 73.9202484, 15.2509984 ], [ 73.9200111, 15.2512929 ], [ 73.9198084, 15.2520261 ], [ 73.9197664, 15.252319 ], [ 73.919637, 15.2534057 ], [ 73.919544, 15.2536978 ], [ 73.9195289, 15.2537609 ], [ 73.9193403, 15.2542052 ], [ 73.9192038, 15.254587 ], [ 73.9190066, 15.2549815 ], [ 73.9190438, 15.2552712 ], [ 73.9191005, 15.2554979 ], [ 73.9191048, 15.2558097 ], [ 73.9190683, 15.2560485 ], [ 73.9190587, 15.2560709 ], [ 73.9188847, 15.2564612 ], [ 73.9188262, 15.2566274 ], [ 73.9187816, 15.2568029 ], [ 73.9187491, 15.2570826 ], [ 73.9187417, 15.257254 ], [ 73.9187246, 15.257439 ], [ 73.9187068, 15.2576781 ], [ 73.9187018, 15.2577006 ], [ 73.918367, 15.2585492 ], [ 73.9183318, 15.2587113 ], [ 73.9183095, 15.2589323 ], [ 73.9181987, 15.25945 ], [ 73.9181348, 15.2596659 ], [ 73.9180337, 15.2598721 ], [ 73.9177181, 15.2604003 ], [ 73.9176404, 15.2605978 ], [ 73.9175905, 15.2608048 ], [ 73.9175517, 15.2608992 ], [ 73.9174875, 15.261133 ], [ 73.9174666, 15.2612683 ], [ 73.917284, 15.2621959 ], [ 73.9172466, 15.2627781 ], [ 73.9171882, 15.2629353 ], [ 73.9170577, 15.2632359 ], [ 73.9169463, 15.2635052 ], [ 73.9168796, 15.2636036 ], [ 73.9167507, 15.2638049 ], [ 73.9165612, 15.2642987 ], [ 73.9162553, 15.2647955 ], [ 73.9162143, 15.2650252 ], [ 73.9161508, 15.2655031 ], [ 73.9161497, 15.2655618 ], [ 73.9161041, 15.2657915 ], [ 73.9160502, 15.2659668 ], [ 73.9159339, 15.2662451 ], [ 73.9158291, 15.266397 ], [ 73.9157482, 15.2665041 ], [ 73.915663, 15.2665933 ], [ 73.9155107, 15.2667986 ], [ 73.9154288, 15.2669691 ], [ 73.9153551, 15.2672073 ], [ 73.915309, 15.2674731 ], [ 73.9152124, 15.2685467 ], [ 73.9151883, 15.2686028 ], [ 73.915246, 15.2690577 ], [ 73.9152202, 15.2692154 ], [ 73.9152054, 15.2692649 ], [ 73.9151706, 15.2693998 ], [ 73.9150785, 15.2696243 ], [ 73.9149777, 15.269817 ], [ 73.9148151, 15.27009 ], [ 73.914663, 15.2702819 ], [ 73.9144033, 15.2705763 ], [ 73.9143407, 15.2706473 ], [ 73.9143167, 15.2706921 ], [ 73.9139532, 15.2712872 ], [ 73.9136083, 15.2719053 ], [ 73.9135067, 15.2724232 ], [ 73.9134339, 15.2734656 ], [ 73.9133957, 15.2735238 ], [ 73.913263, 15.2736798 ], [ 73.9131819, 15.2738006 ], [ 73.913024, 15.2740645 ], [ 73.9128604, 15.2743963 ], [ 73.9127634, 15.2746388 ], [ 73.9126894, 15.2748906 ], [ 73.912631, 15.2750478 ], [ 73.9125223, 15.2754346 ], [ 73.912474, 15.2755468 ], [ 73.9123096, 15.2759282 ], [ 73.9122119, 15.2762112 ], [ 73.9121012, 15.2764354 ], [ 73.9120329, 15.2766286 ], [ 73.9118979, 15.2769156 ], [ 73.9118153, 15.2771356 ], [ 73.9117648, 15.2773742 ], [ 73.9117254, 15.2777893 ], [ 73.9116701, 15.2780414 ], [ 73.9116058, 15.2782753 ], [ 73.911545, 15.2785816 ], [ 73.911456, 15.2789099 ], [ 73.9114424, 15.2789671 ], [ 73.911396, 15.2791619 ], [ 73.9113714, 15.2792429 ], [ 73.9113217, 15.2794363 ], [ 73.9112682, 15.2795801 ], [ 73.9111405, 15.2799892 ], [ 73.9111164, 15.280043 ], [ 73.9110531, 15.2802092 ], [ 73.9109785, 15.2805017 ], [ 73.910903, 15.2808573 ], [ 73.910829, 15.2811137 ], [ 73.9108053, 15.2811404 ], [ 73.9107458, 15.2813699 ], [ 73.9106233, 15.2817428 ], [ 73.9104849, 15.2822376 ], [ 73.9101996, 15.2828973 ], [ 73.9100977, 15.2831532 ], [ 73.910044, 15.2833105 ], [ 73.9099328, 15.2835662 ], [ 73.9098439, 15.2838765 ], [ 73.9096849, 15.2842129 ], [ 73.9095517, 15.2846806 ], [ 73.9094563, 15.285047 ], [ 73.9094076, 15.285234 ], [ 73.909208, 15.2854883 ], [ 73.9090784, 15.2863085 ], [ 73.9092137, 15.2868527 ], [ 73.9091426, 15.2872174 ], [ 73.9091212, 15.2873889 ], [ 73.909076, 15.287596 ], [ 73.9090561, 15.287668 ], [ 73.909026, 15.287803 ], [ 73.9088564, 15.2882159 ], [ 73.9086755, 15.2884661 ], [ 73.9085238, 15.2886309 ], [ 73.9083323, 15.2889622 ], [ 73.9083316, 15.2895674 ], [ 73.9083681, 15.2901915 ], [ 73.9084542, 15.2906175 ], [ 73.9084519, 15.2907574 ], [ 73.908427, 15.2908519 ], [ 73.9084077, 15.2908968 ], [ 73.908212, 15.2914856 ], [ 73.9081925, 15.2915349 ], [ 73.9080066, 15.2920967 ], [ 73.9077523, 15.2925626 ], [ 73.9074343, 15.2932262 ], [ 73.9071409, 15.2943826 ], [ 73.9071265, 15.294405 ], [ 73.9069759, 15.2948001 ], [ 73.9068843, 15.294993 ], [ 73.9066349, 15.2954409 ], [ 73.9065183, 15.2960263 ], [ 73.9064241, 15.2963817 ], [ 73.9063554, 15.2965929 ], [ 73.9063349, 15.2967146 ], [ 73.9061968, 15.2971958 ], [ 73.9061625, 15.2972992 ], [ 73.9061191, 15.2973888 ], [ 73.9060271, 15.2976043 ], [ 73.905772, 15.2984134 ], [ 73.9056809, 15.2985746 ], [ 73.9056076, 15.2987858 ], [ 73.9055193, 15.2990645 ], [ 73.9054361, 15.2993162 ], [ 73.9053496, 15.2996423 ], [ 73.905312, 15.2997841 ], [ 73.9052331, 15.3000629 ], [ 73.9051265, 15.3003188 ], [ 73.9050015, 15.3005607 ], [ 73.9044506, 15.3018126 ], [ 73.9037358, 15.303116 ], [ 73.9036894, 15.3032354 ], [ 73.9034831, 15.3037671 ], [ 73.903458, 15.3038842 ], [ 73.9033772, 15.3042714 ], [ 73.9033223, 15.3044964 ], [ 73.9031962, 15.3050907 ], [ 73.9031459, 15.3053204 ], [ 73.9029961, 15.3059369 ], [ 73.9028652, 15.3065493 ], [ 73.9027599, 15.3070084 ], [ 73.9025643, 15.3078727 ], [ 73.9024409, 15.3084753 ], [ 73.9023771, 15.3087868 ], [ 73.9023515, 15.3089265 ], [ 73.902126, 15.3096277 ], [ 73.9019619, 15.3099866 ], [ 73.901741, 15.3103987 ], [ 73.9015357, 15.3107163 ], [ 73.9013548, 15.3109619 ], [ 73.9011825, 15.3112528 ], [ 73.901019, 15.3115756 ], [ 73.9009411, 15.3117822 ], [ 73.9008596, 15.3119255 ], [ 73.9007726, 15.3121318 ], [ 73.9007078, 15.3123929 ], [ 73.9006537, 15.3125637 ], [ 73.9005272, 15.3129006 ], [ 73.9004716, 15.3131662 ], [ 73.9004281, 15.3132694 ], [ 73.9003529, 15.3135981 ], [ 73.900332, 15.3137378 ], [ 73.9003121, 15.3138188 ], [ 73.9002812, 15.3139944 ], [ 73.900247, 15.3141314 ], [ 73.9002215, 15.3142329 ], [ 73.9001469, 15.3145254 ], [ 73.9001165, 15.3146741 ], [ 73.9000767, 15.3148316 ], [ 73.8999835, 15.3151237 ], [ 73.8999334, 15.3153398 ], [ 73.899831, 15.3156273 ], [ 73.8998061, 15.3157263 ], [ 73.8996463, 15.3161033 ], [ 73.8995775, 15.3163281 ], [ 73.8994417, 15.3166648 ], [ 73.8993403, 15.3168846 ], [ 73.8991476, 15.3172836 ], [ 73.8989808, 15.3175205 ], [ 73.8988704, 15.3177265 ], [ 73.8987785, 15.3179329 ], [ 73.8987021, 15.3180537 ], [ 73.8985213, 15.3182948 ], [ 73.8984119, 15.3184377 ], [ 73.8982958, 15.3187024 ], [ 73.8982467, 15.3188643 ], [ 73.8979357, 15.319659 ], [ 73.8978761, 15.3198885 ], [ 73.8977834, 15.320149 ], [ 73.8977233, 15.3204101 ], [ 73.8976544, 15.3206349 ], [ 73.8975719, 15.3208415 ], [ 73.8975706, 15.3209227 ], [ 73.8975212, 15.3210936 ], [ 73.8974875, 15.3211654 ], [ 73.8974532, 15.3212733 ], [ 73.8973076, 15.321637 ], [ 73.8969198, 15.3225751 ], [ 73.8966692, 15.3236689 ], [ 73.89659, 15.3238179 ], [ 73.8979432, 15.3237474 ], [ 73.8990511, 15.3237466 ], [ 73.90024, 15.3239007 ], [ 73.9013689, 15.3240356 ], [ 73.9021108, 15.3242098 ], [ 73.9039023, 15.3245222 ], [ 73.9045656, 15.3246635 ], [ 73.9051474, 15.3246635 ], [ 73.9057782, 15.3245197 ], [ 73.9076869, 15.3244951 ], [ 73.9073652, 15.3256691 ], [ 73.9070465, 15.3269426 ], [ 73.9068808, 15.3285393 ], [ 73.9067232, 15.3304929 ], [ 73.9066859, 15.3319199 ], [ 73.9073098, 15.3321915 ], [ 73.9085541, 15.3323915 ], [ 73.9115213, 15.3336844 ], [ 73.9138182, 15.3347002 ], [ 73.9139408, 15.3351719 ], [ 73.9145818, 15.3352652 ], [ 73.9146003, 15.3352679 ], [ 73.9147662, 15.3353653 ], [ 73.9148464, 15.3355834 ], [ 73.9146844, 15.3358158 ], [ 73.9143422, 15.3359686 ], [ 73.9141829, 15.3360294 ], [ 73.9139433, 15.3361658 ], [ 73.9137187, 15.3365192 ], [ 73.9135951, 15.336969 ], [ 73.9135381, 15.3373159 ], [ 73.9133198, 15.3378636 ], [ 73.9132927, 15.338098 ], [ 73.9135178, 15.3382777 ], [ 73.9139166, 15.3383742 ], [ 73.9142209, 15.3385505 ], [ 73.9143012, 15.338764 ], [ 73.9142382, 15.3389211 ], [ 73.9139432, 15.3393096 ], [ 73.9139402, 15.3397793 ], [ 73.9140385, 15.3400337 ], [ 73.9142829, 15.340173 ], [ 73.9144433, 15.340329 ], [ 73.9145251, 15.3407368 ], [ 73.9145646, 15.3411665 ], [ 73.9146443, 15.3414207 ], [ 73.9148863, 15.3414199 ], [ 73.9150279, 15.3413046 ], [ 73.9151676, 15.3413023 ], [ 73.9152497, 15.3414029 ], [ 73.9153477, 15.3416754 ], [ 73.9154094, 15.3418887 ], [ 73.9154869, 15.3422783 ], [ 73.915226, 15.3425679 ], [ 73.9149654, 15.3425684 ], [ 73.9146855, 15.3426048 ], [ 73.914482, 15.3428049 ], [ 73.9144642, 15.3433286 ], [ 73.9143859, 15.3435623 ], [ 73.9142394, 15.3437001 ], [ 73.9140384, 15.3440312 ], [ 73.9140018, 15.3442836 ], [ 73.91382, 15.344579 ], [ 73.9134157, 15.3451103 ], [ 73.9132624, 15.3453789 ], [ 73.9131136, 15.3456477 ], [ 73.913036, 15.3464098 ], [ 73.9129143, 15.3467377 ], [ 73.9128152, 15.3468221 ], [ 73.9123903, 15.3468969 ], [ 73.9122079, 15.3469573 ], [ 73.9120451, 15.3472303 ], [ 73.9118301, 15.3478549 ], [ 73.9116025, 15.3481089 ], [ 73.9111608, 15.348364 ], [ 73.9112633, 15.3509223 ], [ 73.9118468, 15.3508273 ], [ 73.9125661, 15.3529614 ], [ 73.9120636, 15.3532337 ], [ 73.9122049, 15.3537056 ], [ 73.9122661, 15.3542305 ], [ 73.9122282, 15.3548397 ], [ 73.9119633, 15.3559513 ], [ 73.9149252, 15.3564621 ], [ 73.9149446, 15.3575555 ], [ 73.9161109, 15.3576908 ], [ 73.9158877, 15.3579584 ], [ 73.9157469, 15.3583131 ], [ 73.9156659, 15.3589984 ], [ 73.9156893, 15.3595634 ], [ 73.9158882, 15.3602169 ], [ 73.9161725, 15.3613325 ], [ 73.9165325, 15.3623859 ], [ 73.9168179, 15.3637318 ], [ 73.9158718, 15.3637897 ], [ 73.9163511, 15.3649444 ], [ 73.9163495, 15.3661329 ], [ 73.9163494, 15.3661956 ], [ 73.9165141, 15.3660941 ], [ 73.9171778, 15.3656481 ], [ 73.9175369, 15.3656039 ], [ 73.9178645, 15.3660742 ], [ 73.918263, 15.3667578 ], [ 73.9185877, 15.3674042 ], [ 73.9191052, 15.3673625 ], [ 73.9194955, 15.36684 ], [ 73.9197927, 15.3663115 ], [ 73.9199715, 15.3653341 ], [ 73.9202174, 15.3645338 ], [ 73.9204777, 15.3639867 ], [ 73.9209596, 15.3635514 ], [ 73.9213, 15.3635159 ], [ 73.9218256, 15.3635511 ], [ 73.9223089, 15.3638882 ], [ 73.9226697, 15.3643184 ], [ 73.9232555, 15.3646525 ], [ 73.9243238, 15.3639461 ], [ 73.9255878, 15.3643765 ], [ 73.9260578, 15.3675456 ], [ 73.9262747, 15.3693829 ], [ 73.926557, 15.3706339 ], [ 73.9266785, 15.3711823 ], [ 73.9264365, 15.3726105 ], [ 73.9264746, 15.3731306 ], [ 73.9271817, 15.3728793 ], [ 73.9280879, 15.3724099 ], [ 73.9292135, 15.371903 ], [ 73.9300789, 15.3716498 ], [ 73.9316692, 15.370337 ], [ 73.9327135, 15.3696753 ], [ 73.93354, 15.3695207 ], [ 73.9343804, 15.36938 ], [ 73.9359094, 15.3692633 ], [ 73.9369788, 15.3693428 ], [ 73.9381287, 15.3696358 ], [ 73.9404603, 15.3699829 ], [ 73.9419076, 15.3700229 ], [ 73.9432956, 15.3699808 ], [ 73.9447198, 15.3697268 ], [ 73.9461318, 15.370886 ], [ 73.9469949, 15.371702 ], [ 73.9480519, 15.3725681 ], [ 73.9501763, 15.3736389 ], [ 73.9516299, 15.3740384 ], [ 73.9553754, 15.374141 ], [ 73.9575332, 15.3740224 ], [ 73.9575543, 15.3738691 ], [ 73.9576183, 15.3736532 ], [ 73.9576869, 15.3734374 ], [ 73.9583353, 15.3722005 ], [ 73.9591872, 15.371048 ], [ 73.9604405, 15.3698292 ] ] ] } },
{ "type": "Feature", "properties": { "taluka": "Mormugao", "subdt_lgd": 5615, "district_in_lgd_file": "South Goa", "district_2026": "South Goa" }, "geometry": { "type": "Polygon", "coordinates": [ [ [ 73.8851658, 15.412847 ], [ 73.8901772, 15.4113932 ], [ 73.8920128, 15.4109301 ], [ 73.8945635, 15.4102865 ], [ 73.8959423, 15.4099781 ], [ 73.8976894, 15.4096527 ], [ 73.8987817, 15.4094843 ], [ 73.9007936, 15.4094837 ], [ 73.9029866, 15.409504 ], [ 73.9044889, 15.4096128 ], [ 73.907101, 15.4099151 ], [ 73.9071383, 15.4099208 ], [ 73.9077424, 15.4100134 ], [ 73.907821, 15.4100255 ], [ 73.9087808, 15.4099996 ], [ 73.9095701, 15.4098829 ], [ 73.9099431, 15.4098278 ], [ 73.9109044, 15.4096532 ], [ 73.9135209, 15.4091779 ], [ 73.9141908, 15.4090425 ], [ 73.915016, 15.4088757 ], [ 73.915968, 15.4086979 ], [ 73.916067, 15.4086794 ], [ 73.9164099, 15.4086018 ], [ 73.9179927, 15.4082437 ], [ 73.9181845, 15.4081879 ], [ 73.9219048, 15.4070703 ], [ 73.9258638, 15.405875 ], [ 73.9283442, 15.4051134 ], [ 73.9309367, 15.4046153 ], [ 73.9344459, 15.4041584 ], [ 73.9371072, 15.4037246 ], [ 73.9386031, 15.403657 ], [ 73.9419634, 15.4034822 ], [ 73.9448908, 15.4030026 ], [ 73.9472143, 15.402437 ], [ 73.9481056, 15.4020305 ], [ 73.9495565, 15.4009909 ], [ 73.9496253, 15.4009146 ], [ 73.9505001, 15.3999436 ], [ 73.9513066, 15.3981445 ], [ 73.9525341, 15.3947797 ], [ 73.9532703, 15.3930201 ], [ 73.9541839, 15.3906399 ], [ 73.9546327, 15.3896619 ], [ 73.9548439, 15.3891995 ], [ 73.9550815, 15.3886794 ], [ 73.9553048, 15.3878155 ], [ 73.9559973, 15.3832637 ], [ 73.9563552, 15.3815661 ], [ 73.9570651, 15.3779451 ], [ 73.9573115, 15.3765215 ], [ 73.9575323, 15.3746547 ], [ 73.9575332, 15.3740224 ], [ 73.9553754, 15.374141 ], [ 73.9516299, 15.3740384 ], [ 73.9501763, 15.3736389 ], [ 73.9480519, 15.3725681 ], [ 73.9469949, 15.371702 ], [ 73.9461318, 15.370886 ], [ 73.9447198, 15.3697268 ], [ 73.9432956, 15.3699808 ], [ 73.9419076, 15.3700229 ], [ 73.9404603, 15.3699829 ], [ 73.9381287, 15.3696358 ], [ 73.9369788, 15.3693428 ], [ 73.9359094, 15.3692633 ], [ 73.9343804, 15.36938 ], [ 73.93354, 15.3695207 ], [ 73.9327135, 15.3696753 ], [ 73.9316692, 15.370337 ], [ 73.9300789, 15.3716498 ], [ 73.9292135, 15.371903 ], [ 73.9280879, 15.3724099 ], [ 73.9271817, 15.3728793 ], [ 73.9264746, 15.3731306 ], [ 73.9264365, 15.3726105 ], [ 73.9266785, 15.3711823 ], [ 73.926557, 15.3706339 ], [ 73.9262747, 15.3693829 ], [ 73.9260578, 15.3675456 ], [ 73.9255878, 15.3643765 ], [ 73.9243238, 15.3639461 ], [ 73.9232555, 15.3646525 ], [ 73.9226697, 15.3643184 ], [ 73.9223089, 15.3638882 ], [ 73.9218256, 15.3635511 ], [ 73.9213, 15.3635159 ], [ 73.9209596, 15.3635514 ], [ 73.9204777, 15.3639867 ], [ 73.9202174, 15.3645338 ], [ 73.9199715, 15.3653341 ], [ 73.9197927, 15.3663115 ], [ 73.9194955, 15.36684 ], [ 73.9191052, 15.3673625 ], [ 73.9185877, 15.3674042 ], [ 73.918263, 15.3667578 ], [ 73.9178645, 15.3660742 ], [ 73.9175369, 15.3656039 ], [ 73.9171778, 15.3656481 ], [ 73.9165141, 15.3660941 ], [ 73.9163494, 15.3661956 ], [ 73.9163495, 15.3661329 ], [ 73.9163511, 15.3649444 ], [ 73.9158718, 15.3637897 ], [ 73.9168179, 15.3637318 ], [ 73.9165325, 15.3623859 ], [ 73.9161725, 15.3613325 ], [ 73.9158882, 15.3602169 ], [ 73.9156893, 15.3595634 ], [ 73.9156659, 15.3589984 ], [ 73.9157469, 15.3583131 ], [ 73.9158877, 15.3579584 ], [ 73.9161109, 15.3576908 ], [ 73.9149446, 15.3575555 ], [ 73.9149252, 15.3564621 ], [ 73.9119633, 15.3559513 ], [ 73.9122282, 15.3548397 ], [ 73.9122661, 15.3542305 ], [ 73.9122049, 15.3537056 ], [ 73.9120636, 15.3532337 ], [ 73.9125661, 15.3529614 ], [ 73.9118468, 15.3508273 ], [ 73.9112633, 15.3509223 ], [ 73.9111608, 15.348364 ], [ 73.9116025, 15.3481089 ], [ 73.9118301, 15.3478549 ], [ 73.9120451, 15.3472303 ], [ 73.9122079, 15.3469573 ], [ 73.9123903, 15.3468969 ], [ 73.9128152, 15.3468221 ], [ 73.9129143, 15.3467377 ], [ 73.913036, 15.3464098 ], [ 73.9131136, 15.3456477 ], [ 73.9132624, 15.3453789 ], [ 73.9134157, 15.3451103 ], [ 73.91382, 15.344579 ], [ 73.9140018, 15.3442836 ], [ 73.9140384, 15.3440312 ], [ 73.9142394, 15.3437001 ], [ 73.9143859, 15.3435623 ], [ 73.9144642, 15.3433286 ], [ 73.914482, 15.3428049 ], [ 73.9146855, 15.3426048 ], [ 73.9149654, 15.3425684 ], [ 73.915226, 15.3425679 ], [ 73.9154869, 15.3422783 ], [ 73.9154094, 15.3418887 ], [ 73.9153477, 15.3416754 ], [ 73.9152497, 15.3414029 ], [ 73.9151676, 15.3413023 ], [ 73.9150279, 15.3413046 ], [ 73.9148863, 15.3414199 ], [ 73.9146443, 15.3414207 ], [ 73.9145646, 15.3411665 ], [ 73.9145251, 15.3407368 ], [ 73.9144433, 15.340329 ], [ 73.9142829, 15.340173 ], [ 73.9140385, 15.3400337 ], [ 73.9139402, 15.3397793 ], [ 73.9139432, 15.3393096 ], [ 73.9142382, 15.3389211 ], [ 73.9143012, 15.338764 ], [ 73.9142209, 15.3385505 ], [ 73.9139166, 15.3383742 ], [ 73.9135178, 15.3382777 ], [ 73.9132927, 15.338098 ], [ 73.9133198, 15.3378636 ], [ 73.9135381, 15.3373159 ], [ 73.9135951, 15.336969 ], [ 73.9137187, 15.3365192 ], [ 73.9139433, 15.3361658 ], [ 73.9141829, 15.3360294 ], [ 73.9143422, 15.3359686 ], [ 73.9146844, 15.3358158 ], [ 73.9148464, 15.3355834 ], [ 73.9147662, 15.3353653 ], [ 73.9146003, 15.3352679 ], [ 73.9145818, 15.3352652 ], [ 73.9139408, 15.3351719 ], [ 73.9138182, 15.3347002 ], [ 73.9115213, 15.3336844 ], [ 73.9085541, 15.3323915 ], [ 73.9073098, 15.3321915 ], [ 73.9066859, 15.3319199 ], [ 73.9067232, 15.3304929 ], [ 73.9068808, 15.3285393 ], [ 73.9070465, 15.3269426 ], [ 73.9073652, 15.3256691 ], [ 73.9076869, 15.3244951 ], [ 73.9057782, 15.3245197 ], [ 73.9051474, 15.3246635 ], [ 73.9045656, 15.3246635 ], [ 73.9039023, 15.3245222 ], [ 73.9021108, 15.3242098 ], [ 73.9013689, 15.3240356 ], [ 73.90024, 15.3239007 ], [ 73.8990511, 15.3237466 ], [ 73.8979432, 15.3237474 ], [ 73.89659, 15.3238179 ], [ 73.8955837, 15.3257119 ], [ 73.895292, 15.3264754 ], [ 73.8949595, 15.327446 ], [ 73.8948848, 15.3280276 ], [ 73.8949326, 15.3285162 ], [ 73.8949339, 15.3290041 ], [ 73.8947589, 15.3297423 ], [ 73.8944896, 15.3308358 ], [ 73.8941696, 15.3313368 ], [ 73.8940643, 15.3315113 ], [ 73.893934, 15.3317939 ], [ 73.8938715, 15.3319104 ], [ 73.8938424, 15.3319822 ], [ 73.8937464, 15.3321569 ], [ 73.8936308, 15.3323945 ], [ 73.8934949, 15.3327403 ], [ 73.8934038, 15.332897 ], [ 73.8932264, 15.3332149 ], [ 73.8930493, 15.3335149 ], [ 73.8928335, 15.3338955 ], [ 73.8927859, 15.3339625 ], [ 73.8926111, 15.334398 ], [ 73.8923425, 15.3348862 ], [ 73.8922989, 15.3349849 ], [ 73.8921502, 15.3352536 ], [ 73.8921403, 15.3352896 ], [ 73.8920922, 15.3353882 ], [ 73.8918839, 15.3358819 ], [ 73.8918495, 15.3359898 ], [ 73.8918155, 15.3360796 ], [ 73.8915259, 15.336703 ], [ 73.8914094, 15.3369949 ], [ 73.8912457, 15.3373267 ], [ 73.8911045, 15.3377038 ], [ 73.8910125, 15.3379238 ], [ 73.8908829, 15.3381612 ], [ 73.890873, 15.3381972 ], [ 73.8908441, 15.33826 ], [ 73.8907571, 15.3384484 ], [ 73.8907226, 15.3385653 ], [ 73.8906933, 15.3386508 ], [ 73.8904905, 15.3390902 ], [ 73.8903589, 15.3394541 ], [ 73.8903289, 15.3395756 ], [ 73.8902657, 15.3397418 ], [ 73.8902309, 15.3398813 ], [ 73.8902066, 15.3399442 ], [ 73.8900857, 15.3402178 ], [ 73.889959, 15.3405591 ], [ 73.8898434, 15.3408013 ], [ 73.8896929, 15.3411785 ], [ 73.8895579, 15.3414564 ], [ 73.8894353, 15.3418339 ], [ 73.889354, 15.3419637 ], [ 73.8892142, 15.3422598 ], [ 73.8891366, 15.3424483 ], [ 73.8889337, 15.3428968 ], [ 73.8888562, 15.3430853 ], [ 73.8886582, 15.3435205 ], [ 73.8884494, 15.3440412 ], [ 73.8879961, 15.3450009 ], [ 73.8879241, 15.3451263 ], [ 73.8878325, 15.3453237 ], [ 73.8875784, 15.3457669 ], [ 73.8875586, 15.3458434 ], [ 73.8874428, 15.34609 ], [ 73.8873606, 15.3462786 ], [ 73.8871493, 15.3466682 ], [ 73.8870236, 15.3469509 ], [ 73.8869566, 15.3470628 ], [ 73.886884, 15.3472288 ], [ 73.8868122, 15.3473541 ], [ 73.8866476, 15.3477356 ], [ 73.8865599, 15.3479736 ], [ 73.8864678, 15.3481981 ], [ 73.8863765, 15.3483683 ], [ 73.8863667, 15.3483953 ], [ 73.8861552, 15.3488031 ], [ 73.8859633, 15.3491524 ], [ 73.8855593, 15.3499412 ], [ 73.8853178, 15.3504751 ], [ 73.8853035, 15.3504929 ], [ 73.8851052, 15.3509415 ], [ 73.8850321, 15.3511437 ], [ 73.8848774, 15.3514801 ], [ 73.884771, 15.3517269 ], [ 73.8847024, 15.3519382 ], [ 73.8843952, 15.3527781 ], [ 73.8842652, 15.3530472 ], [ 73.8841882, 15.3531951 ], [ 73.8841545, 15.3532624 ], [ 73.8837716, 15.3538978 ], [ 73.8837146, 15.3539737 ], [ 73.883557, 15.3542107 ], [ 73.8834046, 15.3544161 ], [ 73.88339, 15.3544565 ], [ 73.8833184, 15.3545639 ], [ 73.8831405, 15.3549043 ], [ 73.8829728, 15.3551954 ], [ 73.8826682, 15.3555972 ], [ 73.8826395, 15.3556465 ], [ 73.8826253, 15.3556598 ], [ 73.8824868, 15.3558745 ], [ 73.8823232, 15.3562017 ], [ 73.8822801, 15.3562643 ], [ 73.8821367, 15.3564879 ], [ 73.8820368, 15.3566174 ], [ 73.881937, 15.3567469 ], [ 73.8816882, 15.3571586 ], [ 73.881612, 15.3572567 ], [ 73.8813825, 15.3576237 ], [ 73.8812094, 15.3579597 ], [ 73.8811561, 15.3580899 ], [ 73.8808296, 15.3586856 ], [ 73.8808245, 15.3587126 ], [ 73.8807092, 15.3589322 ], [ 73.8804825, 15.3594076 ], [ 73.8804254, 15.3594879 ], [ 73.8802577, 15.3597789 ], [ 73.880166, 15.3599764 ], [ 73.8799917, 15.3603802 ], [ 73.8797406, 15.3609229 ], [ 73.8797061, 15.3610353 ], [ 73.8796916, 15.3610712 ], [ 73.8791798, 15.3618989 ], [ 73.879047, 15.3620415 ], [ 73.8789668, 15.3621124 ], [ 73.8782593, 15.3626661 ], [ 73.8778869, 15.3629449 ], [ 73.877593, 15.3632656 ], [ 73.8773787, 15.3635558 ], [ 73.8773104, 15.3637445 ], [ 73.8772818, 15.3637802 ], [ 73.8772343, 15.3638382 ], [ 73.8770008, 15.3641643 ], [ 73.8769002, 15.3643389 ], [ 73.8763801, 15.3651033 ], [ 73.8753991, 15.3661496 ], [ 73.8742557, 15.3671571 ], [ 73.874046, 15.3674521 ], [ 73.8736896, 15.3678891 ], [ 73.8733816, 15.3680831 ], [ 73.8730733, 15.3682771 ], [ 73.8726258, 15.3685953 ], [ 73.8723915, 15.3686865 ], [ 73.8712698, 15.3692245 ], [ 73.8712145, 15.3691875 ], [ 73.8709754, 15.3690075 ], [ 73.8709477, 15.3689981 ], [ 73.8708636, 15.3690149 ], [ 73.8704206, 15.3693377 ], [ 73.8703458, 15.3693592 ], [ 73.8701685, 15.369379 ], [ 73.8700662, 15.3693773 ], [ 73.8699873, 15.3693626 ], [ 73.8698023, 15.3692828 ], [ 73.8694341, 15.3690285 ], [ 73.869365, 15.3689823 ], [ 73.8691071, 15.3688156 ], [ 73.8685634, 15.3684682 ], [ 73.868401, 15.3684296 ], [ 73.8678396, 15.3683214 ], [ 73.8672233, 15.3684201 ], [ 73.8661712, 15.368417 ], [ 73.8655156, 15.368366 ], [ 73.8651088, 15.3681881 ], [ 73.8648977, 15.3681387 ], [ 73.8642786, 15.3679942 ], [ 73.8638543, 15.3680327 ], [ 73.8636554, 15.3679574 ], [ 73.863403, 15.3677365 ], [ 73.8633527, 15.3674013 ], [ 73.8633073, 15.3670484 ], [ 73.863755, 15.3667255 ], [ 73.8638636, 15.3666324 ], [ 73.8637928, 15.3658542 ], [ 73.8637152, 15.3657582 ], [ 73.863638, 15.3656395 ], [ 73.8635744, 15.3655391 ], [ 73.8634754, 15.3653388 ], [ 73.8634219, 15.3651978 ], [ 73.8634178, 15.3651662 ], [ 73.8634193, 15.3650713 ], [ 73.8632785, 15.3648568 ], [ 73.8629778, 15.3647436 ], [ 73.861519, 15.364558 ], [ 73.8612247, 15.3646166 ], [ 73.8610796, 15.3646595 ], [ 73.8608787, 15.3647016 ], [ 73.8605383, 15.3647368 ], [ 73.8604313, 15.3647352 ], [ 73.8603427, 15.3647427 ], [ 73.8599192, 15.3647316 ], [ 73.859598, 15.3647355 ], [ 73.8595422, 15.3647301 ], [ 73.8594586, 15.3647199 ], [ 73.8589755, 15.3646445 ], [ 73.8587295, 15.3645999 ], [ 73.8574831, 15.364526 ], [ 73.8571519, 15.3645615 ], [ 73.8570403, 15.3645552 ], [ 73.8567098, 15.36455 ], [ 73.8562813, 15.3645612 ], [ 73.8560906, 15.3645537 ], [ 73.8558029, 15.364495 ], [ 73.8554732, 15.3644446 ], [ 73.8553154, 15.364415 ], [ 73.8551014, 15.3644117 ], [ 73.8549008, 15.3644266 ], [ 73.8548244, 15.364405 ], [ 73.8541109, 15.3640617 ], [ 73.8540877, 15.3640568 ], [ 73.853995, 15.3640237 ], [ 73.8539119, 15.3639863 ], [ 73.8538753, 15.3639449 ], [ 73.8537944, 15.3639121 ], [ 73.8533531, 15.3634308 ], [ 73.8532754, 15.3633527 ], [ 73.8531706, 15.3632065 ], [ 73.8531023, 15.3631196 ], [ 73.8531288, 15.3629258 ], [ 73.8531645, 15.3627366 ], [ 73.853178, 15.3624884 ], [ 73.8531883, 15.3624253 ], [ 73.8532133, 15.3623218 ], [ 73.8532569, 15.3622186 ], [ 73.8532878, 15.3621141 ], [ 73.8532915, 15.3621017 ], [ 73.8529445, 15.3619386 ], [ 73.8529034, 15.3619193 ], [ 73.8528408, 15.3614891 ], [ 73.8528153, 15.3614797 ], [ 73.8529551, 15.3613328 ], [ 73.8532967, 15.3609452 ], [ 73.8530213, 15.3601547 ], [ 73.8523711, 15.3594984 ], [ 73.8513321, 15.3589897 ], [ 73.850513, 15.3592523 ], [ 73.8494054, 15.3592302 ], [ 73.8480439, 15.358793 ], [ 73.8477096, 15.3587426 ], [ 73.8472128, 15.3586624 ], [ 73.8464222, 15.3586138 ], [ 73.8459894, 15.3586069 ], [ 73.845794, 15.3585902 ], [ 73.8454782, 15.3585446 ], [ 73.8452086, 15.3585268 ], [ 73.8449226, 15.3586442 ], [ 73.8443422, 15.3588338 ], [ 73.8436762, 15.3585703 ], [ 73.8435302, 15.3583873 ], [ 73.8429158, 15.358382 ], [ 73.842669, 15.3583871 ], [ 73.8424264, 15.3584149 ], [ 73.8423899, 15.3586538 ], [ 73.8420652, 15.3588564 ], [ 73.8415466, 15.3589701 ], [ 73.8411895, 15.3594479 ], [ 73.8411141, 15.3594964 ], [ 73.8410858, 15.3595185 ], [ 73.8409449, 15.3595931 ], [ 73.8407009, 15.3597112 ], [ 73.8406447, 15.3597238 ], [ 73.8400591, 15.359945 ], [ 73.8399515, 15.3599794 ], [ 73.839628, 15.3601188 ], [ 73.8393563, 15.3602139 ], [ 73.8391636, 15.3603238 ], [ 73.839093, 15.3603769 ], [ 73.8389705, 15.3604517 ], [ 73.8385337, 15.3606842 ], [ 73.8384963, 15.3606972 ], [ 73.8381733, 15.360805 ], [ 73.8379572, 15.3609146 ], [ 73.8377596, 15.3610469 ], [ 73.8375469, 15.3612378 ], [ 73.837447, 15.3613582 ], [ 73.8373703, 15.3614925 ], [ 73.8372943, 15.3615817 ], [ 73.837088, 15.3619488 ], [ 73.8370103, 15.3621418 ], [ 73.8369796, 15.3623039 ], [ 73.8361417, 15.3642423 ], [ 73.8359521, 15.3644426 ], [ 73.835838, 15.3645854 ], [ 73.8356944, 15.3648225 ], [ 73.8355106, 15.3652307 ], [ 73.8359497, 15.3654228 ], [ 73.8358471, 15.365986 ], [ 73.8352746, 15.3662569 ], [ 73.8348731, 15.3668785 ], [ 73.8347469, 15.3671882 ], [ 73.8340201, 15.367773 ], [ 73.8331024, 15.3683592 ], [ 73.8325344, 15.3689104 ], [ 73.8322953, 15.369015 ], [ 73.8320933, 15.3691202 ], [ 73.831937, 15.3692804 ], [ 73.8318416, 15.3694144 ], [ 73.8318214, 15.369509 ], [ 73.8318075, 15.3695087 ], [ 73.8317656, 15.3695036 ], [ 73.8316729, 15.369484 ], [ 73.8316499, 15.369461 ], [ 73.831508, 15.3693233 ], [ 73.8314943, 15.369305 ], [ 73.8314489, 15.369232 ], [ 73.8314218, 15.3691818 ], [ 73.8309227, 15.3692417 ], [ 73.8305192, 15.3683181 ], [ 73.8304512, 15.3682041 ], [ 73.8303917, 15.3681444 ], [ 73.8302947, 15.3680977 ], [ 73.8301837, 15.3680598 ], [ 73.829975, 15.3680068 ], [ 73.8298635, 15.367996 ], [ 73.8297145, 15.3679937 ], [ 73.8294529, 15.3680436 ], [ 73.8292245, 15.3680626 ], [ 73.8288919, 15.3679037 ], [ 73.8288452, 15.3679165 ], [ 73.8285694, 15.3679844 ], [ 73.8285505, 15.3679976 ], [ 73.8283072, 15.3680661 ], [ 73.8280216, 15.3681654 ], [ 73.8278626, 15.3682081 ], [ 73.8278485, 15.3682169 ], [ 73.8274369, 15.3683278 ], [ 73.8270289, 15.368502 ], [ 73.826519, 15.3686474 ], [ 73.8262292, 15.3687106 ], [ 73.8259203, 15.3688095 ], [ 73.8257189, 15.3688786 ], [ 73.8254663, 15.3689514 ], [ 73.8251299, 15.3690229 ], [ 73.8249193, 15.3690872 ], [ 73.8247225, 15.369161 ], [ 73.8243812, 15.3692504 ], [ 73.823988, 15.3693706 ], [ 73.8238291, 15.3694087 ], [ 73.8237168, 15.3694431 ], [ 73.8235768, 15.3694634 ], [ 73.8233104, 15.3695178 ], [ 73.8232285, 15.3695459 ], [ 73.8231466, 15.369574 ], [ 73.8230484, 15.3696175 ], [ 73.8229496, 15.3696612 ], [ 73.822785, 15.369758 ], [ 73.8226483, 15.3698551 ], [ 73.8225493, 15.3699349 ], [ 73.8224347, 15.3701048 ], [ 73.8223577, 15.3702481 ], [ 73.8222908, 15.3703509 ], [ 73.8218039, 15.3707904 ], [ 73.8217111, 15.3710419 ], [ 73.8218692, 15.3713381 ], [ 73.8217924, 15.3714679 ], [ 73.8217368, 15.3717312 ], [ 73.821665, 15.3718544 ], [ 73.8211877, 15.3719958 ], [ 73.8211363, 15.372004 ], [ 73.8208517, 15.3720401 ], [ 73.8205535, 15.3720579 ], [ 73.820423, 15.3720605 ], [ 73.8203252, 15.3720633 ], [ 73.8202181, 15.3720617 ], [ 73.8195116, 15.3719916 ], [ 73.8190745, 15.3719621 ], [ 73.818214, 15.3719122 ], [ 73.8180139, 15.3719044 ], [ 73.8176513, 15.3718715 ], [ 73.8174508, 15.3718909 ], [ 73.8173574, 15.3719075 ], [ 73.8170401, 15.371943 ], [ 73.816914, 15.3719682 ], [ 73.8166707, 15.372041 ], [ 73.8165303, 15.3720886 ], [ 73.8162721, 15.3722109 ], [ 73.8161968, 15.3722593 ], [ 73.8160643, 15.3723838 ], [ 73.8159881, 15.3724864 ], [ 73.8154665, 15.3733229 ], [ 73.8155221, 15.3736084 ], [ 73.8148258, 15.3740445 ], [ 73.8141982, 15.374536 ], [ 73.8135021, 15.374954 ], [ 73.8129431, 15.3752432 ], [ 73.8124756, 15.3753577 ], [ 73.8123686, 15.3753559 ], [ 73.8118114, 15.3758169 ], [ 73.811239, 15.3755231 ], [ 73.8106055, 15.3752691 ], [ 73.8099634, 15.3752406 ], [ 73.809754, 15.3752327 ], [ 73.809619, 15.3752396 ], [ 73.8095207, 15.3752607 ], [ 73.8091973, 15.3753865 ], [ 73.8089899, 15.3755413 ], [ 73.8089194, 15.3755763 ], [ 73.8088816, 15.3756073 ], [ 73.8087713, 15.3757998 ], [ 73.8086094, 15.3760141 ], [ 73.8085997, 15.3760364 ], [ 73.8085091, 15.3761661 ], [ 73.8079934, 15.3766547 ], [ 73.807813, 15.3768551 ], [ 73.807789, 15.3769045 ], [ 73.8077728, 15.3770307 ], [ 73.8077706, 15.3771571 ], [ 73.8077868, 15.3773019 ], [ 73.8078218, 15.3774336 ], [ 73.8080681, 15.3780158 ], [ 73.8081267, 15.3781341 ], [ 73.8082673, 15.3783488 ], [ 73.8083813, 15.3784906 ], [ 73.8084501, 15.378555 ], [ 73.8085378, 15.378597 ], [ 73.808626, 15.3786165 ], [ 73.8086398, 15.3786258 ], [ 73.8089688, 15.3787169 ], [ 73.8092522, 15.378753 ], [ 73.8093774, 15.3787777 ], [ 73.8094654, 15.3788107 ], [ 73.8094792, 15.3788245 ], [ 73.8096592, 15.3789132 ], [ 73.8096868, 15.3789362 ], [ 73.809709, 15.3789953 ], [ 73.8097343, 15.3791584 ], [ 73.8097334, 15.3792035 ], [ 73.8097136, 15.3792755 ], [ 73.8096933, 15.3793745 ], [ 73.8095747, 15.3795082 ], [ 73.8094313, 15.3797273 ], [ 73.8094295, 15.3798356 ], [ 73.8094424, 15.3798991 ], [ 73.8095108, 15.3799815 ], [ 73.8096294, 15.380128 ], [ 73.809683, 15.3802598 ], [ 73.8096942, 15.3804272 ], [ 73.8096946, 15.3806803 ], [ 73.8097417, 15.3809204 ], [ 73.8097678, 15.3810292 ], [ 73.8098449, 15.3811479 ], [ 73.8100476, 15.3812822 ], [ 73.8102038, 15.3814021 ], [ 73.8104251, 15.3815323 ], [ 73.8105668, 15.3816881 ], [ 73.8105656, 15.3817558 ], [ 73.8104304, 15.3817672 ], [ 73.810296, 15.3817334 ], [ 73.8101584, 15.3816137 ], [ 73.8100074, 15.3814577 ], [ 73.8097641, 15.3812506 ], [ 73.8095859, 15.3810489 ], [ 73.8095513, 15.3808902 ], [ 73.8095766, 15.3807687 ], [ 73.8095849, 15.3805565 ], [ 73.809588, 15.3803759 ], [ 73.8095292, 15.3802664 ], [ 73.8094014, 15.3801243 ], [ 73.8092602, 15.3799278 ], [ 73.8091977, 15.3797687 ], [ 73.8092093, 15.3796378 ], [ 73.8092769, 15.379499 ], [ 73.8093809, 15.3794057 ], [ 73.8094111, 15.3792706 ], [ 73.809366, 15.3791796 ], [ 73.809265, 15.3791011 ], [ 73.8091592, 15.379018 ], [ 73.8088299, 15.378945 ], [ 73.8086717, 15.378938 ], [ 73.8083859, 15.3790418 ], [ 73.8079287, 15.3790978 ], [ 73.8079439, 15.379577 ], [ 73.8079496, 15.3797938 ], [ 73.8079699, 15.3799658 ], [ 73.8080142, 15.3803731 ], [ 73.8081103, 15.3813053 ], [ 73.8081586, 15.3820289 ], [ 73.8081973, 15.3824904 ], [ 73.8082162, 15.3835704 ], [ 73.8081996, 15.3837328 ], [ 73.8081617, 15.3840439 ], [ 73.8077521, 15.384584 ], [ 73.8076982, 15.3850168 ], [ 73.8075558, 15.3854483 ], [ 73.8074394, 15.3860066 ], [ 73.8074178, 15.3864581 ], [ 73.8074391, 15.3868514 ], [ 73.8073724, 15.3874873 ], [ 73.8072163, 15.3881851 ], [ 73.8071618, 15.388654 ], [ 73.8069548, 15.3890574 ], [ 73.8065329, 15.3906001 ], [ 73.8063605, 15.390882 ], [ 73.8060954, 15.3914154 ], [ 73.8059627, 15.3918244 ], [ 73.8050953, 15.392723 ], [ 73.8043049, 15.3934783 ], [ 73.8039655, 15.3937259 ], [ 73.8035278, 15.3937279 ], [ 73.8032655, 15.393543 ], [ 73.8030582, 15.3934086 ], [ 73.8028089, 15.3932827 ], [ 73.8027905, 15.3932734 ], [ 73.8027092, 15.3931229 ], [ 73.8025057, 15.3930384 ], [ 73.8023298, 15.3929768 ], [ 73.802204, 15.3929792 ], [ 73.8020646, 15.392968 ], [ 73.8019498, 15.3928668 ], [ 73.8017337, 15.3927097 ], [ 73.8015996, 15.3926533 ], [ 73.8015065, 15.3926519 ], [ 73.8014543, 15.3927098 ], [ 73.8014384, 15.3928224 ], [ 73.8013807, 15.3929299 ], [ 73.8013288, 15.3929697 ], [ 73.8012729, 15.3929689 ], [ 73.8011161, 15.392885 ], [ 73.8010183, 15.392879 ], [ 73.800897, 15.392895 ], [ 73.8007572, 15.3929063 ], [ 73.8006638, 15.3929184 ], [ 73.8005896, 15.3929036 ], [ 73.8005345, 15.3928531 ], [ 73.8005142, 15.3926811 ], [ 73.8004936, 15.3925181 ], [ 73.8004302, 15.3924177 ], [ 73.8003469, 15.3923847 ], [ 73.8002442, 15.3924011 ], [ 73.8001361, 15.3924581 ], [ 73.8000182, 15.3925466 ], [ 73.7999009, 15.3925989 ], [ 73.7998527, 15.392693 ], [ 73.799796, 15.3927418 ], [ 73.7996653, 15.3927622 ], [ 73.7995947, 15.3928063 ], [ 73.799532, 15.3929364 ], [ 73.7994802, 15.392967 ], [ 73.7993405, 15.3929694 ], [ 73.7992701, 15.3929998 ], [ 73.7992043, 15.3930395 ], [ 73.7991204, 15.3930472 ], [ 73.7990463, 15.3930188 ], [ 73.7989206, 15.3930169 ], [ 73.7987819, 15.3929559 ], [ 73.7986792, 15.3929768 ], [ 73.7984971, 15.3930055 ], [ 73.7983705, 15.3930577 ], [ 73.7983083, 15.3931515 ], [ 73.7982459, 15.3932634 ], [ 73.7981428, 15.393307 ], [ 73.7980124, 15.3933049 ], [ 73.7978733, 15.3932665 ], [ 73.7976987, 15.3931282 ], [ 73.7975593, 15.3931124 ], [ 73.7973408, 15.3930953 ], [ 73.7972007, 15.3931111 ], [ 73.7970882, 15.393159 ], [ 73.7970138, 15.3931533 ], [ 73.7968894, 15.39307 ], [ 73.7966989, 15.3930489 ], [ 73.7965727, 15.3930784 ], [ 73.7964877, 15.3931493 ], [ 73.7964537, 15.3932347 ], [ 73.7964713, 15.3932892 ], [ 73.7965677, 15.393372 ], [ 73.7965304, 15.3933759 ], [ 73.7963581, 15.3933822 ], [ 73.7961999, 15.3933706 ], [ 73.7958414, 15.3933694 ], [ 73.7957997, 15.3933551 ], [ 73.7956995, 15.3932271 ], [ 73.7954635, 15.3928618 ], [ 73.7953505, 15.3926611 ], [ 73.7952549, 15.3925331 ], [ 73.7951124, 15.3924269 ], [ 73.7950382, 15.3924077 ], [ 73.7949308, 15.392424 ], [ 73.7947485, 15.3924708 ], [ 73.7945844, 15.3925314 ], [ 73.7944905, 15.3925796 ], [ 73.7944436, 15.3926014 ], [ 73.7942198, 15.3926159 ], [ 73.7938892, 15.3926196 ], [ 73.7936089, 15.3926693 ], [ 73.7934592, 15.3927075 ], [ 73.7933328, 15.3927461 ], [ 73.7928202, 15.392774 ], [ 73.7927224, 15.3927724 ], [ 73.7923908, 15.3928303 ], [ 73.7922323, 15.3928458 ], [ 73.7920918, 15.3928887 ], [ 73.7919094, 15.3929355 ], [ 73.7918243, 15.3930109 ], [ 73.7918097, 15.3930513 ], [ 73.7917037, 15.3932574 ], [ 73.7915743, 15.3934723 ], [ 73.7905899, 15.3938585 ], [ 73.7897871, 15.3953409 ], [ 73.7900425, 15.39675 ], [ 73.7909193, 15.3972115 ], [ 73.7910959, 15.3975079 ], [ 73.7913016, 15.3977326 ], [ 73.7914613, 15.397934 ], [ 73.791757, 15.3983409 ], [ 73.7919565, 15.3986603 ], [ 73.7919967, 15.3987513 ], [ 73.7920099, 15.3988013 ], [ 73.7919991, 15.398887 ], [ 73.7919798, 15.3989318 ], [ 73.7919467, 15.3989584 ], [ 73.7919046, 15.3989667 ], [ 73.7917462, 15.3989732 ], [ 73.7917399, 15.3987968 ], [ 73.7914134, 15.3982811 ], [ 73.7910806, 15.3986824 ], [ 73.7904041, 15.3987572 ], [ 73.7894567, 15.3991531 ], [ 73.7896733, 15.3998388 ], [ 73.7894591, 15.4001109 ], [ 73.7893503, 15.4002086 ], [ 73.7889098, 15.4006442 ], [ 73.7887435, 15.4008403 ], [ 73.7886576, 15.4009654 ], [ 73.7885371, 15.4012074 ], [ 73.7884596, 15.4013824 ], [ 73.788369, 15.4015028 ], [ 73.7883454, 15.4015205 ], [ 73.7881467, 15.4017071 ], [ 73.7881042, 15.4017426 ], [ 73.7879239, 15.4019384 ], [ 73.7878952, 15.4019786 ], [ 73.7877841, 15.4022117 ], [ 73.7876312, 15.4027153 ], [ 73.7874511, 15.4031732 ], [ 73.7873428, 15.4035194 ], [ 73.7873274, 15.403605 ], [ 73.7869013, 15.4045649 ], [ 73.7868071, 15.4048931 ], [ 73.7865885, 15.4051562 ], [ 73.786395, 15.4053021 ], [ 73.7861741, 15.4059717 ], [ 73.7859297, 15.4061033 ], [ 73.7858498, 15.4061471 ], [ 73.7858135, 15.4060924 ], [ 73.7858326, 15.4060611 ], [ 73.7859477, 15.4058642 ], [ 73.7858558, 15.4057949 ], [ 73.7855203, 15.4058075 ], [ 73.7851925, 15.4061908 ], [ 73.7849241, 15.4063671 ], [ 73.7846275, 15.4065521 ], [ 73.7844388, 15.4066891 ], [ 73.784338, 15.4068682 ], [ 73.784475, 15.4070285 ], [ 73.7845308, 15.407034 ], [ 73.784554, 15.4070388 ], [ 73.7841441, 15.4075924 ], [ 73.7839676, 15.4078381 ], [ 73.7838957, 15.4079544 ], [ 73.7838766, 15.4079811 ], [ 73.7838396, 15.407967 ], [ 73.7836884, 15.4081001 ], [ 73.7835592, 15.4085769 ], [ 73.7833944, 15.4089492 ], [ 73.7833365, 15.4093414 ], [ 73.7831797, 15.4095286 ], [ 73.7831553, 15.4098669 ], [ 73.7831693, 15.4101383 ], [ 73.7832004, 15.4105002 ], [ 73.7832, 15.4107939 ], [ 73.7833378, 15.4109091 ], [ 73.7834629, 15.4109472 ], [ 73.7834899, 15.4110019 ], [ 73.783701, 15.4114571 ], [ 73.7837098, 15.4114844 ], [ 73.7836854, 15.4115472 ], [ 73.7837166, 15.4116335 ], [ 73.783773, 15.411874 ], [ 73.7839074, 15.4119122 ], [ 73.7839257, 15.4119351 ], [ 73.784146, 15.412395 ], [ 73.7841595, 15.4124222 ], [ 73.7840845, 15.4124527 ], [ 73.7841563, 15.4126075 ], [ 73.7842901, 15.4126819 ], [ 73.7844379, 15.4127566 ], [ 73.784628, 15.4128003 ], [ 73.7849206, 15.4128457 ], [ 73.7851349, 15.4128446 ], [ 73.7853477, 15.4129248 ], [ 73.7855282, 15.4130002 ], [ 73.7856999, 15.4130346 ], [ 73.7859221, 15.4131104 ], [ 73.7860244, 15.4131165 ], [ 73.7863042, 15.413094 ], [ 73.7864164, 15.4130732 ], [ 73.7866147, 15.4131849 ], [ 73.7869079, 15.413194 ], [ 73.7871256, 15.4129898 ], [ 73.7870109, 15.4128885 ], [ 73.7867819, 15.4129345 ], [ 73.786792, 15.412885 ], [ 73.7868029, 15.4127993 ], [ 73.7869989, 15.4127708 ], [ 73.7875182, 15.4126393 ], [ 73.7877615, 15.4125708 ], [ 73.788095, 15.4124 ], [ 73.7884092, 15.4122696 ], [ 73.788803, 15.4121178 ], [ 73.7891963, 15.4119887 ], [ 73.7892894, 15.4119901 ], [ 73.789401, 15.4120055 ], [ 73.7896006, 15.4120448 ], [ 73.7896926, 15.4121096 ], [ 73.7899582, 15.4123759 ], [ 73.7900035, 15.4124489 ], [ 73.7900493, 15.4124994 ], [ 73.7900901, 15.4125587 ], [ 73.7902174, 15.412746 ], [ 73.7902579, 15.4128235 ], [ 73.7903441, 15.4129649 ], [ 73.7903577, 15.4129832 ], [ 73.7904027, 15.4133453 ], [ 73.7917716, 15.4174697 ], [ 73.7916722, 15.4181142 ], [ 73.7918155, 15.418993 ], [ 73.7918385, 15.419041 ], [ 73.791901, 15.4191706 ], [ 73.7859993, 15.4372735 ], [ 73.7956451, 15.4337154 ], [ 73.8019526, 15.4317205 ], [ 73.8054944, 15.4307699 ], [ 73.8078839, 15.4302073 ], [ 73.8095593, 15.4297328 ], [ 73.8117289, 15.4294964 ], [ 73.8166961, 15.4290835 ], [ 73.820384, 15.4288487 ], [ 73.8244979, 15.4287603 ], [ 73.8265114, 15.4286747 ], [ 73.8294678, 15.4284549 ], [ 73.832595, 15.428048 ], [ 73.8335104, 15.4278998 ], [ 73.8365918, 15.4277271 ], [ 73.8392594, 15.427227 ], [ 73.8416964, 15.4266013 ], [ 73.8465731, 15.4251691 ], [ 73.8489678, 15.4242806 ], [ 73.8508175, 15.4233926 ], [ 73.8531016, 15.4224346 ], [ 73.8543967, 15.4218496 ], [ 73.8555596, 15.4210908 ], [ 73.8582012, 15.4193523 ], [ 73.8605521, 15.4180068 ], [ 73.8620715, 15.41738 ], [ 73.8634793, 15.417009 ], [ 73.8646436, 15.416729 ], [ 73.8674175, 15.416551 ], [ 73.8722667, 15.4164684 ], [ 73.8750624, 15.4163809 ], [ 73.8764523, 15.4159688 ], [ 73.8786179, 15.4151216 ], [ 73.8804489, 15.4144995 ], [ 73.8851658, 15.412847 ] ] ] } },
{ "type": "Feature", "properties": { "taluka": "Tiswadi", "subdt_lgd": 5611, "district_in_lgd_file": "North Goa", "district_2026": "North Goa" }, "geometry": { "type": "Polygon", "coordinates": [ [ [ 73.8952758, 15.555361 ], [ 73.8958124, 15.5553242 ], [ 73.8964495, 15.5554108 ], [ 73.8970739, 15.555696 ], [ 73.8974829, 15.5563393 ], [ 73.8979973, 15.5579375 ], [ 73.8983663, 15.5590274 ], [ 73.8983831, 15.5597055 ], [ 73.8983278, 15.5602376 ], [ 73.8980196, 15.5608428 ], [ 73.8971191, 15.5620352 ], [ 73.896976, 15.5625165 ], [ 73.8971757, 15.5639788 ], [ 73.8976723, 15.5646777 ], [ 73.8984479, 15.5651369 ], [ 73.8990344, 15.565173 ], [ 73.900096, 15.564959 ], [ 73.900681, 15.5642451 ], [ 73.9011229, 15.5634478 ], [ 73.901381, 15.5630587 ], [ 73.9018425, 15.5624875 ], [ 73.9023924, 15.5619177 ], [ 73.9029398, 15.5615105 ], [ 73.9033964, 15.5615266 ], [ 73.9037686, 15.5615638 ], [ 73.9042486, 15.5618468 ], [ 73.9046402, 15.5624131 ], [ 73.9051423, 15.5622085 ], [ 73.9058089, 15.561916 ], [ 73.9059955, 15.5613406 ], [ 73.9058565, 15.560715 ], [ 73.9059234, 15.5597583 ], [ 73.9058312, 15.5591334 ], [ 73.9056701, 15.5587153 ], [ 73.9050752, 15.5583356 ], [ 73.9043365, 15.5579086 ], [ 73.9040852, 15.5575976 ], [ 73.9040389, 15.5572897 ], [ 73.9046111, 15.5567879 ], [ 73.9057796, 15.5562999 ], [ 73.9062658, 15.5559234 ], [ 73.9066988, 15.5553833 ], [ 73.906651, 15.5543164 ], [ 73.9065599, 15.5533347 ], [ 73.9069533, 15.5526449 ], [ 73.907756, 15.5517221 ], [ 73.9093441, 15.5506532 ], [ 73.9106029, 15.5500536 ], [ 73.9109971, 15.5496033 ], [ 73.911176, 15.5492085 ], [ 73.9112693, 15.5480669 ], [ 73.9117246, 15.5475815 ], [ 73.9121635, 15.5472449 ], [ 73.9122833, 15.5471914 ], [ 73.913816, 15.5465067 ], [ 73.9159963, 15.5451261 ], [ 73.9175793, 15.5440751 ], [ 73.9184477, 15.5434061 ], [ 73.9188196, 15.5428923 ], [ 73.9191634, 15.5423826 ], [ 73.9203978, 15.5404182 ], [ 73.9211999, 15.5395269 ], [ 73.9217774, 15.5392602 ], [ 73.9229239, 15.5389704 ], [ 73.9244408, 15.5382572 ], [ 73.9253812, 15.5374539 ], [ 73.9265737, 15.536049 ], [ 73.9276697, 15.5354242 ], [ 73.9288423, 15.5349587 ], [ 73.9289621, 15.5349744 ], [ 73.9293491, 15.5350251 ], [ 73.9315548, 15.5360888 ], [ 73.9349813, 15.5377358 ], [ 73.9404704, 15.5415192 ], [ 73.947163, 15.5475661 ], [ 73.9479409, 15.5478533 ], [ 73.9492534, 15.54828 ], [ 73.9511563, 15.5484759 ], [ 73.9523738, 15.5478303 ], [ 73.9557235, 15.5458705 ], [ 73.9567676, 15.5449917 ], [ 73.9582775, 15.5429634 ], [ 73.9622125, 15.5387942 ], [ 73.9606219, 15.5377221 ], [ 73.9585363, 15.5364257 ], [ 73.9581377, 15.536004 ], [ 73.958008, 15.5353741 ], [ 73.9581011, 15.5348018 ], [ 73.9582295, 15.5343475 ], [ 73.9580565, 15.5338027 ], [ 73.9567785, 15.5321345 ], [ 73.9556083, 15.5304271 ], [ 73.9550791, 15.5294298 ], [ 73.9547679, 15.5279206 ], [ 73.9543649, 15.5268981 ], [ 73.9540526, 15.5263286 ], [ 73.953472, 15.5259178 ], [ 73.9521666, 15.525374 ], [ 73.9516544, 15.5252104 ], [ 73.9511422, 15.5250468 ], [ 73.9506079, 15.5246547 ], [ 73.9494592, 15.5239326 ], [ 73.948404, 15.5234829 ], [ 73.947439, 15.5235089 ], [ 73.9462267, 15.5238429 ], [ 73.9457012, 15.5237808 ], [ 73.9451998, 15.5236647 ], [ 73.9447629, 15.5233057 ], [ 73.9447345, 15.5227586 ], [ 73.9449198, 15.5222465 ], [ 73.9453852, 15.5217024 ], [ 73.9462838, 15.5208892 ], [ 73.9467189, 15.5204847 ], [ 73.9474188, 15.5198493 ], [ 73.94765, 15.5196721 ], [ 73.9489246, 15.5180695 ], [ 73.9496685, 15.5170191 ], [ 73.9500723, 15.5159591 ], [ 73.9501038, 15.5154446 ], [ 73.9498846, 15.5148765 ], [ 73.9496361, 15.5143939 ], [ 73.9496621, 15.5139425 ], [ 73.9498499, 15.5132768 ], [ 73.9506225, 15.5124572 ], [ 73.9516184, 15.5116727 ], [ 73.9520836, 15.5114313 ], [ 73.9530504, 15.5107049 ], [ 73.9539787, 15.5097703 ], [ 73.9544453, 15.5094386 ], [ 73.9549715, 15.5091664 ], [ 73.9554379, 15.5091373 ], [ 73.9565268, 15.509226 ], [ 73.9570875, 15.5091351 ], [ 73.9582974, 15.5086474 ], [ 73.9591678, 15.5078339 ], [ 73.9598752, 15.5070087 ], [ 73.9605901, 15.5054383 ], [ 73.9615532, 15.5037814 ], [ 73.9622021, 15.5025397 ], [ 73.9624204, 15.5019964 ], [ 73.9624193, 15.5014859 ], [ 73.962199, 15.5009857 ], [ 73.961606, 15.5007735 ], [ 73.9604611, 15.5009865 ], [ 73.9596834, 15.5009613 ], [ 73.9590319, 15.5006262 ], [ 73.9575793, 15.4996827 ], [ 73.9570739, 15.4994704 ], [ 73.9567734, 15.4993259 ], [ 73.9561328, 15.4988915 ], [ 73.9552315, 15.4984352 ], [ 73.9543773, 15.4979569 ], [ 73.9542588, 15.4977926 ], [ 73.9541403, 15.4976282 ], [ 73.954119, 15.497359 ], [ 73.9540977, 15.4970899 ], [ 73.9542039, 15.496572 ], [ 73.9543308, 15.4959234 ], [ 73.9545557, 15.4950994 ], [ 73.9546526, 15.4947447 ], [ 73.9552212, 15.4930037 ], [ 73.955466, 15.4922542 ], [ 73.9557011, 15.4906767 ], [ 73.9558282, 15.4900099 ], [ 73.9558077, 15.4892642 ], [ 73.9558306, 15.4884153 ], [ 73.955783, 15.487606 ], [ 73.9558708, 15.4861978 ], [ 73.9556966, 15.4854453 ], [ 73.9555557, 15.4843499 ], [ 73.9555475, 15.4842865 ], [ 73.954928, 15.4834144 ], [ 73.954311, 15.4826686 ], [ 73.9527903, 15.4813446 ], [ 73.951995, 15.480393 ], [ 73.9515927, 15.4793343 ], [ 73.9513362, 15.4779029 ], [ 73.951145, 15.476468 ], [ 73.9511446, 15.4763083 ], [ 73.9511437, 15.4759711 ], [ 73.9516084, 15.4746002 ], [ 73.9520393, 15.4735858 ], [ 73.9524893, 15.4728382 ], [ 73.9529781, 15.4722764 ], [ 73.9533854, 15.4718624 ], [ 73.9538556, 15.4715894 ], [ 73.9546895, 15.4710102 ], [ 73.9553966, 15.4704924 ], [ 73.9564847, 15.4694518 ], [ 73.9571708, 15.4684999 ], [ 73.9578989, 15.4663832 ], [ 73.9581542, 15.464702 ], [ 73.9580434, 15.4634807 ], [ 73.9578305, 15.4625243 ], [ 73.9570372, 15.4614462 ], [ 73.9559885, 15.4606171 ], [ 73.9548789, 15.460099 ], [ 73.9540485, 15.4598877 ], [ 73.9521619, 15.4598907 ], [ 73.9511568, 15.4598258 ], [ 73.9504972, 15.4597075 ], [ 73.949919, 15.4594593 ], [ 73.9493647, 15.4591663 ], [ 73.9487908, 15.4586471 ], [ 73.9481451, 15.4576707 ], [ 73.9473107, 15.4562621 ], [ 73.9465851, 15.4547513 ], [ 73.9459458, 15.4530928 ], [ 73.9456027, 15.4512671 ], [ 73.9452622, 15.4486915 ], [ 73.9452163, 15.4474937 ], [ 73.945301, 15.4462843 ], [ 73.945535, 15.4453528 ], [ 73.9462864, 15.4438147 ], [ 73.946713, 15.4424886 ], [ 73.9470091, 15.4414541 ], [ 73.9470775, 15.4406827 ], [ 73.9469042, 15.4392933 ], [ 73.9468208, 15.4386911 ], [ 73.946522, 15.4381536 ], [ 73.9458534, 15.4377369 ], [ 73.9450031, 15.437322 ], [ 73.9438743, 15.4368486 ], [ 73.9430857, 15.4364462 ], [ 73.9420404, 15.4359127 ], [ 73.9408592, 15.4355199 ], [ 73.9400247, 15.4352723 ], [ 73.9391276, 15.4351683 ], [ 73.9381871, 15.435145 ], [ 73.9373551, 15.435042 ], [ 73.9365375, 15.4349124 ], [ 73.935023, 15.4346723 ], [ 73.9336748, 15.4342361 ], [ 73.9319892, 15.4333477 ], [ 73.9304897, 15.4324755 ], [ 73.9292909, 15.4314408 ], [ 73.9282247, 15.4302727 ], [ 73.9278371, 15.4297608 ], [ 73.9273902, 15.4288867 ], [ 73.9271239, 15.4280786 ], [ 73.9270608, 15.4273728 ], [ 73.9271256, 15.4259645 ], [ 73.9273814, 15.4242654 ], [ 73.9274429, 15.4233448 ], [ 73.9272747, 15.42252 ], [ 73.9267154, 15.4214003 ], [ 73.925713, 15.4200298 ], [ 73.9246211, 15.4190148 ], [ 73.9236587, 15.418056 ], [ 73.9221824, 15.4163394 ], [ 73.9214543, 15.4152983 ], [ 73.9205166, 15.4133913 ], [ 73.9189756, 15.4105083 ], [ 73.9179927, 15.4082437 ], [ 73.9164099, 15.4086018 ], [ 73.916067, 15.4086794 ], [ 73.915968, 15.4086979 ], [ 73.915016, 15.4088757 ], [ 73.9141908, 15.4090425 ], [ 73.9135209, 15.4091779 ], [ 73.9109044, 15.4096532 ], [ 73.9099431, 15.4098278 ], [ 73.9095701, 15.4098829 ], [ 73.9087808, 15.4099996 ], [ 73.907821, 15.4100255 ], [ 73.9077424, 15.4100134 ], [ 73.9071383, 15.4099208 ], [ 73.907101, 15.4099151 ], [ 73.9044889, 15.4096128 ], [ 73.9029866, 15.409504 ], [ 73.9007936, 15.4094837 ], [ 73.8987817, 15.4094843 ], [ 73.8976894, 15.4096527 ], [ 73.8959423, 15.4099781 ], [ 73.8945635, 15.4102865 ], [ 73.8920128, 15.4109301 ], [ 73.8901772, 15.4113932 ], [ 73.8851658, 15.412847 ], [ 73.8804489, 15.4144995 ], [ 73.8786179, 15.4151216 ], [ 73.8764523, 15.4159688 ], [ 73.8750624, 15.4163809 ], [ 73.8722667, 15.4164684 ], [ 73.8674175, 15.416551 ], [ 73.8646436, 15.416729 ], [ 73.8634793, 15.417009 ], [ 73.8620715, 15.41738 ], [ 73.8605521, 15.4180068 ], [ 73.8582012, 15.4193523 ], [ 73.8555596, 15.4210908 ], [ 73.8543967, 15.4218496 ], [ 73.8531016, 15.4224346 ], [ 73.8508175, 15.4233926 ], [ 73.8489678, 15.4242806 ], [ 73.8465731, 15.4251691 ], [ 73.8416964, 15.4266013 ], [ 73.8392594, 15.427227 ], [ 73.8365918, 15.4277271 ], [ 73.8335104, 15.4278998 ], [ 73.832595, 15.428048 ], [ 73.8294678, 15.4284549 ], [ 73.8265114, 15.4286747 ], [ 73.8244979, 15.4287603 ], [ 73.820384, 15.4288487 ], [ 73.8166961, 15.4290835 ], [ 73.8117289, 15.4294964 ], [ 73.8095593, 15.4297328 ], [ 73.8078839, 15.4302073 ], [ 73.8054944, 15.4307699 ], [ 73.8019526, 15.4317205 ], [ 73.7956451, 15.4337154 ], [ 73.7859993, 15.4372735 ], [ 73.7882013, 15.459217 ], [ 73.7881846, 15.4593794 ], [ 73.7882022, 15.4594384 ], [ 73.7879312, 15.4594882 ], [ 73.7877761, 15.459567 ], [ 73.787699, 15.4597194 ], [ 73.7877097, 15.4599093 ], [ 73.787772, 15.4600821 ], [ 73.7879582, 15.4600941 ], [ 73.7881091, 15.459979 ], [ 73.7883005, 15.4599595 ], [ 73.7884004, 15.4601102 ], [ 73.7886328, 15.4601411 ], [ 73.7884148, 15.4603589 ], [ 73.788296, 15.4604971 ], [ 73.7882152, 15.4605907 ], [ 73.7880724, 15.4607691 ], [ 73.7879766, 15.4609257 ], [ 73.7878752, 15.4611319 ], [ 73.7878075, 15.4612799 ], [ 73.787758, 15.4614508 ], [ 73.7877596, 15.461627 ], [ 73.7877942, 15.4620658 ], [ 73.7878059, 15.4621924 ], [ 73.7878577, 15.4624327 ], [ 73.7879061, 15.4626006 ], [ 73.7879734, 15.4627553 ], [ 73.7881057, 15.4629155 ], [ 73.7882496, 15.4629495 ], [ 73.7886261, 15.4627205 ], [ 73.7887002, 15.4627489 ], [ 73.7888208, 15.4627779 ], [ 73.7888671, 15.4627967 ], [ 73.7895346, 15.4632637 ], [ 73.7896088, 15.4632829 ], [ 73.7897158, 15.4632892 ], [ 73.7896224, 15.4635722 ], [ 73.7897117, 15.4638041 ], [ 73.7815265, 15.4756256 ], [ 73.7879326, 15.478154 ], [ 73.7958414, 15.4829469 ], [ 73.8004625, 15.4857739 ], [ 73.8073366, 15.4891494 ], [ 73.8131508, 15.4926016 ], [ 73.815585, 15.4967484 ], [ 73.8170484, 15.4996854 ], [ 73.8168154, 15.5013482 ], [ 73.8170006, 15.5025212 ], [ 73.8176794, 15.5037156 ], [ 73.8183974, 15.5045131 ], [ 73.8189279, 15.5048332 ], [ 73.8195323, 15.504906 ], [ 73.820195, 15.5045686 ], [ 73.8215697, 15.5034474 ], [ 73.8227451, 15.5028246 ], [ 73.8245588, 15.5021982 ], [ 73.8264905, 15.5020345 ], [ 73.8282024, 15.5021971 ], [ 73.8289291, 15.5022074 ], [ 73.8306572, 15.5022358 ], [ 73.8318507, 15.5019113 ], [ 73.8335779, 15.5011661 ], [ 73.8341084, 15.5012015 ], [ 73.8358326, 15.5006279 ], [ 73.8363472, 15.500505 ], [ 73.8368464, 15.5004676 ], [ 73.8384939, 15.5008595 ], [ 73.8414162, 15.5013573 ], [ 73.843073, 15.5017492 ], [ 73.8446093, 15.5026588 ], [ 73.8455677, 15.5035819 ], [ 73.8463024, 15.5045105 ], [ 73.8464307, 15.5051993 ], [ 73.8464284, 15.5056103 ], [ 73.8461958, 15.5064289 ], [ 73.8456616, 15.507446 ], [ 73.8449827, 15.5090346 ], [ 73.8449479, 15.5102809 ], [ 73.8453141, 15.511511 ], [ 73.8478902, 15.5160149 ], [ 73.8502934, 15.5197164 ], [ 73.8510853, 15.5205736 ], [ 73.8521663, 15.5214129 ], [ 73.85336, 15.5219239 ], [ 73.854538, 15.5222631 ], [ 73.8576462, 15.5228133 ], [ 73.8600827, 15.5231359 ], [ 73.8621059, 15.5233618 ], [ 73.862676, 15.5235424 ], [ 73.8637022, 15.5240418 ], [ 73.8658338, 15.5253264 ], [ 73.8668641, 15.5258621 ], [ 73.8679462, 15.5263623 ], [ 73.8697246, 15.5267514 ], [ 73.8726847, 15.5275339 ], [ 73.8747083, 15.5288665 ], [ 73.875644, 15.529771 ], [ 73.8760692, 15.5308258 ], [ 73.8763432, 15.5314489 ], [ 73.8764142, 15.5327918 ], [ 73.8762335, 15.5338597 ], [ 73.8755543, 15.5349108 ], [ 73.8745475, 15.5360517 ], [ 73.8732798, 15.5371886 ], [ 73.8712812, 15.538558 ], [ 73.8702355, 15.5397886 ], [ 73.8694467, 15.5409871 ], [ 73.869005, 15.5428957 ], [ 73.8690235, 15.5448703 ], [ 73.8692663, 15.5470969 ], [ 73.8695223, 15.5482348 ], [ 73.8699643, 15.5491316 ], [ 73.8707369, 15.5508741 ], [ 73.8708684, 15.5513775 ], [ 73.8708125, 15.5530663 ], [ 73.8706175, 15.5537142 ], [ 73.8700776, 15.5555081 ], [ 73.8691278, 15.557698 ], [ 73.8687805, 15.5584064 ], [ 73.8688662, 15.5594243 ], [ 73.8691826, 15.5605813 ], [ 73.8699392, 15.5616141 ], [ 73.8709292, 15.5623433 ], [ 73.8732058, 15.563341 ], [ 73.8737774, 15.5634448 ], [ 73.8753572, 15.5634603 ], [ 73.876622, 15.5636426 ], [ 73.8786983, 15.5644124 ], [ 73.8787205, 15.5644206 ], [ 73.8801865, 15.5654012 ], [ 73.8819687, 15.5658625 ], [ 73.8838269, 15.5662347 ], [ 73.8848184, 15.566878 ], [ 73.8856822, 15.5682015 ], [ 73.885791, 15.5672545 ], [ 73.886325, 15.566811 ], [ 73.8868204, 15.5661681 ], [ 73.8875334, 15.5644805 ], [ 73.88783, 15.5640152 ], [ 73.8882096, 15.5636008 ], [ 73.889645, 15.5633339 ], [ 73.8908591, 15.5631945 ], [ 73.8919044, 15.5628357 ], [ 73.8927837, 15.5620857 ], [ 73.8929896, 15.561461 ], [ 73.8930199, 15.5607521 ], [ 73.8913464, 15.558508 ], [ 73.8912033, 15.5581399 ], [ 73.8923024, 15.5576192 ], [ 73.8928512, 15.5574063 ], [ 73.8937322, 15.5565525 ], [ 73.8946871, 15.5557361 ], [ 73.8952758, 15.555361 ] ] ] } },
{ "type": "Feature", "properties": { "taluka": "Pernem", "subdt_lgd": 5609, "district_in_lgd_file": "North Goa", "district_2026": "North Goa" }, "geometry": { "type": "MultiPolygon", "coordinates": [ [ [ [ 73.6894251, 15.7295609 ], [ 73.6894841, 15.7295538 ], [ 73.6895423, 15.7295561 ], [ 73.6897556, 15.729469 ], [ 73.6901654, 15.7293357 ], [ 73.6907965, 15.7292291 ], [ 73.690901, 15.7291381 ], [ 73.6916459, 15.7285823 ], [ 73.6920055, 15.7283064 ], [ 73.6922133, 15.7281534 ], [ 73.6925315, 15.7282214 ], [ 73.6927364, 15.7276184 ], [ 73.6927672, 15.7275504 ], [ 73.6928643, 15.7271247 ], [ 73.69291, 15.7268823 ], [ 73.6929398, 15.7267247 ], [ 73.6929622, 15.7265591 ], [ 73.6931023, 15.7263952 ], [ 73.69321, 15.725899 ], [ 73.6933969, 15.7250052 ], [ 73.6935863, 15.7243037 ], [ 73.6936237, 15.7241545 ], [ 73.6937551, 15.724135 ], [ 73.6942957, 15.7240586 ], [ 73.6944263, 15.7240402 ], [ 73.694525, 15.7240163 ], [ 73.6952121, 15.7239623 ], [ 73.6954901, 15.7240201 ], [ 73.6954923, 15.7240204 ], [ 73.6958014, 15.724138 ], [ 73.6959849, 15.7235954 ], [ 73.6964413, 15.7233758 ], [ 73.6966694, 15.723211 ], [ 73.6966694, 15.7227901 ], [ 73.6963842, 15.722241 ], [ 73.6960197, 15.7218065 ], [ 73.6957544, 15.7216957 ], [ 73.6948987, 15.7217872 ], [ 73.6932825, 15.7218421 ], [ 73.6928262, 15.7214578 ], [ 73.6917233, 15.7217689 ], [ 73.6910198, 15.7225743 ], [ 73.6895177, 15.7225743 ], [ 73.6888902, 15.7226841 ], [ 73.688662, 15.7235077 ], [ 73.6878634, 15.7235809 ], [ 73.687369, 15.7227939 ], [ 73.687274, 15.7220252 ], [ 73.6870268, 15.7212381 ], [ 73.6862092, 15.7208721 ], [ 73.6855817, 15.7208538 ], [ 73.6851634, 15.7204145 ], [ 73.6847451, 15.7202498 ], [ 73.6844598, 15.7204694 ], [ 73.6845169, 15.7208355 ], [ 73.6843648, 15.7209087 ], [ 73.6841176, 15.7207989 ], [ 73.6837373, 15.7206341 ], [ 73.6835472, 15.7203962 ], [ 73.6835339, 15.7203939 ], [ 73.6832239, 15.7203413 ], [ 73.6830338, 15.7203779 ], [ 73.6828626, 15.7207623 ], [ 73.6833167, 15.7209001 ], [ 73.68317, 15.7209132 ], [ 73.683376, 15.7211649 ], [ 73.683319, 15.7220618 ], [ 73.6827866, 15.722318 ], [ 73.682026, 15.7221167 ], [ 73.6808091, 15.7218421 ], [ 73.6802577, 15.7211649 ], [ 73.6800178, 15.7211513 ], [ 73.6799344, 15.7211466 ], [ 73.6801246, 15.7215127 ], [ 73.6803147, 15.7219337 ], [ 73.6798013, 15.7221533 ], [ 73.679364, 15.7221716 ], [ 73.6800295, 15.7227207 ], [ 73.6804098, 15.7231233 ], [ 73.6805048, 15.723709 ], [ 73.680647, 15.7238787 ], [ 73.6809802, 15.7242764 ], [ 73.6810753, 15.7246425 ], [ 73.6806379, 15.7251733 ], [ 73.6800105, 15.7254478 ], [ 73.6792879, 15.7257772 ], [ 73.6777668, 15.7257589 ], [ 73.6769938, 15.7259403 ], [ 73.6769659, 15.7262486 ], [ 73.6769518, 15.726348 ], [ 73.6771513, 15.7265003 ], [ 73.6771679, 15.7265129 ], [ 73.6771709, 15.7265115 ], [ 73.6773993, 15.7264015 ], [ 73.677737, 15.7266325 ], [ 73.6778283, 15.7267291 ], [ 73.6778706, 15.7268077 ], [ 73.6781745, 15.7270916 ], [ 73.6783379, 15.7272725 ], [ 73.6783592, 15.7275837 ], [ 73.6783732, 15.7280214 ], [ 73.6782832, 15.7282616 ], [ 73.678169, 15.7285662 ], [ 73.67811, 15.7287488 ], [ 73.6783644, 15.728897 ], [ 73.6784742, 15.7289566 ], [ 73.6787312, 15.7289826 ], [ 73.6794215, 15.7290805 ], [ 73.6795681, 15.7291157 ], [ 73.6804303, 15.7292653 ], [ 73.6809292, 15.7293524 ], [ 73.6808768, 15.7295379 ], [ 73.6811573, 15.7296603 ], [ 73.6813812, 15.7295982 ], [ 73.6814971, 15.7294581 ], [ 73.6821793, 15.7295214 ], [ 73.6825351, 15.7295579 ], [ 73.6835413, 15.7295993 ], [ 73.6838091, 15.7296191 ], [ 73.685209, 15.7298053 ], [ 73.6860332, 15.7298621 ], [ 73.6867809, 15.7298953 ], [ 73.6875542, 15.7298849 ], [ 73.6879359, 15.7298323 ], [ 73.6887231, 15.7296883 ], [ 73.6894251, 15.7295609 ] ] ], [ [ [ 73.8676761, 15.7843784 ], [ 73.8677249, 15.7843752 ], [ 73.867774, 15.7843753 ], [ 73.8678227, 15.7843787 ], [ 73.8678711, 15.7843855 ], [ 73.867919, 15.7843955 ], [ 73.867966, 15.7844089 ], [ 73.8680119, 15.7844254 ], [ 73.8680564, 15.7844449 ], [ 73.8680995, 15.7844675 ], [ 73.8681415, 15.7844932 ], [ 73.8683273, 15.7842738 ], [ 73.8683655, 15.7842435 ], [ 73.8684258, 15.784204 ], [ 73.8684404, 15.7841922 ], [ 73.868549, 15.7841989 ], [ 73.8688889, 15.7840485 ], [ 73.8690486, 15.7839716 ], [ 73.8698457, 15.7835429 ], [ 73.8698625, 15.7834159 ], [ 73.8698874, 15.783228 ], [ 73.8699081, 15.7831942 ], [ 73.870045, 15.7830812 ], [ 73.8701649, 15.7829531 ], [ 73.8703318, 15.7827405 ], [ 73.8703477, 15.7827202 ], [ 73.8706262, 15.7825159 ], [ 73.8706389, 15.7822723 ], [ 73.8705935, 15.7819675 ], [ 73.8705621, 15.7816917 ], [ 73.8705502, 15.7815876 ], [ 73.8708372, 15.7812876 ], [ 73.8708785, 15.7812444 ], [ 73.8712973, 15.7808324 ], [ 73.8716284, 15.7803887 ], [ 73.8719209, 15.7799585 ], [ 73.8721393, 15.7796389 ], [ 73.8728849, 15.7786024 ], [ 73.873509, 15.7770916 ], [ 73.8746192, 15.7764985 ], [ 73.8748755, 15.7765115 ], [ 73.8757534, 15.7754977 ], [ 73.876224, 15.775256 ], [ 73.8764446, 15.7747063 ], [ 73.8771639, 15.7743668 ], [ 73.8778907, 15.7741508 ], [ 73.8776074, 15.7753726 ], [ 73.877872, 15.7756319 ], [ 73.8778416, 15.7750751 ], [ 73.8785087, 15.7748087 ], [ 73.8791766, 15.7745457 ], [ 73.8793754, 15.7743346 ], [ 73.8795382, 15.7743534 ], [ 73.8795724, 15.7743538 ], [ 73.8797806, 15.7742993 ], [ 73.879793, 15.7743053 ], [ 73.8798516, 15.7743145 ], [ 73.8799688, 15.7743319 ], [ 73.8800523, 15.7743458 ], [ 73.8800888, 15.7743209 ], [ 73.8798737, 15.7735423 ], [ 73.879974, 15.7730473 ], [ 73.8799772, 15.7730317 ], [ 73.8799898, 15.7730075 ], [ 73.8800454, 15.7729011 ], [ 73.8800876, 15.7728201 ], [ 73.8800572, 15.772791 ], [ 73.8795062, 15.7721171 ], [ 73.8791908, 15.7717314 ], [ 73.8784308, 15.7704837 ], [ 73.8782126, 15.7701677 ], [ 73.8781305, 15.7700517 ], [ 73.878023, 15.7697894 ], [ 73.8779471, 15.7696044 ], [ 73.8777361, 15.7690899 ], [ 73.8773524, 15.7680783 ], [ 73.8770875, 15.7678402 ], [ 73.8756302, 15.7680107 ], [ 73.8753653, 15.7676892 ], [ 73.8750587, 15.7671587 ], [ 73.8750285, 15.7665608 ], [ 73.8753629, 15.7662826 ], [ 73.8756998, 15.7660022 ], [ 73.8763562, 15.7656567 ], [ 73.8766245, 15.7650559 ], [ 73.8767797, 15.7650663 ], [ 73.8768783, 15.7650733 ], [ 73.8769587, 15.7646802 ], [ 73.8769759, 15.7645965 ], [ 73.8770123, 15.7644186 ], [ 73.8769972, 15.7643951 ], [ 73.8767683, 15.7640403 ], [ 73.8764779, 15.7635903 ], [ 73.8759653, 15.7633054 ], [ 73.8758336, 15.7629034 ], [ 73.8755693, 15.7623894 ], [ 73.8748071, 15.7614408 ], [ 73.8730585, 15.760877 ], [ 73.8729215, 15.7600608 ], [ 73.8729019, 15.7599445 ], [ 73.8729201, 15.7588882 ], [ 73.8728809, 15.7586573 ], [ 73.872917, 15.7580133 ], [ 73.8729452, 15.7575089 ], [ 73.8729153, 15.756188 ], [ 73.8728914, 15.7551265 ], [ 73.8728813, 15.7546803 ], [ 73.872989, 15.7545656 ], [ 73.8744044, 15.7530581 ], [ 73.8748335, 15.7524693 ], [ 73.8756951, 15.7512831 ], [ 73.877421, 15.7504411 ], [ 73.8788125, 15.7502052 ], [ 73.8810957, 15.7497916 ], [ 73.8844077, 15.7504855 ], [ 73.8854016, 15.7510371 ], [ 73.88735, 15.750517 ], [ 73.8896341, 15.7498741 ], [ 73.8903329, 15.7497304 ], [ 73.8909032, 15.749611 ], [ 73.8910621, 15.7496634 ], [ 73.8913778, 15.7495878 ], [ 73.8928754, 15.749386 ], [ 73.8944751, 15.7482535 ], [ 73.8953377, 15.7483972 ], [ 73.8958144, 15.7483589 ], [ 73.8968385, 15.7480481 ], [ 73.8971472, 15.7474685 ], [ 73.8989284, 15.7462149 ], [ 73.8991814, 15.7459957 ], [ 73.900255, 15.746793 ], [ 73.9013587, 15.7466676 ], [ 73.9024218, 15.7469168 ], [ 73.9043401, 15.7473792 ], [ 73.9062912, 15.7479652 ], [ 73.9069926, 15.747968 ], [ 73.9072853, 15.7482787 ], [ 73.9069837, 15.7499684 ], [ 73.9073489, 15.7497672 ], [ 73.9078788, 15.7495709 ], [ 73.9081818, 15.7494487 ], [ 73.9086386, 15.7492533 ], [ 73.9087626, 15.7491923 ], [ 73.9097618, 15.7485625 ], [ 73.9098883, 15.7484777 ], [ 73.9110895, 15.7477624 ], [ 73.9125989, 15.7470616 ], [ 73.9131688, 15.746615 ], [ 73.9148019, 15.7454425 ], [ 73.916824, 15.7456584 ], [ 73.9175438, 15.745709 ], [ 73.9188031, 15.7455167 ], [ 73.9212825, 15.7450845 ], [ 73.9212917, 15.7450822 ], [ 73.9224382, 15.7448673 ], [ 73.9237735, 15.7446502 ], [ 73.9259498, 15.7446618 ], [ 73.9262392, 15.7446467 ], [ 73.9288388, 15.7448088 ], [ 73.9293546, 15.744815 ], [ 73.929543, 15.7448486 ], [ 73.9323755, 15.7446502 ], [ 73.9336788, 15.7445847 ], [ 73.9352429, 15.7441144 ], [ 73.9377382, 15.7432914 ], [ 73.9387253, 15.7433323 ], [ 73.9386885, 15.7430981 ], [ 73.938679, 15.7429824 ], [ 73.938607, 15.7420929 ], [ 73.9387812, 15.7418761 ], [ 73.9388564, 15.7417825 ], [ 73.9388987, 15.7414665 ], [ 73.939197, 15.741181 ], [ 73.9393138, 15.7408237 ], [ 73.9394584, 15.7403815 ], [ 73.9396466, 15.7401842 ], [ 73.9402631, 15.7395378 ], [ 73.940433, 15.7393371 ], [ 73.9406175, 15.7389981 ], [ 73.9408125, 15.7383361 ], [ 73.9408703, 15.7381101 ], [ 73.9408317, 15.7379993 ], [ 73.9408892, 15.7377547 ], [ 73.9408858, 15.7376741 ], [ 73.9408671, 15.7372292 ], [ 73.9406394, 15.7369233 ], [ 73.9405409, 15.7367931 ], [ 73.9405844, 15.7361854 ], [ 73.9405221, 15.7358915 ], [ 73.9405857, 15.7355299 ], [ 73.9406382, 15.7353802 ], [ 73.940533, 15.7350617 ], [ 73.9405719, 15.7349656 ], [ 73.9405693, 15.7348672 ], [ 73.9405607, 15.7346335 ], [ 73.9405232, 15.7342159 ], [ 73.9406619, 15.7340118 ], [ 73.9409773, 15.7336881 ], [ 73.9411755, 15.7333382 ], [ 73.9412473, 15.732864 ], [ 73.9413081, 15.7324517 ], [ 73.9413397, 15.7323325 ], [ 73.9416655, 15.7320907 ], [ 73.9417485, 15.7315843 ], [ 73.941688, 15.7314224 ], [ 73.9415761, 15.731335 ], [ 73.9416083, 15.7308357 ], [ 73.9416856, 15.7305379 ], [ 73.9417662, 15.7303789 ], [ 73.9416251, 15.7297965 ], [ 73.9417411, 15.7291903 ], [ 73.9421064, 15.7284781 ], [ 73.9422735, 15.7283855 ], [ 73.9423674, 15.7283335 ], [ 73.9426361, 15.728126 ], [ 73.942675, 15.7278298 ], [ 73.9428563, 15.7274576 ], [ 73.9430611, 15.7271902 ], [ 73.9432222, 15.7271296 ], [ 73.9432122, 15.7268834 ], [ 73.9432395, 15.7267347 ], [ 73.9432701, 15.7263194 ], [ 73.943257, 15.7262138 ], [ 73.9432337, 15.7260262 ], [ 73.9435037, 15.72582 ], [ 73.9439374, 15.7254888 ], [ 73.9441312, 15.7254148 ], [ 73.9443613, 15.7252295 ], [ 73.9444203, 15.7249649 ], [ 73.9442975, 15.7246801 ], [ 73.9444071, 15.724578 ], [ 73.9444933, 15.7243102 ], [ 73.9447199, 15.724052 ], [ 73.9449562, 15.7238778 ], [ 73.9451042, 15.7235537 ], [ 73.9451408, 15.7229921 ], [ 73.9456683, 15.7224542 ], [ 73.945609, 15.7223433 ], [ 73.9455958, 15.7220829 ], [ 73.9455908, 15.721984 ], [ 73.9459524, 15.7211971 ], [ 73.9459671, 15.7211952 ], [ 73.9463901, 15.7211399 ], [ 73.9468059, 15.7204659 ], [ 73.946968, 15.7203746 ], [ 73.9474068, 15.720533 ], [ 73.9481701, 15.7198498 ], [ 73.948233, 15.7194907 ], [ 73.9487698, 15.718762 ], [ 73.9487944, 15.7186624 ], [ 73.9489928, 15.7182697 ], [ 73.9491176, 15.7180094 ], [ 73.9492499, 15.7180213 ], [ 73.9494205, 15.7181496 ], [ 73.9495517, 15.7184934 ], [ 73.9496358, 15.7184759 ], [ 73.949771, 15.7183302 ], [ 73.9498789, 15.7181777 ], [ 73.9500321, 15.7180147 ], [ 73.9500094, 15.7179209 ], [ 73.9500728, 15.7176684 ], [ 73.950097, 15.7174247 ], [ 73.9501717, 15.7171672 ], [ 73.9502848, 15.7169427 ], [ 73.9504671, 15.7169515 ], [ 73.9505512, 15.7169339 ], [ 73.9507309, 15.7168883 ], [ 73.9508621, 15.7169219 ], [ 73.9509903, 15.7169062 ], [ 73.9511105, 15.7169393 ], [ 73.9514646, 15.7167386 ], [ 73.9516731, 15.716474 ], [ 73.9517277, 15.716074 ], [ 73.9517069, 15.7158723 ], [ 73.9516864, 15.7156715 ], [ 73.9516693, 15.7155051 ], [ 73.9515835, 15.7152378 ], [ 73.9514419, 15.7150896 ], [ 73.9513964, 15.7146955 ], [ 73.9513768, 15.7145404 ], [ 73.9516417, 15.7145581 ], [ 73.9517094, 15.7145678 ], [ 73.9518121, 15.7145825 ], [ 73.9520384, 15.7145929 ], [ 73.9522676, 15.7145545 ], [ 73.9523154, 15.7144387 ], [ 73.9523305, 15.7144019 ], [ 73.952321, 15.7143605 ], [ 73.9522977, 15.71426 ], [ 73.9522777, 15.7141731 ], [ 73.9522366, 15.7139959 ], [ 73.9522045, 15.713857 ], [ 73.9519975, 15.7136897 ], [ 73.9517057, 15.7134719 ], [ 73.951661, 15.7134384 ], [ 73.9514038, 15.7132795 ], [ 73.951324, 15.7131124 ], [ 73.9512917, 15.71297 ], [ 73.9512792, 15.7129144 ], [ 73.9512233, 15.7126916 ], [ 73.9510248, 15.7125736 ], [ 73.950911, 15.7124213 ], [ 73.9507828, 15.7122302 ], [ 73.9506147, 15.712059 ], [ 73.9505872, 15.7120502 ], [ 73.9503533, 15.7119759 ], [ 73.9501606, 15.7120593 ], [ 73.9500053, 15.7120625 ], [ 73.9496763, 15.7118942 ], [ 73.9496444, 15.711873 ], [ 73.9491786, 15.7115649 ], [ 73.9491713, 15.7113906 ], [ 73.9492239, 15.7112355 ], [ 73.9492725, 15.7112007 ], [ 73.9493285, 15.7111604 ], [ 73.94935, 15.7111439 ], [ 73.9495535, 15.7109874 ], [ 73.9498091, 15.7107907 ], [ 73.9498038, 15.7107019 ], [ 73.9495761, 15.7106516 ], [ 73.9493396, 15.7105793 ], [ 73.9492312, 15.710546 ], [ 73.9489686, 15.7105156 ], [ 73.9489325, 15.7105113 ], [ 73.9489183, 15.7105106 ], [ 73.9485927, 15.7104939 ], [ 73.948022, 15.7104839 ], [ 73.9475076, 15.7101813 ], [ 73.9473604, 15.710124 ], [ 73.9471655, 15.7098265 ], [ 73.9471623, 15.7096977 ], [ 73.9471674, 15.7095991 ], [ 73.9473434, 15.7093025 ], [ 73.947458, 15.7092199 ], [ 73.9482475, 15.708889 ], [ 73.9482945, 15.7088917 ], [ 73.9484546, 15.7089009 ], [ 73.9485573, 15.7089068 ], [ 73.9487499, 15.7088682 ], [ 73.9489739, 15.7088019 ], [ 73.9490186, 15.7087793 ], [ 73.9490349, 15.7087711 ], [ 73.9492772, 15.7086486 ], [ 73.948512, 15.707318 ], [ 73.948185, 15.7067494 ], [ 73.9482664, 15.7061053 ], [ 73.9483055, 15.7058287 ], [ 73.9484067, 15.7046708 ], [ 73.9483355, 15.7043016 ], [ 73.9483593, 15.7038289 ], [ 73.9485283, 15.7035813 ], [ 73.9485582, 15.7035372 ], [ 73.9483438, 15.7028635 ], [ 73.9483061, 15.702634 ], [ 73.9482066, 15.7025392 ], [ 73.9480373, 15.7020272 ], [ 73.9480122, 15.7017358 ], [ 73.9479435, 15.7016129 ], [ 73.9477445, 15.7012649 ], [ 73.9475445, 15.7011089 ], [ 73.9474601, 15.7009186 ], [ 73.9473749, 15.7008205 ], [ 73.9472184, 15.7007444 ], [ 73.9469835, 15.7004531 ], [ 73.9469303, 15.700387 ], [ 73.946865, 15.7002106 ], [ 73.9465457, 15.6997895 ], [ 73.9463582, 15.6995475 ], [ 73.9461529, 15.6992825 ], [ 73.9461311, 15.6992754 ], [ 73.9458471, 15.6990448 ], [ 73.9456325, 15.6989278 ], [ 73.9455385, 15.6989417 ], [ 73.9449644, 15.6986938 ], [ 73.9447311, 15.6987764 ], [ 73.9441616, 15.6984986 ], [ 73.9440146, 15.6981093 ], [ 73.9439643, 15.6979414 ], [ 73.9437181, 15.6978015 ], [ 73.9437585, 15.6974888 ], [ 73.9434655, 15.6975005 ], [ 73.9402814, 15.6996978 ], [ 73.9391314, 15.7001412 ], [ 73.9377785, 15.700437 ], [ 73.9365568, 15.7004139 ], [ 73.9343001, 15.7003525 ], [ 73.9293744, 15.6983391 ], [ 73.9267557, 15.6967358 ], [ 73.9255244, 15.6950091 ], [ 73.9251007, 15.6946683 ], [ 73.9246542, 15.6943091 ], [ 73.9233813, 15.6937022 ], [ 73.9217854, 15.6928871 ], [ 73.9207709, 15.6921668 ], [ 73.9178296, 15.6889093 ], [ 73.9166524, 15.688444 ], [ 73.9160243, 15.6883485 ], [ 73.9155672, 15.6883464 ], [ 73.9147604, 15.6883427 ], [ 73.913602, 15.6887316 ], [ 73.9125459, 15.6894202 ], [ 73.9113832, 15.6909297 ], [ 73.9107924, 15.6911193 ], [ 73.9095136, 15.6914522 ], [ 73.9089127, 15.6916915 ], [ 73.9088274, 15.6917578 ], [ 73.9084685, 15.6920371 ], [ 73.9079089, 15.6931671 ], [ 73.9075867, 15.6937631 ], [ 73.9071236, 15.6941265 ], [ 73.9065382, 15.6942757 ], [ 73.9059081, 15.6943021 ], [ 73.9053209, 15.6945507 ], [ 73.9048062, 15.6949313 ], [ 73.9044166, 15.6953681 ], [ 73.904064, 15.6958191 ], [ 73.903864, 15.6963536 ], [ 73.9038065, 15.697017 ], [ 73.9038296, 15.6976002 ], [ 73.9037536, 15.6982542 ], [ 73.9035729, 15.6987484 ], [ 73.9031449, 15.6992479 ], [ 73.9021448, 15.6999329 ], [ 73.9004493, 15.7009234 ], [ 73.8986031, 15.7014327 ], [ 73.8959925, 15.7019075 ], [ 73.8948892, 15.7017685 ], [ 73.8936895, 15.701253 ], [ 73.8907008, 15.6980442 ], [ 73.8893856, 15.6966321 ], [ 73.8870844, 15.6941437 ], [ 73.8859393, 15.6929054 ], [ 73.8848868, 15.6913934 ], [ 73.8843589, 15.6903144 ], [ 73.884283, 15.6892605 ], [ 73.8844394, 15.6885445 ], [ 73.8848619, 15.686685 ], [ 73.8853971, 15.6842082 ], [ 73.8853326, 15.6835928 ], [ 73.8851375, 15.6829843 ], [ 73.8846835, 15.6825118 ], [ 73.8841827, 15.6820523 ], [ 73.8823644, 15.6811611 ], [ 73.8780183, 15.6797021 ], [ 73.8747992, 15.6788847 ], [ 73.8742656, 15.6787492 ], [ 73.8722966, 15.6785107 ], [ 73.8715288, 15.6785413 ], [ 73.8710738, 15.6785595 ], [ 73.8692872, 15.6788928 ], [ 73.869151, 15.6789182 ], [ 73.8673143, 15.6794182 ], [ 73.8653385, 15.67988 ], [ 73.8647567, 15.679845 ], [ 73.8647282, 15.6798433 ], [ 73.8632022, 15.6792652 ], [ 73.8632224, 15.6789523 ], [ 73.8610235, 15.6773953 ], [ 73.8605249, 15.6770984 ], [ 73.8592974, 15.6765867 ], [ 73.8580598, 15.6761246 ], [ 73.8569482, 15.6756599 ], [ 73.8563795, 15.6753529 ], [ 73.8560103, 15.6751376 ], [ 73.85583, 15.6750324 ], [ 73.8556699, 15.6748723 ], [ 73.8553941, 15.6745965 ], [ 73.8550189, 15.6741613 ], [ 73.8525101, 15.6705074 ], [ 73.8524141, 15.6703277 ], [ 73.8521891, 15.669906 ], [ 73.851117, 15.6686832 ], [ 73.8509762, 15.6685225 ], [ 73.8505129, 15.6680589 ], [ 73.8502206, 15.6678858 ], [ 73.8499957, 15.6677527 ], [ 73.8493747, 15.6675124 ], [ 73.847573, 15.6667658 ], [ 73.8451081, 15.6660811 ], [ 73.8444362, 15.665821 ], [ 73.8433195, 15.6653887 ], [ 73.8422092, 15.664654 ], [ 73.8417881, 15.6643752 ], [ 73.8408983, 15.6634756 ], [ 73.8405863, 15.6623366 ], [ 73.8405506, 15.6611298 ], [ 73.8407447, 15.6573375 ], [ 73.8410995, 15.6536968 ], [ 73.8411145, 15.6536177 ], [ 73.8416826, 15.6506155 ], [ 73.8417446, 15.6502341 ], [ 73.8417815, 15.6500071 ], [ 73.8418303, 15.6497712 ], [ 73.8419184, 15.6493451 ], [ 73.8419149, 15.648717 ], [ 73.8418059, 15.6483118 ], [ 73.8415989, 15.6475419 ], [ 73.8411831, 15.6470293 ], [ 73.8410606, 15.6469218 ], [ 73.8402134, 15.6461781 ], [ 73.8396152, 15.645979 ], [ 73.8389769, 15.6459418 ], [ 73.8380929, 15.6461087 ], [ 73.8350328, 15.6489521 ], [ 73.8338638, 15.6501177 ], [ 73.8332305, 15.6507491 ], [ 73.8330153, 15.6507674 ], [ 73.8325581, 15.6508063 ], [ 73.8294104, 15.650246 ], [ 73.8279861, 15.6500926 ], [ 73.8246043, 15.6501431 ], [ 73.8240175, 15.6500977 ], [ 73.8236583, 15.6502736 ], [ 73.8228561, 15.6506666 ], [ 73.8200558, 15.6524612 ], [ 73.8188758, 15.6527544 ], [ 73.8172286, 15.653083 ], [ 73.8169667, 15.6531352 ], [ 73.815689, 15.6534087 ], [ 73.815116, 15.6533725 ], [ 73.8143177, 15.6531515 ], [ 73.8131944, 15.6528405 ], [ 73.8105416, 15.6525227 ], [ 73.8087051, 15.6521999 ], [ 73.8068929, 15.6515385 ], [ 73.8045525, 15.6506834 ], [ 73.8022022, 15.6495797 ], [ 73.7985842, 15.6481711 ], [ 73.7979595, 15.6478856 ], [ 73.797398, 15.6477185 ], [ 73.7972264, 15.6476958 ], [ 73.7967002, 15.6476261 ], [ 73.7964344, 15.6476194 ], [ 73.7961968, 15.6476135 ], [ 73.7955883, 15.6477438 ], [ 73.7950373, 15.6480648 ], [ 73.7930017, 15.6495731 ], [ 73.79191, 15.650152 ], [ 73.7895468, 15.6511851 ], [ 73.787824, 15.6515834 ], [ 73.787646, 15.6516245 ], [ 73.7863598, 15.6518524 ], [ 73.7850757, 15.6519448 ], [ 73.7838371, 15.6518392 ], [ 73.7825653, 15.6517646 ], [ 73.7812599, 15.6514726 ], [ 73.7799648, 15.6511174 ], [ 73.7793904, 15.6508913 ], [ 73.779071, 15.6507465 ], [ 73.778812, 15.650629 ], [ 73.7783616, 15.6502467 ], [ 73.7778618, 15.6497507 ], [ 73.7775293, 15.6492846 ], [ 73.7773563, 15.6489871 ], [ 73.7772348, 15.6487782 ], [ 73.7770254, 15.6483123 ], [ 73.7767092, 15.6476086 ], [ 73.7756536, 15.6452603 ], [ 73.7753547, 15.6444382 ], [ 73.7745848, 15.6423199 ], [ 73.7744363, 15.6420904 ], [ 73.7732492, 15.6402561 ], [ 73.7725052, 15.6393135 ], [ 73.7708625, 15.638302 ], [ 73.7697848, 15.6377922 ], [ 73.7680945, 15.6371143 ], [ 73.7667719, 15.6364741 ], [ 73.7657384, 15.6358384 ], [ 73.7652, 15.6354186 ], [ 73.7648555, 15.6350438 ], [ 73.7635476, 15.6336208 ], [ 73.7624318, 15.6327728 ], [ 73.7620656, 15.6324945 ], [ 73.7613919, 15.6323525 ], [ 73.7608195, 15.63228 ], [ 73.760061, 15.6321955 ], [ 73.7598846, 15.6322295 ], [ 73.7594341, 15.6323164 ], [ 73.7575446, 15.6326473 ], [ 73.7572194, 15.6326351 ], [ 73.7569063, 15.6326234 ], [ 73.7557574, 15.6321847 ], [ 73.7552411, 15.631842 ], [ 73.7549165, 15.631558 ], [ 73.7542994, 15.6310179 ], [ 73.7530509, 15.6296016 ], [ 73.7497994, 15.6261119 ], [ 73.749764, 15.6260738 ], [ 73.7482387, 15.6244904 ], [ 73.7459052, 15.623159 ], [ 73.7438351, 15.621709 ], [ 73.7419247, 15.6194586 ], [ 73.7409843, 15.6174597 ], [ 73.7404403, 15.6136249 ], [ 73.740224, 15.6120154 ], [ 73.7372897, 15.6116527 ], [ 73.7369282, 15.6115248 ], [ 73.7365007, 15.6114455 ], [ 73.7360196, 15.611492 ], [ 73.7357751, 15.6116145 ], [ 73.7354828, 15.6117994 ], [ 73.7352697, 15.6119903 ], [ 73.7350026, 15.6123339 ], [ 73.7338885, 15.6134 ], [ 73.7334033, 15.6139523 ], [ 73.7326598, 15.6148845 ], [ 73.7315473, 15.61666 ], [ 73.7309311, 15.6177796 ], [ 73.7295841, 15.6207034 ], [ 73.7284026, 15.6229567 ], [ 73.7276303, 15.6247333 ], [ 73.7269629, 15.6258474 ], [ 73.7263631, 15.626556 ], [ 73.7255975, 15.6271399 ], [ 73.7248151, 15.6276241 ], [ 73.724459, 15.6277222 ], [ 73.7241658, 15.6276902 ], [ 73.7240434, 15.6277606 ], [ 73.7239448, 15.6277951 ], [ 73.7236687, 15.6275872 ], [ 73.7235255, 15.6272416 ], [ 73.7231593, 15.626847 ], [ 73.7230315, 15.6266958 ], [ 73.7229246, 15.6266759 ], [ 73.7228208, 15.6267466 ], [ 73.7227624, 15.6268857 ], [ 73.7227837, 15.626999 ], [ 73.7229439, 15.6271733 ], [ 73.7230255, 15.6273012 ], [ 73.7230419, 15.6274324 ], [ 73.7229964, 15.6276395 ], [ 73.7229285, 15.6277876 ], [ 73.7228199, 15.6278625 ], [ 73.722748, 15.6279789 ], [ 73.7227412, 15.6281007 ], [ 73.7225685, 15.6281114 ], [ 73.7225156, 15.6282055 ], [ 73.722486, 15.6282954 ], [ 73.7224704, 15.62839 ], [ 73.7223905, 15.6284248 ], [ 73.7222824, 15.6284773 ], [ 73.7221793, 15.6285027 ], [ 73.7220574, 15.6285413 ], [ 73.7219772, 15.6285988 ], [ 73.7219334, 15.628702 ], [ 73.7219645, 15.6287884 ], [ 73.7220898, 15.6288265 ], [ 73.7222382, 15.6288696 ], [ 73.7223619, 15.6289936 ], [ 73.7223829, 15.6291295 ], [ 73.7224989, 15.6291631 ], [ 73.7226346, 15.6291381 ], [ 73.7227498, 15.6292169 ], [ 73.7228779, 15.6293545 ], [ 73.7228479, 15.6294714 ], [ 73.722664, 15.6298571 ], [ 73.7225121, 15.6305458 ], [ 73.7224285, 15.6310596 ], [ 73.7221422, 15.6322386 ], [ 73.721894, 15.63284 ], [ 73.721513, 15.6335612 ], [ 73.7214017, 15.6337943 ], [ 73.7212444, 15.6339905 ], [ 73.7210111, 15.6340002 ], [ 73.7208107, 15.6339924 ], [ 73.720526, 15.6340104 ], [ 73.7203535, 15.6340076 ], [ 73.7200975, 15.6339808 ], [ 73.7199936, 15.6340559 ], [ 73.7199076, 15.6341765 ], [ 73.7198543, 15.6342886 ], [ 73.7199267, 15.6344163 ], [ 73.7200414, 15.6345265 ], [ 73.7202232, 15.6345295 ], [ 73.720331, 15.6344952 ], [ 73.7204482, 15.6344609 ], [ 73.7205542, 15.6345305 ], [ 73.7206046, 15.634581 ], [ 73.7209268, 15.6345546 ], [ 73.7208164, 15.6350047 ], [ 73.7204174, 15.6359605 ], [ 73.7196164, 15.6375016 ], [ 73.719241, 15.6381732 ], [ 73.7189363, 15.6386625 ], [ 73.7186365, 15.6391437 ], [ 73.7184162, 15.639479 ], [ 73.7184748, 15.639593 ], [ 73.7183117, 15.6395903 ], [ 73.7182131, 15.6396248 ], [ 73.7180957, 15.6396681 ], [ 73.7179828, 15.6397295 ], [ 73.7179626, 15.639824 ], [ 73.7179793, 15.6399282 ], [ 73.7180433, 15.640006 ], [ 73.7180705, 15.6403182 ], [ 73.7180275, 15.6406429 ], [ 73.7179466, 15.641003 ], [ 73.7177843, 15.6414838 ], [ 73.7177453, 15.6417159 ], [ 73.7173551, 15.6425611 ], [ 73.717338, 15.6430081 ], [ 73.7171051, 15.6435284 ], [ 73.7169638, 15.6438785 ], [ 73.7167442, 15.6444398 ], [ 73.7163974, 15.6450712 ], [ 73.7158791, 15.6461786 ], [ 73.7156185, 15.6466805 ], [ 73.7155068, 15.6469361 ], [ 73.7151103, 15.647743 ], [ 73.7149796, 15.6482829 ], [ 73.7151306, 15.6487192 ], [ 73.7154215, 15.6488821 ], [ 73.7153057, 15.6491016 ], [ 73.715128, 15.6491348 ], [ 73.7148755, 15.6494379 ], [ 73.7146349, 15.6501298 ], [ 73.7141985, 15.6513561 ], [ 73.7139013, 15.6523497 ], [ 73.7137045, 15.6532004 ], [ 73.7136454, 15.6539134 ], [ 73.7136471, 15.6543562 ], [ 73.713615, 15.6548527 ], [ 73.713616, 15.655065 ], [ 73.7137409, 15.6551213 ], [ 73.71394, 15.655206 ], [ 73.7141081, 15.6551906 ], [ 73.7140917, 15.655597 ], [ 73.71385, 15.6555568 ], [ 73.7136137, 15.6554626 ], [ 73.7134281, 15.6554099 ], [ 73.7133437, 15.6554356 ], [ 73.7132289, 15.6556009 ], [ 73.7130892, 15.6558561 ], [ 73.712976, 15.6561977 ], [ 73.7128204, 15.6568277 ], [ 73.7126523, 15.6576428 ], [ 73.7125398, 15.6582102 ], [ 73.712524, 15.6585759 ], [ 73.7122552, 15.6590143 ], [ 73.7119267, 15.6596641 ], [ 73.711769, 15.6601494 ], [ 73.7116675, 15.6606222 ], [ 73.7115559, 15.6613975 ], [ 73.7114384, 15.6619875 ], [ 73.7114015, 15.6624974 ], [ 73.7113792, 15.6629715 ], [ 73.7113712, 15.6631611 ], [ 73.7110502, 15.6636439 ], [ 73.7108805, 15.6637585 ], [ 73.7105092, 15.6641862 ], [ 73.710171, 15.6648493 ], [ 73.7096882, 15.6657948 ], [ 73.7094168, 15.6663776 ], [ 73.7092874, 15.666841 ], [ 73.7092494, 15.6671521 ], [ 73.7091922, 15.6674855 ], [ 73.7090674, 15.6676823 ], [ 73.7088451, 15.6678683 ], [ 73.7086172, 15.668095 ], [ 73.7082893, 15.6684376 ], [ 73.7079548, 15.668902 ], [ 73.7074138, 15.6697019 ], [ 73.7069829, 15.6703364 ], [ 73.7065531, 15.6711788 ], [ 73.7057758, 15.6732173 ], [ 73.7057276, 15.6733023 ], [ 73.7054004, 15.6738799 ], [ 73.704945, 15.6748529 ], [ 73.7048549, 15.6754659 ], [ 73.7047624, 15.6762189 ], [ 73.7047228, 15.6768824 ], [ 73.7046759, 15.677695 ], [ 73.7043288, 15.6799394 ], [ 73.704071, 15.6813404 ], [ 73.7036411, 15.6832446 ], [ 73.7031944, 15.684516 ], [ 73.7026405, 15.6863097 ], [ 73.7023211, 15.6869731 ], [ 73.7018596, 15.6882849 ], [ 73.7013339, 15.6895324 ], [ 73.7010343, 15.6901284 ], [ 73.7008094, 15.69045 ], [ 73.7005595, 15.690604 ], [ 73.7004231, 15.690665 ], [ 73.7003117, 15.6906361 ], [ 73.700009, 15.6906039 ], [ 73.6995298, 15.6905419 ], [ 73.6990963, 15.6905257 ], [ 73.6988098, 15.6906339 ], [ 73.6986167, 15.6907437 ], [ 73.6983837, 15.6909929 ], [ 73.6982712, 15.6912938 ], [ 73.6982011, 15.6915592 ], [ 73.6980811, 15.6917606 ], [ 73.6981109, 15.6919192 ], [ 73.6982247, 15.6920792 ], [ 73.6982183, 15.6921785 ], [ 73.6982349, 15.6922918 ], [ 73.6982595, 15.692491 ], [ 73.6983125, 15.692659 ], [ 73.6981973, 15.6928378 ], [ 73.698261, 15.6929338 ], [ 73.6983311, 15.6929259 ], [ 73.6984577, 15.6928873 ], [ 73.6985439, 15.6927622 ], [ 73.69859, 15.6927901 ], [ 73.6985086, 15.6929108 ], [ 73.6985599, 15.6929116 ], [ 73.6984952, 15.693141 ], [ 73.6983635, 15.6934731 ], [ 73.6982432, 15.6939456 ], [ 73.6979466, 15.6943655 ], [ 73.6977896, 15.6945391 ], [ 73.6977031, 15.6946868 ], [ 73.6977876, 15.6949231 ], [ 73.6977867, 15.6949728 ], [ 73.6977882, 15.6951536 ], [ 73.6978172, 15.6956285 ], [ 73.6977962, 15.6957736 ], [ 73.6977534, 15.6960703 ], [ 73.6975183, 15.6964414 ], [ 73.6972927, 15.6968037 ], [ 73.69688, 15.6971945 ], [ 73.69651, 15.6975498 ], [ 73.6960791, 15.6979132 ], [ 73.6952028, 15.6986715 ], [ 73.6951024, 15.6988099 ], [ 73.6951103, 15.6988868 ], [ 73.6946811, 15.6991599 ], [ 73.6944641, 15.6992963 ], [ 73.6943778, 15.6994305 ], [ 73.6942969, 15.6995195 ], [ 73.6942667, 15.69965 ], [ 73.694268, 15.6998398 ], [ 73.6942241, 15.7002141 ], [ 73.6941851, 15.700575 ], [ 73.6940506, 15.7010607 ], [ 73.6938767, 15.7016679 ], [ 73.6937398, 15.7022846 ], [ 73.6936352, 15.7026625 ], [ 73.6936354, 15.7027747 ], [ 73.6936356, 15.7029019 ], [ 73.6936445, 15.7031913 ], [ 73.6937101, 15.7034408 ], [ 73.6937837, 15.7037674 ], [ 73.6938732, 15.7039857 ], [ 73.6940213, 15.7043181 ], [ 73.6941006, 15.7045815 ], [ 73.6940891, 15.7047033 ], [ 73.6940097, 15.7049731 ], [ 73.6938406, 15.7053091 ], [ 73.6936347, 15.7057149 ], [ 73.6937756, 15.706755 ], [ 73.692224, 15.710533 ], [ 73.6893733, 15.7180056 ], [ 73.6893877, 15.718163 ], [ 73.6894393, 15.7186744 ], [ 73.6894829, 15.719118 ], [ 73.6895577, 15.7193722 ], [ 73.6897331, 15.7194791 ], [ 73.6900962, 15.7195257 ], [ 73.690526, 15.7194921 ], [ 73.6906947, 15.7194452 ], [ 73.6908126, 15.7193749 ], [ 73.6912445, 15.7192194 ], [ 73.6917721, 15.7199811 ], [ 73.6929086, 15.7192309 ], [ 73.6933649, 15.7183963 ], [ 73.6936843, 15.717957 ], [ 73.6946883, 15.7178252 ], [ 73.6959204, 15.7179131 ], [ 73.6965137, 15.717957 ], [ 73.697472, 15.7180888 ], [ 73.6981565, 15.7180888 ], [ 73.6991605, 15.7180009 ], [ 73.7007577, 15.718572 ], [ 73.7007121, 15.7196702 ], [ 73.701214, 15.7204609 ], [ 73.7018986, 15.7206366 ], [ 73.7024918, 15.7205487 ], [ 73.7039521, 15.7209001 ], [ 73.7068727, 15.7221301 ], [ 73.7083113, 15.7230186 ], [ 73.7085731, 15.7230925 ], [ 73.7104747, 15.7240796 ], [ 73.7104778, 15.7240739 ], [ 73.7112471, 15.7238383 ], [ 73.7125314, 15.7238268 ], [ 73.7133015, 15.7234424 ], [ 73.7148987, 15.7235522 ], [ 73.7159971, 15.7240725 ], [ 73.7166956, 15.7244033 ], [ 73.719947, 15.7237719 ], [ 73.7202343, 15.7235325 ], [ 73.7214301, 15.7225364 ], [ 73.7221432, 15.7209166 ], [ 73.7230844, 15.7202852 ], [ 73.7240541, 15.7200106 ], [ 73.724596, 15.7196811 ], [ 73.7241682, 15.7186379 ], [ 73.723284, 15.7178142 ], [ 73.7235122, 15.7172651 ], [ 73.7249383, 15.7167709 ], [ 73.7263073, 15.7170455 ], [ 73.7277334, 15.7181162 ], [ 73.7288145, 15.7187865 ], [ 73.728961, 15.7187678 ], [ 73.7301625, 15.7191534 ], [ 73.7310097, 15.7197952 ], [ 73.7318513, 15.7204957 ], [ 73.7325563, 15.7220706 ], [ 73.7329913, 15.7238897 ], [ 73.7331446, 15.7253302 ], [ 73.7338884, 15.7263965 ], [ 73.7345577, 15.7285749 ], [ 73.7348467, 15.7295152 ], [ 73.7363526, 15.7312722 ], [ 73.7394215, 15.7344788 ], [ 73.7399652, 15.7348471 ], [ 73.7413239, 15.7357889 ], [ 73.7428362, 15.7365749 ], [ 73.7449874, 15.7364608 ], [ 73.7453556, 15.7364352 ], [ 73.7457288, 15.7363933 ], [ 73.7462627, 15.7363073 ], [ 73.7484865, 15.7359488 ], [ 73.7527456, 15.7350602 ], [ 73.7556527, 15.7355889 ], [ 73.7586972, 15.7347965 ], [ 73.7611947, 15.7339752 ], [ 73.7614789, 15.7338817 ], [ 73.7644399, 15.733286 ], [ 73.7651654, 15.7338737 ], [ 73.7655209, 15.7336296 ], [ 73.7670696, 15.7325657 ], [ 73.7679985, 15.7319275 ], [ 73.7682418, 15.7317604 ], [ 73.7683124, 15.7317119 ], [ 73.7691471, 15.7311383 ], [ 73.7695492, 15.7308621 ], [ 73.7697452, 15.7307274 ], [ 73.7702184, 15.7304023 ], [ 73.7703475, 15.7303136 ], [ 73.7753701, 15.7288486 ], [ 73.7765144, 15.7285425 ], [ 73.7769103, 15.7284366 ], [ 73.7785951, 15.7287655 ], [ 73.7809156, 15.7277734 ], [ 73.7839876, 15.726078 ], [ 73.784974, 15.7261252 ], [ 73.7864597, 15.7271333 ], [ 73.7875424, 15.7282596 ], [ 73.7886202, 15.7307446 ], [ 73.78855, 15.7331675 ], [ 73.7889312, 15.7348444 ], [ 73.7907018, 15.7359379 ], [ 73.7931579, 15.7372291 ], [ 73.7936142, 15.7367098 ], [ 73.7942984, 15.7366366 ], [ 73.7972284, 15.7342193 ], [ 73.8042958, 15.73682 ], [ 73.8066381, 15.7376819 ], [ 73.8094283, 15.7420308 ], [ 73.8112955, 15.7423127 ], [ 73.8119129, 15.7423801 ], [ 73.8125763, 15.7424526 ], [ 73.8124039, 15.7422424 ], [ 73.8127951, 15.7420188 ], [ 73.8130137, 15.7418941 ], [ 73.8133367, 15.7416989 ], [ 73.8138579, 15.7413842 ], [ 73.8145114, 15.7410081 ], [ 73.8150127, 15.7407208 ], [ 73.8154809, 15.7404409 ], [ 73.8159572, 15.7401435 ], [ 73.816001, 15.7401166 ], [ 73.8160458, 15.7400913 ], [ 73.8160915, 15.7400674 ], [ 73.8161382, 15.740045 ], [ 73.8161856, 15.7400243 ], [ 73.8162508, 15.7399987 ], [ 73.8162973, 15.7399822 ], [ 73.816344, 15.7399665 ], [ 73.816391, 15.7399515 ], [ 73.8164384, 15.7399372 ], [ 73.816486, 15.7399238 ], [ 73.8165339, 15.7399113 ], [ 73.8165818, 15.7398994 ], [ 73.8166302, 15.7398885 ], [ 73.8166788, 15.7398782 ], [ 73.8167275, 15.7398688 ], [ 73.8167993, 15.7398564 ], [ 73.8168464, 15.7398484 ], [ 73.8168894, 15.7398404 ], [ 73.816932, 15.7398316 ], [ 73.8169746, 15.7398223 ], [ 73.817017, 15.7398122 ], [ 73.8170593, 15.7398012 ], [ 73.8171013, 15.7397897 ], [ 73.817143, 15.7397775 ], [ 73.8171844, 15.7397646 ], [ 73.8172258, 15.7397509 ], [ 73.8172668, 15.7397367 ], [ 73.8173106, 15.7397214 ], [ 73.8173547, 15.7397068 ], [ 73.817399, 15.7396931 ], [ 73.8174437, 15.73968 ], [ 73.8174885, 15.7396677 ], [ 73.8175335, 15.7396561 ], [ 73.8175789, 15.7396452 ], [ 73.8176243, 15.7396352 ], [ 73.8176701, 15.7396259 ], [ 73.8177297, 15.7396148 ], [ 73.8177959, 15.7396025 ], [ 73.8178373, 15.7395938 ], [ 73.8178785, 15.7395844 ], [ 73.8179195, 15.7395744 ], [ 73.8179603, 15.7395638 ], [ 73.8180008, 15.7395524 ], [ 73.8180411, 15.7395404 ], [ 73.8180812, 15.7395276 ], [ 73.8181211, 15.7395143 ], [ 73.8181606, 15.7395002 ], [ 73.8182001, 15.7394856 ], [ 73.8182391, 15.7394702 ], [ 73.8183759, 15.7394998 ], [ 73.818484, 15.739521 ], [ 73.8185926, 15.7395406 ], [ 73.8187015, 15.7395583 ], [ 73.8188105, 15.7395741 ], [ 73.8189486, 15.7395917 ], [ 73.8190684, 15.7396049 ], [ 73.8191885, 15.7396162 ], [ 73.819224, 15.7396194 ], [ 73.8192594, 15.7396234 ], [ 73.8192947, 15.7396277 ], [ 73.8193299, 15.7396328 ], [ 73.8193651, 15.7396385 ], [ 73.8194003, 15.7396447 ], [ 73.8194352, 15.7396514 ], [ 73.81947, 15.7396588 ], [ 73.8195047, 15.7396667 ], [ 73.8195393, 15.7396752 ], [ 73.8195767, 15.7396851 ], [ 73.8196026, 15.7396914 ], [ 73.819634, 15.7396972 ], [ 73.8196658, 15.7397008 ], [ 73.8196977, 15.7397023 ], [ 73.8197295, 15.7397016 ], [ 73.8197613, 15.739699 ], [ 73.8197927, 15.7396941 ], [ 73.8198237, 15.7396874 ], [ 73.819854, 15.7396785 ], [ 73.8198898, 15.7396831 ], [ 73.819925, 15.7396869 ], [ 73.8199602, 15.7396903 ], [ 73.8199955, 15.7396929 ], [ 73.8200309, 15.7396952 ], [ 73.8200681, 15.7396973 ], [ 73.8201052, 15.7397003 ], [ 73.8201425, 15.7397037 ], [ 73.8201796, 15.7397079 ], [ 73.8202166, 15.7397125 ], [ 73.8202535, 15.7397179 ], [ 73.8202904, 15.7397239 ], [ 73.8203272, 15.7397304 ], [ 73.8203638, 15.7397375 ], [ 73.8204003, 15.7397453 ], [ 73.8204587, 15.7397589 ], [ 73.8205034, 15.7397695 ], [ 73.8205387, 15.7397773 ], [ 73.8205743, 15.7397844 ], [ 73.8206099, 15.7397909 ], [ 73.8206455, 15.7397968 ], [ 73.8206814, 15.7398022 ], [ 73.8207172, 15.739807 ], [ 73.8207533, 15.7398111 ], [ 73.8207892, 15.7398148 ], [ 73.8208176, 15.7398181 ], [ 73.8208458, 15.7398227 ], [ 73.8208737, 15.7398288 ], [ 73.8209011, 15.7398362 ], [ 73.8209282, 15.739845 ], [ 73.8209549, 15.7398552 ], [ 73.8210005, 15.7398761 ], [ 73.8212315, 15.7399908 ], [ 73.8213547, 15.7400482 ], [ 73.8214789, 15.7401035 ], [ 73.821604, 15.740157 ], [ 73.8217032, 15.7401993 ], [ 73.8218018, 15.7402432 ], [ 73.8218995, 15.7402887 ], [ 73.8220187, 15.7403472 ], [ 73.8221464, 15.7404101 ], [ 73.8222738, 15.7404706 ], [ 73.822304, 15.7404837 ], [ 73.822332, 15.7404941 ], [ 73.8223603, 15.7405031 ], [ 73.8223892, 15.7405107 ], [ 73.8224178, 15.740536 ], [ 73.8224475, 15.7405596 ], [ 73.8224785, 15.7405817 ], [ 73.8225105, 15.7406023 ], [ 73.8225326, 15.7406166 ], [ 73.8225536, 15.7406325 ], [ 73.8225808, 15.7406567 ], [ 73.8226754, 15.7407471 ], [ 73.8227452, 15.7408113 ], [ 73.8228163, 15.7408744 ], [ 73.8228885, 15.7409364 ], [ 73.8229619, 15.7409971 ], [ 73.8230364, 15.7410566 ], [ 73.8231119, 15.7411149 ], [ 73.8231884, 15.741172 ], [ 73.823266, 15.7412279 ], [ 73.8234552, 15.7413613 ], [ 73.8236428, 15.741493 ], [ 73.8244433, 15.7420431 ], [ 73.8251965, 15.7425416 ], [ 73.8252294, 15.7425667 ], [ 73.8252507, 15.7425816 ], [ 73.8252727, 15.7425958 ], [ 73.8252952, 15.7426093 ], [ 73.825318, 15.7426221 ], [ 73.8253415, 15.7426341 ], [ 73.8253652, 15.7426454 ], [ 73.8253894, 15.7426558 ], [ 73.825414, 15.7426654 ], [ 73.8254388, 15.7426743 ], [ 73.8254641, 15.7426823 ], [ 73.825496, 15.7426982 ], [ 73.8255298, 15.742722 ], [ 73.8255627, 15.7427436 ], [ 73.8255965, 15.7427642 ], [ 73.825631, 15.7427835 ], [ 73.8256662, 15.7428018 ], [ 73.8257019, 15.7428189 ], [ 73.8257382, 15.7428349 ], [ 73.8257752, 15.7428496 ], [ 73.8258126, 15.7428631 ], [ 73.8258506, 15.7428754 ], [ 73.8258765, 15.7428884 ], [ 73.8259024, 15.7429072 ], [ 73.8259371, 15.7429305 ], [ 73.8259726, 15.7429529 ], [ 73.8260087, 15.742974 ], [ 73.8260457, 15.7429939 ], [ 73.8260833, 15.7430126 ], [ 73.8261217, 15.7430301 ], [ 73.8261606, 15.7430463 ], [ 73.8262001, 15.7430612 ], [ 73.8262401, 15.7430747 ], [ 73.8262665, 15.7430847 ], [ 73.8263106, 15.7431089 ], [ 73.8263317, 15.7431241 ], [ 73.8263516, 15.7431406 ], [ 73.8263727, 15.7431611 ], [ 73.8264083, 15.7431964 ], [ 73.8264355, 15.7432212 ], [ 73.8264634, 15.7432451 ], [ 73.8264924, 15.7432682 ], [ 73.8265221, 15.7432902 ], [ 73.8265525, 15.7433113 ], [ 73.8265795, 15.7433307 ], [ 73.8266153, 15.7433611 ], [ 73.8266355, 15.7433827 ], [ 73.8266595, 15.743417 ], [ 73.8267317, 15.7435387 ], [ 73.8267737, 15.7436056 ], [ 73.826776, 15.7436091 ], [ 73.826817, 15.7436717 ], [ 73.8268613, 15.7437372 ], [ 73.8268814, 15.7440207 ], [ 73.8268964, 15.7441744 ], [ 73.826897, 15.7442027 ], [ 73.8268904, 15.7442387 ], [ 73.8268894, 15.7442439 ], [ 73.8268578, 15.7443403 ], [ 73.8268244, 15.7444363 ], [ 73.8267893, 15.7445315 ], [ 73.8267234, 15.7446975 ], [ 73.8267116, 15.7447268 ], [ 73.8266942, 15.7447737 ], [ 73.8266787, 15.7448211 ], [ 73.826665, 15.744869 ], [ 73.826653, 15.7449173 ], [ 73.8266428, 15.7449661 ], [ 73.8266345, 15.7450152 ], [ 73.8266281, 15.7450645 ], [ 73.8266234, 15.7451141 ], [ 73.8266211, 15.7451558 ], [ 73.8266206, 15.7451907 ], [ 73.8266214, 15.7452257 ], [ 73.8266236, 15.7452607 ], [ 73.826627, 15.7452954 ], [ 73.8266318, 15.7453301 ], [ 73.8266376, 15.7453647 ], [ 73.8266449, 15.7453991 ], [ 73.8266534, 15.7454332 ], [ 73.8266632, 15.745467 ], [ 73.8266742, 15.7455004 ], [ 73.8266854, 15.7455334 ], [ 73.826696, 15.7455665 ], [ 73.8267058, 15.7455998 ], [ 73.8267152, 15.7456332 ], [ 73.8267239, 15.7456667 ], [ 73.826732, 15.7457005 ], [ 73.8267393, 15.7457343 ], [ 73.8267462, 15.7457682 ], [ 73.8267559, 15.7458233 ], [ 73.8267747, 15.7459304 ], [ 73.8267898, 15.7460074 ], [ 73.8268065, 15.7460842 ], [ 73.8268244, 15.7461608 ], [ 73.8268438, 15.7462369 ], [ 73.8268647, 15.7463128 ], [ 73.8268868, 15.7463884 ], [ 73.8269105, 15.7464636 ], [ 73.8269354, 15.7465384 ], [ 73.8269462, 15.7465705 ], [ 73.8269563, 15.7466028 ], [ 73.8269659, 15.7466352 ], [ 73.8269747, 15.7466677 ], [ 73.8269831, 15.7467004 ], [ 73.8269908, 15.7467332 ], [ 73.8269978, 15.7467661 ], [ 73.8270045, 15.7467991 ], [ 73.8270103, 15.7468323 ], [ 73.8270156, 15.7468654 ], [ 73.8270203, 15.7468988 ], [ 73.8270243, 15.7469321 ], [ 73.827028, 15.7469675 ], [ 73.8270341, 15.7470175 ], [ 73.8270393, 15.7470475 ], [ 73.8270457, 15.7470773 ], [ 73.827053, 15.7471068 ], [ 73.8270616, 15.7471361 ], [ 73.8270711, 15.7471651 ], [ 73.8270817, 15.7471938 ], [ 73.8270934, 15.7472222 ], [ 73.8271061, 15.7472501 ], [ 73.8271198, 15.7472776 ], [ 73.8271345, 15.7473047 ], [ 73.8271502, 15.7473313 ], [ 73.8271667, 15.7473948 ], [ 73.8271792, 15.7474351 ], [ 73.8271932, 15.7474751 ], [ 73.8272086, 15.7475145 ], [ 73.8272255, 15.7475534 ], [ 73.8272437, 15.7475919 ], [ 73.8272634, 15.7476295 ], [ 73.8272844, 15.7476666 ], [ 73.8273069, 15.7477031 ], [ 73.8273512, 15.7477736 ], [ 73.8273942, 15.747845 ], [ 73.827436, 15.747917 ], [ 73.8274763, 15.7479896 ], [ 73.8275154, 15.7480628 ], [ 73.827553, 15.7481367 ], [ 73.8276221, 15.7482815 ], [ 73.8279997, 15.7490557 ], [ 73.8281672, 15.7493393 ], [ 73.8287831, 15.7502792 ], [ 73.8293494, 15.7511488 ], [ 73.8293657, 15.7511692 ], [ 73.8293814, 15.7511901 ], [ 73.8293962, 15.7512114 ], [ 73.8294103, 15.7512333 ], [ 73.8294269, 15.7512617 ], [ 73.8296987, 15.7517516 ], [ 73.8299711, 15.7522476 ], [ 73.8301275, 15.7525259 ], [ 73.8302514, 15.752736 ], [ 73.830329, 15.7528622 ], [ 73.8303948, 15.7529645 ], [ 73.8304625, 15.7530657 ], [ 73.8304804, 15.7530939 ], [ 73.8304962, 15.7531233 ], [ 73.8305097, 15.7531537 ], [ 73.8305192, 15.7531794 ], [ 73.8305582, 15.7532912 ], [ 73.8305908, 15.7533789 ], [ 73.8306251, 15.7534663 ], [ 73.830661, 15.7535529 ], [ 73.8306984, 15.7536392 ], [ 73.8307375, 15.7537247 ], [ 73.8307782, 15.7538096 ], [ 73.8307916, 15.7538391 ], [ 73.8308033, 15.7538691 ], [ 73.8308135, 15.7538998 ], [ 73.8308219, 15.7539307 ], [ 73.8308286, 15.7539621 ], [ 73.8308335, 15.7539937 ], [ 73.8308368, 15.7540256 ], [ 73.8308382, 15.7540574 ], [ 73.8308363, 15.7541142 ], [ 73.8308323, 15.7541738 ], [ 73.8308304, 15.7542137 ], [ 73.8308293, 15.7542535 ], [ 73.8308292, 15.7542935 ], [ 73.8308296, 15.7543334 ], [ 73.8308463, 15.7548954 ], [ 73.8308717, 15.755415 ], [ 73.8308768, 15.7554435 ], [ 73.8308808, 15.7554721 ], [ 73.8308835, 15.7555007 ], [ 73.8308854, 15.7555294 ], [ 73.8308861, 15.7555581 ], [ 73.8308858, 15.755587 ], [ 73.8308845, 15.7556157 ], [ 73.8308817, 15.7556474 ], [ 73.8308741, 15.755727 ], [ 73.8308688, 15.7557955 ], [ 73.8308648, 15.7558643 ], [ 73.8308621, 15.755933 ], [ 73.8308598, 15.7559909 ], [ 73.8308564, 15.7560488 ], [ 73.830852, 15.7561066 ], [ 73.8308464, 15.7561643 ], [ 73.8308399, 15.7562219 ], [ 73.8308241, 15.7563326 ], [ 73.8308078, 15.7564438 ], [ 73.8307975, 15.7565259 ], [ 73.8307888, 15.756608 ], [ 73.8307817, 15.7566905 ], [ 73.8307759, 15.7567729 ], [ 73.8307718, 15.7568556 ], [ 73.8307692, 15.7569382 ], [ 73.8307681, 15.7570209 ], [ 73.8307635, 15.7573737 ], [ 73.8307512, 15.7577506 ], [ 73.8307416, 15.7579382 ], [ 73.8307284, 15.7581254 ], [ 73.8307118, 15.7583123 ], [ 73.8306918, 15.7584989 ], [ 73.8306682, 15.7586851 ], [ 73.8306364, 15.7589018 ], [ 73.8306367, 15.7589678 ], [ 73.8306357, 15.7590338 ], [ 73.8306335, 15.7590998 ], [ 73.8306299, 15.7591658 ], [ 73.8306253, 15.7592315 ], [ 73.8306194, 15.7592973 ], [ 73.8306123, 15.7593629 ], [ 73.830604, 15.7594284 ], [ 73.8305943, 15.7594937 ], [ 73.8305718, 15.7596229 ], [ 73.8304855, 15.7600652 ], [ 73.8303973, 15.7605117 ], [ 73.8303873, 15.7605596 ], [ 73.8303764, 15.7606073 ], [ 73.8303645, 15.7606549 ], [ 73.830352, 15.7607022 ], [ 73.8303384, 15.7607492 ], [ 73.830324, 15.760796 ], [ 73.8303088, 15.7608427 ], [ 73.8302779, 15.760929 ], [ 73.8301977, 15.7611489 ], [ 73.8301318, 15.7613409 ], [ 73.8300696, 15.761534 ], [ 73.8300111, 15.7617281 ], [ 73.8299561, 15.7619232 ], [ 73.8298333, 15.7624082 ], [ 73.8297757, 15.7626647 ], [ 73.8297228, 15.7629222 ], [ 73.8296746, 15.7631806 ], [ 73.8296313, 15.7634397 ], [ 73.8296182, 15.7634914 ], [ 73.8296111, 15.7635259 ], [ 73.8296051, 15.7635607 ], [ 73.8296006, 15.7635956 ], [ 73.8295975, 15.7636306 ], [ 73.8295954, 15.7636659 ], [ 73.8295949, 15.7637011 ], [ 73.8295955, 15.7637364 ], [ 73.8295975, 15.7637716 ], [ 73.8296008, 15.7638068 ], [ 73.8296053, 15.7638419 ], [ 73.8296113, 15.7638768 ], [ 73.8296183, 15.7639115 ], [ 73.8296268, 15.763946 ], [ 73.8296365, 15.7639802 ], [ 73.8296475, 15.7640139 ], [ 73.8296658, 15.764069 ], [ 73.8296931, 15.7641503 ], [ 73.8297361, 15.7642874 ], [ 73.8297483, 15.7643288 ], [ 73.8298446, 15.764296 ], [ 73.8300931, 15.7642052 ], [ 73.8301476, 15.7642528 ], [ 73.8304943, 15.7645556 ], [ 73.8315167, 15.7654068 ], [ 73.8325561, 15.7656364 ], [ 73.8334833, 15.7658372 ], [ 73.8353338, 15.7660372 ], [ 73.8368829, 15.7662102 ], [ 73.8372733, 15.7662616 ], [ 73.8384866, 15.7675632 ], [ 73.8388298, 15.7689536 ], [ 73.8391988, 15.7706205 ], [ 73.8397588, 15.7724126 ], [ 73.8401601, 15.7738139 ], [ 73.840412, 15.7747192 ], [ 73.8408044, 15.7761235 ], [ 73.8415832, 15.7777998 ], [ 73.8419821, 15.7784591 ], [ 73.8424402, 15.7791884 ], [ 73.8439091, 15.7811278 ], [ 73.8447591, 15.7810332 ], [ 73.8465424, 15.780691 ], [ 73.8479043, 15.7802185 ], [ 73.8498459, 15.7795369 ], [ 73.850054, 15.7796334 ], [ 73.8503952, 15.7798061 ], [ 73.8512178, 15.7802232 ], [ 73.8522388, 15.780712 ], [ 73.8525338, 15.7808532 ], [ 73.8526666, 15.78092 ], [ 73.8526213, 15.7811695 ], [ 73.8526364, 15.7821413 ], [ 73.8514423, 15.7830698 ], [ 73.8508458, 15.7834891 ], [ 73.8498607, 15.7840829 ], [ 73.8490142, 15.7845209 ], [ 73.8478019, 15.7851112 ], [ 73.84743, 15.7854584 ], [ 73.8470654, 15.7857989 ], [ 73.8474318, 15.7871 ], [ 73.8487875, 15.7876605 ], [ 73.8494854, 15.7881436 ], [ 73.8497973, 15.7885986 ], [ 73.8503148, 15.7893745 ], [ 73.8504742, 15.7896411 ], [ 73.8508018, 15.7903126 ], [ 73.8512908, 15.7916789 ], [ 73.851615, 15.7927992 ], [ 73.8521336, 15.7943632 ], [ 73.8525983, 15.7961948 ], [ 73.8526514, 15.7963685 ], [ 73.8526873, 15.7964858 ], [ 73.852722, 15.7965994 ], [ 73.8527722, 15.7970839 ], [ 73.8538205, 15.7986073 ], [ 73.8557081, 15.8010166 ], [ 73.8562669, 15.8009784 ], [ 73.857266, 15.8006845 ], [ 73.8587872, 15.8001317 ], [ 73.8589191, 15.8000762 ], [ 73.8593448, 15.7998972 ], [ 73.8592837, 15.7997475 ], [ 73.8592675, 15.7997029 ], [ 73.8592452, 15.7996418 ], [ 73.8612116, 15.7991075 ], [ 73.8623091, 15.7988803 ], [ 73.8633959, 15.7987898 ], [ 73.8634813, 15.7987507 ], [ 73.8640486, 15.7984919 ], [ 73.8646111, 15.7982066 ], [ 73.8659592, 15.7975719 ], [ 73.8671178, 15.7971771 ], [ 73.8675035, 15.7970295 ], [ 73.8673673, 15.7968911 ], [ 73.8672121, 15.7966661 ], [ 73.8669809, 15.7964191 ], [ 73.8669287, 15.7962881 ], [ 73.8667595, 15.7961085 ], [ 73.8662369, 15.7955539 ], [ 73.866101, 15.7950415 ], [ 73.8658185, 15.7940267 ], [ 73.8657518, 15.7938948 ], [ 73.8657246, 15.7934127 ], [ 73.865722, 15.7933681 ], [ 73.8656717, 15.7931716 ], [ 73.8651537, 15.7917635 ], [ 73.8648089, 15.7908243 ], [ 73.8648757, 15.7905694 ], [ 73.8649072, 15.7899709 ], [ 73.8650448, 15.7899218 ], [ 73.8651073, 15.7897601 ], [ 73.8653194, 15.7889814 ], [ 73.8654024, 15.7886779 ], [ 73.865575, 15.7881055 ], [ 73.8655928, 15.7879444 ], [ 73.8657856, 15.7870184 ], [ 73.8657611, 15.7865893 ], [ 73.8658146, 15.7864881 ], [ 73.8659263, 15.7858376 ], [ 73.8659594, 15.7855632 ], [ 73.8660663, 15.7853418 ], [ 73.8661681, 15.7852196 ], [ 73.8662317, 15.7851927 ], [ 73.8664351, 15.7850444 ], [ 73.8667616, 15.7848063 ], [ 73.8671229, 15.7846377 ], [ 73.8671738, 15.7846026 ], [ 73.8672236, 15.7845702 ], [ 73.867274, 15.7845386 ], [ 73.8673249, 15.7845078 ], [ 73.8673984, 15.7844656 ], [ 73.8674417, 15.7844433 ], [ 73.8674865, 15.784424 ], [ 73.8675326, 15.7844077 ], [ 73.8675797, 15.7843947 ], [ 73.8676277, 15.7843849 ], [ 73.8676761, 15.7843784 ] ] ] ] } },
{ "type": "Feature", "properties": { "taluka": "Bardez", "subdt_lgd": 5610, "district_in_lgd_file": "North Goa", "district_2026": "North Goa" }, "geometry": { "type": "Polygon", "coordinates": [ [ [ 73.88702, 15.6819561 ], [ 73.8874593, 15.6819042 ], [ 73.8877764, 15.6819045 ], [ 73.8880706, 15.6818865 ], [ 73.888569, 15.6819213 ], [ 73.8890957, 15.6819475 ], [ 73.890051, 15.6819984 ], [ 73.8903962, 15.6819948 ], [ 73.890429, 15.6819817 ], [ 73.8906378, 15.6820527 ], [ 73.8906709, 15.6820216 ], [ 73.8924933, 15.6815346 ], [ 73.8954857, 15.6816531 ], [ 73.8956956, 15.6813672 ], [ 73.895849, 15.681112 ], [ 73.8958544, 15.6810668 ], [ 73.8959303, 15.6809958 ], [ 73.8960516, 15.6807084 ], [ 73.896192, 15.6803944 ], [ 73.8962299, 15.6800741 ], [ 73.8963053, 15.6797454 ], [ 73.8963412, 15.6795472 ], [ 73.8964517, 15.6793501 ], [ 73.8968179, 15.6789129 ], [ 73.8969221, 15.6788242 ], [ 73.8973357, 15.6786318 ], [ 73.8975281, 15.6785579 ], [ 73.8977636, 15.6784125 ], [ 73.8979936, 15.6783302 ], [ 73.8982286, 15.6782118 ], [ 73.8996314, 15.6760059 ], [ 73.8999181, 15.6750208 ], [ 73.9006744, 15.6724118 ], [ 73.9029891, 15.668625 ], [ 73.9040712, 15.6672003 ], [ 73.9042192, 15.6661318 ], [ 73.9041222, 15.6660761 ], [ 73.9041092, 15.6660575 ], [ 73.9037896, 15.6656011 ], [ 73.9036705, 15.6651835 ], [ 73.9035671, 15.6646578 ], [ 73.9034796, 15.6643132 ], [ 73.9034478, 15.6642584 ], [ 73.9031788, 15.6633145 ], [ 73.9030719, 15.6630011 ], [ 73.9030394, 15.662716 ], [ 73.9029555, 15.6624255 ], [ 73.9029344, 15.6622941 ], [ 73.9028623, 15.6621394 ], [ 73.902805, 15.6619352 ], [ 73.9024719, 15.6612026 ], [ 73.9023094, 15.6605902 ], [ 73.9022791, 15.6604497 ], [ 73.9022805, 15.6603593 ], [ 73.9023717, 15.6596333 ], [ 73.9024214, 15.6594488 ], [ 73.9024539, 15.6593417 ], [ 73.9025594, 15.6589946 ], [ 73.9026167, 15.6583358 ], [ 73.9025645, 15.6581137 ], [ 73.9025115, 15.6579276 ], [ 73.9024077, 15.6577227 ], [ 73.9022759, 15.6575128 ], [ 73.9020116, 15.6571337 ], [ 73.9018234, 15.6569501 ], [ 73.9017496, 15.6568992 ], [ 73.9015348, 15.6566338 ], [ 73.901486, 15.6564841 ], [ 73.9011314, 15.6559228 ], [ 73.9012687, 15.6555138 ], [ 73.9015842, 15.6550442 ], [ 73.9022302, 15.6546159 ], [ 73.9022865, 15.654305 ], [ 73.9021861, 15.6538923 ], [ 73.9014212, 15.6521863 ], [ 73.901039, 15.6518866 ], [ 73.8997733, 15.6511578 ], [ 73.8985523, 15.6505381 ], [ 73.8976972, 15.6500777 ], [ 73.8971883, 15.6495411 ], [ 73.8965414, 15.6491832 ], [ 73.8961701, 15.6490736 ], [ 73.8956154, 15.6490651 ], [ 73.8952554, 15.6491228 ], [ 73.8949213, 15.6492984 ], [ 73.8945811, 15.6495777 ], [ 73.894061, 15.6497234 ], [ 73.8935311, 15.6496248 ], [ 73.8930703, 15.6495679 ], [ 73.8927199, 15.6496123 ], [ 73.8922138, 15.6497581 ], [ 73.8913375, 15.6500202 ], [ 73.890848, 15.6500126 ], [ 73.8903191, 15.6498462 ], [ 73.8897153, 15.6494123 ], [ 73.8889258, 15.6489393 ], [ 73.8881766, 15.6482725 ], [ 73.8873363, 15.647767 ], [ 73.8854968, 15.6467626 ], [ 73.8848061, 15.6468016 ], [ 73.8841015, 15.6468314 ], [ 73.8833293, 15.6469956 ], [ 73.882607, 15.6472555 ], [ 73.8821708, 15.6471223 ], [ 73.8807476, 15.6466122 ], [ 73.8808634, 15.6458143 ], [ 73.8809145, 15.6452638 ], [ 73.8808549, 15.6449151 ], [ 73.8808184, 15.6445892 ], [ 73.8808274, 15.6440381 ], [ 73.8809749, 15.643295 ], [ 73.881899, 15.6426767 ], [ 73.882493, 15.6422883 ], [ 73.8832039, 15.6418836 ], [ 73.8837766, 15.6416486 ], [ 73.8842705, 15.6416698 ], [ 73.8848778, 15.641887 ], [ 73.8853773, 15.6421387 ], [ 73.886367, 15.6423483 ], [ 73.8860646, 15.6397683 ], [ 73.8859082, 15.6387899 ], [ 73.8859955, 15.6382988 ], [ 73.8861308, 15.6380073 ], [ 73.8863199, 15.6378565 ], [ 73.8866454, 15.6376267 ], [ 73.8871115, 15.6373537 ], [ 73.887423, 15.6371282 ], [ 73.8879191, 15.6367246 ], [ 73.8880579, 15.6365099 ], [ 73.888383, 15.6360225 ], [ 73.8885723, 15.6358582 ], [ 73.8889878, 15.6355438 ], [ 73.8894463, 15.6351669 ], [ 73.8897701, 15.6347562 ], [ 73.8898959, 15.6344781 ], [ 73.8898635, 15.6341793 ], [ 73.8897205, 15.6338022 ], [ 73.8895983, 15.6332988 ], [ 73.8908796, 15.6333502 ], [ 73.8907506, 15.6324085 ], [ 73.890565, 15.6315019 ], [ 73.8904462, 15.6307952 ], [ 73.8904546, 15.6302803 ], [ 73.891195, 15.6303414 ], [ 73.892376, 15.6305404 ], [ 73.8932634, 15.6307304 ], [ 73.893883, 15.630767 ], [ 73.8944174, 15.6305945 ], [ 73.8949279, 15.6304623 ], [ 73.8956478, 15.6303424 ], [ 73.8960568, 15.6304255 ], [ 73.8963894, 15.6303313 ], [ 73.8970229, 15.6297989 ], [ 73.8973198, 15.6296092 ], [ 73.8979148, 15.6294376 ], [ 73.8985921, 15.6293577 ], [ 73.8994751, 15.6298231 ], [ 73.9007539, 15.6306019 ], [ 73.9022397, 15.6312708 ], [ 73.9032163, 15.6317105 ], [ 73.9041143, 15.6321084 ], [ 73.9044779, 15.6323986 ], [ 73.9048259, 15.6330726 ], [ 73.9053543, 15.6338353 ], [ 73.9055601, 15.6340824 ], [ 73.9058157, 15.634136 ], [ 73.9060694, 15.6340225 ], [ 73.9064399, 15.6338881 ], [ 73.9070665, 15.6337803 ], [ 73.9076669, 15.6338437 ], [ 73.9080603, 15.6340305 ], [ 73.9085355, 15.6343315 ], [ 73.9091232, 15.6348962 ], [ 73.9102792, 15.6366308 ], [ 73.9103551, 15.6365461 ], [ 73.9107099, 15.6362444 ], [ 73.9111057, 15.6357037 ], [ 73.911217, 15.6354368 ], [ 73.911261, 15.6353311 ], [ 73.9112807, 15.6349835 ], [ 73.9111003, 15.6343256 ], [ 73.9109122, 15.6341284 ], [ 73.9098782, 15.6334936 ], [ 73.9089294, 15.6330634 ], [ 73.9083193, 15.6327332 ], [ 73.9079883, 15.632439 ], [ 73.9078829, 15.6320443 ], [ 73.9078927, 15.6317327 ], [ 73.9080246, 15.6313643 ], [ 73.9084376, 15.6309142 ], [ 73.9089506, 15.6300546 ], [ 73.9090644, 15.6296543 ], [ 73.9091249, 15.629086 ], [ 73.9090901, 15.6286517 ], [ 73.9090676, 15.6286017 ], [ 73.9090354, 15.628574 ], [ 73.9089802, 15.6285234 ], [ 73.9086396, 15.6279761 ], [ 73.9080886, 15.6274526 ], [ 73.9076257, 15.6266729 ], [ 73.907582, 15.6262113 ], [ 73.9077205, 15.6257209 ], [ 73.9080438, 15.6253419 ], [ 73.9086375, 15.6249626 ], [ 73.908959, 15.6246873 ], [ 73.9093389, 15.6243304 ], [ 73.9094521, 15.6241021 ], [ 73.9094085, 15.6237947 ], [ 73.9092671, 15.6235094 ], [ 73.9089795, 15.6232278 ], [ 73.9086629, 15.6231241 ], [ 73.9077424, 15.6232409 ], [ 73.9072617, 15.6227049 ], [ 73.9067782, 15.6226161 ], [ 73.9063202, 15.6223968 ], [ 73.9061328, 15.6221679 ], [ 73.9060676, 15.6218823 ], [ 73.9060185, 15.6214614 ], [ 73.906043, 15.6211049 ], [ 73.9060449, 15.6207027 ], [ 73.9058338, 15.6202116 ], [ 73.9058072, 15.6189867 ], [ 73.9061994, 15.6183873 ], [ 73.9066364, 15.6178926 ], [ 73.9070962, 15.6174298 ], [ 73.9071864, 15.6170471 ], [ 73.9071898, 15.6165592 ], [ 73.9073935, 15.6160699 ], [ 73.9074863, 15.6155291 ], [ 73.90739, 15.6151481 ], [ 73.9074841, 15.6145261 ], [ 73.9077359, 15.6142363 ], [ 73.9080802, 15.6139931 ], [ 73.9087456, 15.6135063 ], [ 73.9080262, 15.6130209 ], [ 73.907271, 15.6130183 ], [ 73.9068908, 15.6131706 ], [ 73.9062604, 15.6132287 ], [ 73.9058442, 15.6130236 ], [ 73.9052074, 15.6129053 ], [ 73.9043588, 15.6129058 ], [ 73.9030731, 15.61313 ], [ 73.9020833, 15.6135078 ], [ 73.9011239, 15.6131542 ], [ 73.9000891, 15.6125735 ], [ 73.8997639, 15.6122206 ], [ 73.8997633, 15.6113983 ], [ 73.8995811, 15.6108579 ], [ 73.8990276, 15.6102122 ], [ 73.8983201, 15.6095689 ], [ 73.8977237, 15.6092615 ], [ 73.8963332, 15.6087703 ], [ 73.8959852, 15.60895 ], [ 73.8948632, 15.6099945 ], [ 73.8937653, 15.609842 ], [ 73.8932998, 15.6100834 ], [ 73.8927522, 15.610504 ], [ 73.8903919, 15.6128486 ], [ 73.8895598, 15.6129803 ], [ 73.8873795, 15.6131635 ], [ 73.8874225, 15.6122515 ], [ 73.8874952, 15.6118008 ], [ 73.887652, 15.6113379 ], [ 73.8878362, 15.6109116 ], [ 73.8878366, 15.6105998 ], [ 73.8876513, 15.6102445 ], [ 73.8870304, 15.6100136 ], [ 73.8864337, 15.6097242 ], [ 73.8862046, 15.6094812 ], [ 73.8860711, 15.6090996 ], [ 73.8861798, 15.6087218 ], [ 73.8865951, 15.6081409 ], [ 73.8871436, 15.6073858 ], [ 73.88786, 15.606918 ], [ 73.8893722, 15.6065348 ], [ 73.8900177, 15.6061155 ], [ 73.8908629, 15.6051797 ], [ 73.8913942, 15.6041637 ], [ 73.8915754, 15.6038173 ], [ 73.8918511, 15.6032071 ], [ 73.8916883, 15.6020525 ], [ 73.8914347, 15.6010275 ], [ 73.8913402, 15.6005381 ], [ 73.8917073, 15.6000469 ], [ 73.8920765, 15.5997091 ], [ 73.8928368, 15.5994001 ], [ 73.8936169, 15.5990236 ], [ 73.8940781, 15.5987551 ], [ 73.8947139, 15.5986429 ], [ 73.8949725, 15.598796 ], [ 73.8955, 15.5987545 ], [ 73.8963491, 15.5981531 ], [ 73.8965583, 15.5976142 ], [ 73.896509, 15.5969267 ], [ 73.8964622, 15.5963703 ], [ 73.8963664, 15.5953929 ], [ 73.896069, 15.593911 ], [ 73.8954262, 15.5924643 ], [ 73.8947331, 15.5912383 ], [ 73.894346, 15.5903965 ], [ 73.89377, 15.5897054 ], [ 73.8928288, 15.5891171 ], [ 73.891816, 15.5888981 ], [ 73.891402, 15.5888511 ], [ 73.8907583, 15.5888728 ], [ 73.8903486, 15.5885637 ], [ 73.8898628, 15.5880547 ], [ 73.8893588, 15.5875183 ], [ 73.8889889, 15.5870518 ], [ 73.8885508, 15.5859155 ], [ 73.8884371, 15.5848927 ], [ 73.8885277, 15.5844875 ], [ 73.8887587, 15.5840438 ], [ 73.8889848, 15.5836226 ], [ 73.8889852, 15.5833109 ], [ 73.888941, 15.5826008 ], [ 73.8882081, 15.5815278 ], [ 73.8874904, 15.5812411 ], [ 73.8873994, 15.5799702 ], [ 73.8871945, 15.5793932 ], [ 73.8871451, 15.5781455 ], [ 73.8870962, 15.5768753 ], [ 73.8872581, 15.5763853 ], [ 73.8876243, 15.5759392 ], [ 73.8880598, 15.5755347 ], [ 73.8885884, 15.5751408 ], [ 73.8889332, 15.5745769 ], [ 73.8887021, 15.5738912 ], [ 73.8884729, 15.5733771 ], [ 73.8887502, 15.5729567 ], [ 73.8892971, 15.5725766 ], [ 73.8900339, 15.5725519 ], [ 73.8905857, 15.5727276 ], [ 73.8912311, 15.5725975 ], [ 73.89171, 15.5721035 ], [ 73.8916174, 15.5715056 ], [ 73.8926251, 15.5708796 ], [ 73.8928156, 15.5714834 ], [ 73.8938466, 15.5719963 ], [ 73.8943042, 15.5719492 ], [ 73.8947378, 15.5716577 ], [ 73.8959451, 15.572214 ], [ 73.8960353, 15.5729744 ], [ 73.8966572, 15.5734177 ], [ 73.8964079, 15.5738431 ], [ 73.896912, 15.5749306 ], [ 73.8974358, 15.5751103 ], [ 73.8978538, 15.5746378 ], [ 73.8986289, 15.574844 ], [ 73.8992744, 15.5744157 ], [ 73.8998527, 15.5746821 ], [ 73.9011098, 15.5744847 ], [ 73.9015976, 15.5740134 ], [ 73.9016899, 15.5735042 ], [ 73.9016201, 15.5729249 ], [ 73.9011545, 15.5723258 ], [ 73.9013894, 15.571078 ], [ 73.9014125, 15.5705227 ], [ 73.9017086, 15.5698043 ], [ 73.901864, 15.568849 ], [ 73.9023444, 15.5671305 ], [ 73.9026428, 15.5665523 ], [ 73.9031492, 15.5660858 ], [ 73.9041156, 15.5657076 ], [ 73.9045517, 15.5655404 ], [ 73.904988, 15.5653731 ], [ 73.9054244, 15.5649054 ], [ 73.9056279, 15.5644342 ], [ 73.9054666, 15.5640342 ], [ 73.905053, 15.5633907 ], [ 73.9047348, 15.5628979 ], [ 73.9046402, 15.5624131 ], [ 73.9042486, 15.5618468 ], [ 73.9037686, 15.5615638 ], [ 73.9033964, 15.5615266 ], [ 73.9029398, 15.5615105 ], [ 73.9023924, 15.5619177 ], [ 73.9018425, 15.5624875 ], [ 73.901381, 15.5630587 ], [ 73.9011229, 15.5634478 ], [ 73.900681, 15.5642451 ], [ 73.900096, 15.564959 ], [ 73.8990344, 15.565173 ], [ 73.8984479, 15.5651369 ], [ 73.8976723, 15.5646777 ], [ 73.8971757, 15.5639788 ], [ 73.896976, 15.5625165 ], [ 73.8971191, 15.5620352 ], [ 73.8980196, 15.5608428 ], [ 73.8983278, 15.5602376 ], [ 73.8983831, 15.5597055 ], [ 73.8983663, 15.5590274 ], [ 73.8979973, 15.5579375 ], [ 73.8974829, 15.5563393 ], [ 73.8970739, 15.555696 ], [ 73.8964495, 15.5554108 ], [ 73.8958124, 15.5553242 ], [ 73.8952758, 15.555361 ], [ 73.8946871, 15.5557361 ], [ 73.8937322, 15.5565525 ], [ 73.8928512, 15.5574063 ], [ 73.8923024, 15.5576192 ], [ 73.8912033, 15.5581399 ], [ 73.8913464, 15.558508 ], [ 73.8930199, 15.5607521 ], [ 73.8929896, 15.561461 ], [ 73.8927837, 15.5620857 ], [ 73.8919044, 15.5628357 ], [ 73.8908591, 15.5631945 ], [ 73.889645, 15.5633339 ], [ 73.8882096, 15.5636008 ], [ 73.88783, 15.5640152 ], [ 73.8875334, 15.5644805 ], [ 73.8868204, 15.5661681 ], [ 73.886325, 15.566811 ], [ 73.885791, 15.5672545 ], [ 73.8856822, 15.5682015 ], [ 73.8848184, 15.566878 ], [ 73.8838269, 15.5662347 ], [ 73.8819687, 15.5658625 ], [ 73.8801865, 15.5654012 ], [ 73.8787205, 15.5644206 ], [ 73.8786983, 15.5644124 ], [ 73.876622, 15.5636426 ], [ 73.8753572, 15.5634603 ], [ 73.8737774, 15.5634448 ], [ 73.8732058, 15.563341 ], [ 73.8709292, 15.5623433 ], [ 73.8699392, 15.5616141 ], [ 73.8691826, 15.5605813 ], [ 73.8688662, 15.5594243 ], [ 73.8687805, 15.5584064 ], [ 73.8691278, 15.557698 ], [ 73.8700776, 15.5555081 ], [ 73.8706175, 15.5537142 ], [ 73.8708125, 15.5530663 ], [ 73.8708684, 15.5513775 ], [ 73.8707369, 15.5508741 ], [ 73.8699643, 15.5491316 ], [ 73.8695223, 15.5482348 ], [ 73.8692663, 15.5470969 ], [ 73.8690235, 15.5448703 ], [ 73.869005, 15.5428957 ], [ 73.8694467, 15.5409871 ], [ 73.8702355, 15.5397886 ], [ 73.8712812, 15.538558 ], [ 73.8732798, 15.5371886 ], [ 73.8745475, 15.5360517 ], [ 73.8755543, 15.5349108 ], [ 73.8762335, 15.5338597 ], [ 73.8764142, 15.5327918 ], [ 73.8763432, 15.5314489 ], [ 73.8760692, 15.5308258 ], [ 73.875644, 15.529771 ], [ 73.8747083, 15.5288665 ], [ 73.8726847, 15.5275339 ], [ 73.8697246, 15.5267514 ], [ 73.8679462, 15.5263623 ], [ 73.8668641, 15.5258621 ], [ 73.8658338, 15.5253264 ], [ 73.8637022, 15.5240418 ], [ 73.862676, 15.5235424 ], [ 73.8621059, 15.5233618 ], [ 73.8600827, 15.5231359 ], [ 73.8576462, 15.5228133 ], [ 73.854538, 15.5222631 ], [ 73.85336, 15.5219239 ], [ 73.8521663, 15.5214129 ], [ 73.8510853, 15.5205736 ], [ 73.8502934, 15.5197164 ], [ 73.8478902, 15.5160149 ], [ 73.8453141, 15.511511 ], [ 73.8449479, 15.5102809 ], [ 73.8449827, 15.5090346 ], [ 73.8456616, 15.507446 ], [ 73.8461958, 15.5064289 ], [ 73.8464284, 15.5056103 ], [ 73.8464307, 15.5051993 ], [ 73.8463024, 15.5045105 ], [ 73.8455677, 15.5035819 ], [ 73.8446093, 15.5026588 ], [ 73.843073, 15.5017492 ], [ 73.8414162, 15.5013573 ], [ 73.8384939, 15.5008595 ], [ 73.8368464, 15.5004676 ], [ 73.8363472, 15.500505 ], [ 73.8358326, 15.5006279 ], [ 73.8341084, 15.5012015 ], [ 73.8335779, 15.5011661 ], [ 73.8318507, 15.5019113 ], [ 73.8306572, 15.5022358 ], [ 73.8289291, 15.5022074 ], [ 73.8282024, 15.5021971 ], [ 73.8264905, 15.5020345 ], [ 73.8245588, 15.5021982 ], [ 73.8227451, 15.5028246 ], [ 73.8215697, 15.5034474 ], [ 73.820195, 15.5045686 ], [ 73.8195323, 15.504906 ], [ 73.8189279, 15.5048332 ], [ 73.8183974, 15.5045131 ], [ 73.8176794, 15.5037156 ], [ 73.8170006, 15.5025212 ], [ 73.8168154, 15.5013482 ], [ 73.8170484, 15.4996854 ], [ 73.815585, 15.4967484 ], [ 73.8131508, 15.4926016 ], [ 73.8073366, 15.4891494 ], [ 73.8004625, 15.4857739 ], [ 73.7958414, 15.4829469 ], [ 73.7879326, 15.478154 ], [ 73.7815265, 15.4756256 ], [ 73.775931, 15.4884991 ], [ 73.7756886, 15.4890568 ], [ 73.7755274, 15.4891165 ], [ 73.7751665, 15.489196 ], [ 73.7747682, 15.4891971 ], [ 73.7744508, 15.489162 ], [ 73.7742311, 15.4903119 ], [ 73.7737227, 15.4904386 ], [ 73.7730194, 15.4904307 ], [ 73.7728631, 15.490336 ], [ 73.7723591, 15.4903211 ], [ 73.771067, 15.4904633 ], [ 73.7697605, 15.4906437 ], [ 73.7695958, 15.4899692 ], [ 73.7695089, 15.4906234 ], [ 73.7693589, 15.4911727 ], [ 73.7690899, 15.4921305 ], [ 73.7688793, 15.4924977 ], [ 73.7686054, 15.4928462 ], [ 73.7683627, 15.4929678 ], [ 73.7680138, 15.4930863 ], [ 73.7678141, 15.4931061 ], [ 73.7674427, 15.4930952 ], [ 73.7669826, 15.4929528 ], [ 73.7666836, 15.4927509 ], [ 73.7665887, 15.4928124 ], [ 73.7665706, 15.4929664 ], [ 73.7665095, 15.4932222 ], [ 73.7664753, 15.4934658 ], [ 73.7664419, 15.4936837 ], [ 73.7662896, 15.4938853 ], [ 73.7662292, 15.4941153 ], [ 73.766222, 15.4943468 ], [ 73.7661492, 15.4945507 ], [ 73.7660121, 15.4946883 ], [ 73.7658324, 15.4949148 ], [ 73.7657185, 15.4951642 ], [ 73.7655757, 15.4954819 ], [ 73.7655769, 15.4958683 ], [ 73.7656745, 15.4961416 ], [ 73.765881, 15.496328 ], [ 73.7660631, 15.4964492 ], [ 73.7663975, 15.496369 ], [ 73.7667427, 15.4963663 ], [ 73.7671824, 15.4963149 ], [ 73.7673235, 15.4964736 ], [ 73.7675195, 15.4969944 ], [ 73.7678124, 15.4978143 ], [ 73.7679228, 15.4985258 ], [ 73.7679167, 15.4991437 ], [ 73.7677447, 15.4996644 ], [ 73.7674785, 15.5002429 ], [ 73.7671386, 15.5010461 ], [ 73.7670839, 15.501244 ], [ 73.766393, 15.5034962 ], [ 73.7659348, 15.5052191 ], [ 73.7657232, 15.5058707 ], [ 73.7654683, 15.5068786 ], [ 73.7654204, 15.5072257 ], [ 73.7648514, 15.5091546 ], [ 73.7634831, 15.5142149 ], [ 73.7632588, 15.5150696 ], [ 73.7629881, 15.5159101 ], [ 73.7624927, 15.5178899 ], [ 73.7623696, 15.5185475 ], [ 73.760569, 15.5254351 ], [ 73.7598912, 15.5276125 ], [ 73.7595825, 15.5286042 ], [ 73.7591705, 15.5303413 ], [ 73.7584505, 15.5323672 ], [ 73.7581807, 15.5336957 ], [ 73.7580478, 15.5343757 ], [ 73.757825, 15.5348735 ], [ 73.7577427, 15.535315 ], [ 73.7573112, 15.5365594 ], [ 73.7570412, 15.5376257 ], [ 73.7569324, 15.538261 ], [ 73.7563066, 15.5402343 ], [ 73.75606, 15.541563 ], [ 73.7559967, 15.5427999 ], [ 73.7559097, 15.5435257 ], [ 73.7554497, 15.545068 ], [ 73.7546609, 15.547034 ], [ 73.7542146, 15.5483144 ], [ 73.7537728, 15.5493418 ], [ 73.753135, 15.5503797 ], [ 73.7528071, 15.5510203 ], [ 73.7526204, 15.551573 ], [ 73.7522756, 15.5534604 ], [ 73.7521169, 15.5540136 ], [ 73.7519038, 15.5544845 ], [ 73.7515873, 15.5558076 ], [ 73.7514595, 15.556194 ], [ 73.7509819, 15.5571306 ], [ 73.7502952, 15.5588453 ], [ 73.7497015, 15.5597573 ], [ 73.7495687, 15.5598907 ], [ 73.749226, 15.5605719 ], [ 73.749213, 15.5607795 ], [ 73.7493927, 15.5611708 ], [ 73.7498802, 15.5620342 ], [ 73.7499009, 15.562602 ], [ 73.7486391, 15.561624 ], [ 73.74875, 15.5614135 ], [ 73.7484705, 15.5611334 ], [ 73.7484571, 15.5611329 ], [ 73.7483029, 15.5611261 ], [ 73.7481607, 15.5609928 ], [ 73.7481054, 15.5609558 ], [ 73.7480003, 15.5608321 ], [ 73.7478395, 15.5606985 ], [ 73.7477158, 15.5605745 ], [ 73.7475647, 15.5604184 ], [ 73.7474276, 15.5602581 ], [ 73.7471735, 15.5601275 ], [ 73.7469576, 15.5599433 ], [ 73.7468801, 15.559847 ], [ 73.7466333, 15.559834 ], [ 73.7464714, 15.5597591 ], [ 73.7462853, 15.5597425 ], [ 73.746228, 15.5598229 ], [ 73.7461067, 15.5598345 ], [ 73.7459437, 15.5598228 ], [ 73.7458002, 15.5597618 ], [ 73.7455629, 15.5597398 ], [ 73.7453241, 15.5598082 ], [ 73.7451268, 15.5598908 ], [ 73.744999, 15.5600063 ], [ 73.744843, 15.5601302 ], [ 73.744794, 15.560274 ], [ 73.7447138, 15.5603224 ], [ 73.7446096, 15.5604201 ], [ 73.7445247, 15.5604775 ], [ 73.7443875, 15.5605972 ], [ 73.7443069, 15.5606818 ], [ 73.7442358, 15.5607484 ], [ 73.7441366, 15.560819 ], [ 73.7439496, 15.5608567 ], [ 73.7437927, 15.5610303 ], [ 73.7433794, 15.5612133 ], [ 73.7432394, 15.5612246 ], [ 73.7430777, 15.5614163 ], [ 73.7430526, 15.5615108 ], [ 73.7430191, 15.5615644 ], [ 73.7429899, 15.5616362 ], [ 73.7429659, 15.5616765 ], [ 73.7428284, 15.5618142 ], [ 73.7427854, 15.5618723 ], [ 73.7427128, 15.5620293 ], [ 73.7425982, 15.5621855 ], [ 73.7424484, 15.5622193 ], [ 73.7423743, 15.5622 ], [ 73.74217, 15.562156 ], [ 73.7420146, 15.5622438 ], [ 73.7418527, 15.5624444 ], [ 73.7417129, 15.5627088 ], [ 73.741649, 15.5628975 ], [ 73.7414961, 15.5631164 ], [ 73.741503, 15.5632565 ], [ 73.7414913, 15.5634009 ], [ 73.7413673, 15.5635571 ], [ 73.7412909, 15.5636597 ], [ 73.7412884, 15.5638042 ], [ 73.7413191, 15.5639132 ], [ 73.7412848, 15.564012 ], [ 73.7412227, 15.5641014 ], [ 73.7412204, 15.5642324 ], [ 73.7412255, 15.5644809 ], [ 73.7412403, 15.564698 ], [ 73.7412011, 15.5648104 ], [ 73.7411932, 15.5649954 ], [ 73.7412376, 15.5651272 ], [ 73.7412822, 15.5652409 ], [ 73.741275, 15.5656563 ], [ 73.7412867, 15.5657921 ], [ 73.7412839, 15.5659501 ], [ 73.741226, 15.5660667 ], [ 73.7411726, 15.5661878 ], [ 73.7411091, 15.566354 ], [ 73.741109, 15.5666296 ], [ 73.7411017, 15.5667876 ], [ 73.7411522, 15.566829 ], [ 73.7410611, 15.5672477 ], [ 73.7409896, 15.5673369 ], [ 73.7408468, 15.5672352 ], [ 73.7407205, 15.5672693 ], [ 73.7406442, 15.567363 ], [ 73.7406287, 15.5674531 ], [ 73.7408994, 15.5676969 ], [ 73.7410959, 15.567926 ], [ 73.7412366, 15.5681451 ], [ 73.741277, 15.5685073 ], [ 73.7411802, 15.56898 ], [ 73.7411285, 15.5692729 ], [ 73.7409937, 15.5697948 ], [ 73.7407978, 15.5706093 ], [ 73.7406313, 15.5710674 ], [ 73.7401828, 15.5722077 ], [ 73.7397125, 15.5729862 ], [ 73.7394021, 15.5734148 ], [ 73.7391093, 15.5739025 ], [ 73.7388869, 15.5743597 ], [ 73.7387803, 15.574864 ], [ 73.7388494, 15.5751813 ], [ 73.7387867, 15.57584 ], [ 73.738557, 15.5769884 ], [ 73.7383712, 15.5777624 ], [ 73.7380179, 15.5787823 ], [ 73.7376098, 15.5794624 ], [ 73.737167, 15.5800018 ], [ 73.7371677, 15.5802323 ], [ 73.7369041, 15.5811812 ], [ 73.7367718, 15.5815632 ], [ 73.7367413, 15.5819737 ], [ 73.7365543, 15.5828065 ], [ 73.7364158, 15.5832696 ], [ 73.7361048, 15.584001 ], [ 73.7359637, 15.5843375 ], [ 73.7357905, 15.5849221 ], [ 73.7357063, 15.5852009 ], [ 73.735633, 15.5854029 ], [ 73.735492, 15.585735 ], [ 73.7354158, 15.5858286 ], [ 73.7353129, 15.586116 ], [ 73.7352324, 15.5864581 ], [ 73.7350373, 15.5866854 ], [ 73.7349187, 15.5868099 ], [ 73.7348044, 15.5869436 ], [ 73.734717, 15.5871455 ], [ 73.7346677, 15.5870363 ], [ 73.7343971, 15.5870499 ], [ 73.7342107, 15.5870469 ], [ 73.7340611, 15.5870716 ], [ 73.7339483, 15.5871195 ], [ 73.7339146, 15.5871821 ], [ 73.7337661, 15.587139 ], [ 73.7335592, 15.5872441 ], [ 73.7334189, 15.5872735 ], [ 73.733367, 15.5873133 ], [ 73.7331948, 15.5872969 ], [ 73.7330172, 15.5873166 ], [ 73.7329318, 15.5874056 ], [ 73.7329109, 15.5875408 ], [ 73.7328022, 15.5876203 ], [ 73.7328001, 15.5877422 ], [ 73.7327282, 15.5878541 ], [ 73.7326132, 15.5880374 ], [ 73.7325827, 15.5881769 ], [ 73.7324872, 15.5883064 ], [ 73.7324397, 15.5883599 ], [ 73.7324065, 15.588391 ], [ 73.732388, 15.5883862 ], [ 73.7322647, 15.5885061 ], [ 73.7322166, 15.5885912 ], [ 73.7321998, 15.5887581 ], [ 73.7321917, 15.5889522 ], [ 73.73224, 15.5891202 ], [ 73.7322756, 15.5892246 ], [ 73.7323687, 15.5892307 ], [ 73.7321942, 15.5893453 ], [ 73.7321276, 15.5894256 ], [ 73.7321119, 15.5895156 ], [ 73.7321196, 15.5896107 ], [ 73.7321879, 15.5897112 ], [ 73.7321774, 15.5897742 ], [ 73.7321797, 15.5899098 ], [ 73.7322199, 15.5900099 ], [ 73.7322845, 15.5900516 ], [ 73.7322926, 15.590124 ], [ 73.7323195, 15.5901832 ], [ 73.7324124, 15.5902028 ], [ 73.7325982, 15.5902465 ], [ 73.7324769, 15.5902445 ], [ 73.7323963, 15.59032 ], [ 73.7324271, 15.590429 ], [ 73.7325864, 15.5906529 ], [ 73.7327136, 15.5908447 ], [ 73.7328779, 15.5910463 ], [ 73.7330054, 15.5912244 ], [ 73.7331838, 15.5914172 ], [ 73.7334244, 15.591525 ], [ 73.7335807, 15.591654 ], [ 73.7336781, 15.5916828 ], [ 73.7337812, 15.5916482 ], [ 73.733773, 15.5918514 ], [ 73.7338781, 15.5919707 ], [ 73.7340622, 15.5921091 ], [ 73.7343171, 15.5920591 ], [ 73.7342334, 15.5921842 ], [ 73.7342601, 15.5922524 ], [ 73.7343155, 15.5922849 ], [ 73.7343421, 15.5923668 ], [ 73.7343362, 15.592439 ], [ 73.7343397, 15.5925023 ], [ 73.7343768, 15.5925165 ], [ 73.7343715, 15.5925525 ], [ 73.7342407, 15.5925684 ], [ 73.7341971, 15.5926671 ], [ 73.7342694, 15.5927902 ], [ 73.7343194, 15.5928679 ], [ 73.7343139, 15.5929175 ], [ 73.7342942, 15.5929804 ], [ 73.7342693, 15.5930703 ], [ 73.7341464, 15.5931723 ], [ 73.7340701, 15.5932614 ], [ 73.7340491, 15.5934056 ], [ 73.7341454, 15.593493 ], [ 73.7341859, 15.593575 ], [ 73.7341577, 15.5935926 ], [ 73.7340925, 15.5935871 ], [ 73.7340631, 15.593668 ], [ 73.7340564, 15.5937808 ], [ 73.7339943, 15.5938701 ], [ 73.7339973, 15.5939695 ], [ 73.7339256, 15.5940723 ], [ 73.7338729, 15.5941573 ], [ 73.7338436, 15.5942292 ], [ 73.7337813, 15.5943275 ], [ 73.7337232, 15.594453 ], [ 73.733651, 15.5945829 ], [ 73.73356, 15.5947215 ], [ 73.733475, 15.5947833 ], [ 73.733393, 15.5949402 ], [ 73.7333303, 15.5950656 ], [ 73.733279, 15.5950648 ], [ 73.7331562, 15.5951577 ], [ 73.7330879, 15.5953328 ], [ 73.7330763, 15.5954635 ], [ 73.7330131, 15.5956072 ], [ 73.7329238, 15.5956508 ], [ 73.732812, 15.595649 ], [ 73.7326908, 15.5956471 ], [ 73.7325835, 15.5956498 ], [ 73.7325222, 15.5956895 ], [ 73.7324502, 15.5958148 ], [ 73.732448, 15.5959367 ], [ 73.7324706, 15.5959778 ], [ 73.7325448, 15.5960016 ], [ 73.7326619, 15.5959719 ], [ 73.7328064, 15.5959697 ], [ 73.7329312, 15.596035 ], [ 73.7330225, 15.5961449 ], [ 73.7330765, 15.5962587 ], [ 73.7331072, 15.5963677 ], [ 73.7331346, 15.5963997 ], [ 73.7331564, 15.596486 ], [ 73.7331694, 15.5965404 ], [ 73.733166, 15.5967436 ], [ 73.7331307, 15.5968966 ], [ 73.7331186, 15.5970591 ], [ 73.7329748, 15.5972826 ], [ 73.7326961, 15.5974949 ], [ 73.732405, 15.5976122 ], [ 73.7322041, 15.597636 ], [ 73.7320959, 15.597693 ], [ 73.7319453, 15.5977719 ], [ 73.7319394, 15.597844 ], [ 73.7319275, 15.597993 ], [ 73.7319722, 15.5981022 ], [ 73.7321132, 15.5983032 ], [ 73.7322908, 15.5985456 ], [ 73.7324818, 15.5988244 ], [ 73.7327929, 15.5991638 ], [ 73.7331275, 15.5994945 ], [ 73.7335409, 15.5998492 ], [ 73.7339581, 15.6002536 ], [ 73.7341133, 15.6004503 ], [ 73.7341476, 15.600618 ], [ 73.7341544, 15.6010293 ], [ 73.7341, 15.6014757 ], [ 73.7339704, 15.6019616 ], [ 73.7338351, 15.6022394 ], [ 73.7336423, 15.6026068 ], [ 73.7335113, 15.6029029 ], [ 73.7333062, 15.6034371 ], [ 73.7331905, 15.6036522 ], [ 73.7331165, 15.6038858 ], [ 73.7330118, 15.6040107 ], [ 73.7328742, 15.6041486 ], [ 73.732819, 15.604369 ], [ 73.7328408, 15.6044641 ], [ 73.7328765, 15.6045552 ], [ 73.7327935, 15.6047706 ], [ 73.7326409, 15.6049625 ], [ 73.7324795, 15.6051315 ], [ 73.7323601, 15.6053013 ], [ 73.7322831, 15.6054355 ], [ 73.7321283, 15.6054917 ], [ 73.7319079, 15.605565 ], [ 73.7318312, 15.6056856 ], [ 73.7318199, 15.6057985 ], [ 73.7317058, 15.6059231 ], [ 73.7316525, 15.6060397 ], [ 73.7316548, 15.6061799 ], [ 73.7317361, 15.6063257 ], [ 73.7319212, 15.6066766 ], [ 73.7320704, 15.6069457 ], [ 73.7324595, 15.6073586 ], [ 73.7326119, 15.6074379 ], [ 73.732881, 15.6075146 ], [ 73.7332728, 15.6075074 ], [ 73.7339451, 15.6074506 ], [ 73.7345097, 15.6074282 ], [ 73.7349947, 15.6074135 ], [ 73.7353613, 15.6075144 ], [ 73.7360139, 15.6077915 ], [ 73.7364967, 15.6079078 ], [ 73.7368037, 15.6079489 ], [ 73.7376254, 15.6078765 ], [ 73.7385311, 15.6078099 ], [ 73.7387549, 15.607809 ], [ 73.7388811, 15.607793 ], [ 73.7388219, 15.6077107 ], [ 73.7388141, 15.6076202 ], [ 73.7388394, 15.6075032 ], [ 73.7389113, 15.607396 ], [ 73.739039, 15.6072895 ], [ 73.7391766, 15.6071473 ], [ 73.7391788, 15.6070208 ], [ 73.7391678, 15.6068489 ], [ 73.739231, 15.6067008 ], [ 73.7393574, 15.6066713 ], [ 73.7394724, 15.606759 ], [ 73.7394749, 15.60689 ], [ 73.7395588, 15.6068914 ], [ 73.739615, 15.6066077 ], [ 73.7398123, 15.606516 ], [ 73.7400474, 15.6064024 ], [ 73.74018, 15.6062825 ], [ 73.7403263, 15.606181 ], [ 73.7404582, 15.6061019 ], [ 73.7405574, 15.606022 ], [ 73.7409049, 15.6058877 ], [ 73.7412188, 15.6057934 ], [ 73.7412375, 15.6052516 ], [ 73.7417244, 15.6051375 ], [ 73.7424164, 15.6050132 ], [ 73.7433106, 15.6050729 ], [ 73.7442747, 15.6053958 ], [ 73.7446697, 15.6056905 ], [ 73.7425985, 15.6069989 ], [ 73.7412893, 15.6095288 ], [ 73.740224, 15.6120154 ], [ 73.7404403, 15.6136249 ], [ 73.7409843, 15.6174597 ], [ 73.7419247, 15.6194586 ], [ 73.7438351, 15.621709 ], [ 73.7459052, 15.623159 ], [ 73.7482387, 15.6244904 ], [ 73.749764, 15.6260738 ], [ 73.7497994, 15.6261119 ], [ 73.7530509, 15.6296016 ], [ 73.7542994, 15.6310179 ], [ 73.7549165, 15.631558 ], [ 73.7552411, 15.631842 ], [ 73.7557574, 15.6321847 ], [ 73.7569063, 15.6326234 ], [ 73.7572194, 15.6326351 ], [ 73.7575446, 15.6326473 ], [ 73.7594341, 15.6323164 ], [ 73.7598846, 15.6322295 ], [ 73.760061, 15.6321955 ], [ 73.7608195, 15.63228 ], [ 73.7613919, 15.6323525 ], [ 73.7620656, 15.6324945 ], [ 73.7624318, 15.6327728 ], [ 73.7635476, 15.6336208 ], [ 73.7648555, 15.6350438 ], [ 73.7652, 15.6354186 ], [ 73.7657384, 15.6358384 ], [ 73.7667719, 15.6364741 ], [ 73.7680945, 15.6371143 ], [ 73.7697848, 15.6377922 ], [ 73.7708625, 15.638302 ], [ 73.7725052, 15.6393135 ], [ 73.7732492, 15.6402561 ], [ 73.7744363, 15.6420904 ], [ 73.7745848, 15.6423199 ], [ 73.7753547, 15.6444382 ], [ 73.7756536, 15.6452603 ], [ 73.7767092, 15.6476086 ], [ 73.7770254, 15.6483123 ], [ 73.7772348, 15.6487782 ], [ 73.7773563, 15.6489871 ], [ 73.7775293, 15.6492846 ], [ 73.7778618, 15.6497507 ], [ 73.7783616, 15.6502467 ], [ 73.778812, 15.650629 ], [ 73.779071, 15.6507465 ], [ 73.7793904, 15.6508913 ], [ 73.7799648, 15.6511174 ], [ 73.7812599, 15.6514726 ], [ 73.7825653, 15.6517646 ], [ 73.7838371, 15.6518392 ], [ 73.7850757, 15.6519448 ], [ 73.7863598, 15.6518524 ], [ 73.787646, 15.6516245 ], [ 73.787824, 15.6515834 ], [ 73.7895468, 15.6511851 ], [ 73.79191, 15.650152 ], [ 73.7930017, 15.6495731 ], [ 73.7950373, 15.6480648 ], [ 73.7955883, 15.6477438 ], [ 73.7961968, 15.6476135 ], [ 73.7964344, 15.6476194 ], [ 73.7967002, 15.6476261 ], [ 73.7972264, 15.6476958 ], [ 73.797398, 15.6477185 ], [ 73.7979595, 15.6478856 ], [ 73.7985842, 15.6481711 ], [ 73.8022022, 15.6495797 ], [ 73.8045525, 15.6506834 ], [ 73.8068929, 15.6515385 ], [ 73.8087051, 15.6521999 ], [ 73.8105416, 15.6525227 ], [ 73.8131944, 15.6528405 ], [ 73.8143177, 15.6531515 ], [ 73.815116, 15.6533725 ], [ 73.815689, 15.6534087 ], [ 73.8169667, 15.6531352 ], [ 73.8172286, 15.653083 ], [ 73.8188758, 15.6527544 ], [ 73.8200558, 15.6524612 ], [ 73.8228561, 15.6506666 ], [ 73.8236583, 15.6502736 ], [ 73.8240175, 15.6500977 ], [ 73.8246043, 15.6501431 ], [ 73.8279861, 15.6500926 ], [ 73.8294104, 15.650246 ], [ 73.8325581, 15.6508063 ], [ 73.8330153, 15.6507674 ], [ 73.8332305, 15.6507491 ], [ 73.8338638, 15.6501177 ], [ 73.8350328, 15.6489521 ], [ 73.8380929, 15.6461087 ], [ 73.8389769, 15.6459418 ], [ 73.8396152, 15.645979 ], [ 73.8402134, 15.6461781 ], [ 73.8410606, 15.6469218 ], [ 73.8411831, 15.6470293 ], [ 73.8415989, 15.6475419 ], [ 73.8418059, 15.6483118 ], [ 73.8419149, 15.648717 ], [ 73.8419184, 15.6493451 ], [ 73.8418303, 15.6497712 ], [ 73.8417815, 15.6500071 ], [ 73.8417446, 15.6502341 ], [ 73.8416826, 15.6506155 ], [ 73.8411145, 15.6536177 ], [ 73.8410995, 15.6536968 ], [ 73.8407447, 15.6573375 ], [ 73.8405506, 15.6611298 ], [ 73.8405863, 15.6623366 ], [ 73.8408983, 15.6634756 ], [ 73.8417881, 15.6643752 ], [ 73.8422092, 15.664654 ], [ 73.8433195, 15.6653887 ], [ 73.8444362, 15.665821 ], [ 73.8451081, 15.6660811 ], [ 73.847573, 15.6667658 ], [ 73.8493747, 15.6675124 ], [ 73.8499957, 15.6677527 ], [ 73.8502206, 15.6678858 ], [ 73.8505129, 15.6680589 ], [ 73.8509762, 15.6685225 ], [ 73.851117, 15.6686832 ], [ 73.8521891, 15.669906 ], [ 73.8524141, 15.6703277 ], [ 73.8525101, 15.6705074 ], [ 73.8550189, 15.6741613 ], [ 73.8553941, 15.6745965 ], [ 73.8556699, 15.6748723 ], [ 73.85583, 15.6750324 ], [ 73.8560103, 15.6751376 ], [ 73.8563795, 15.6753529 ], [ 73.8569482, 15.6756599 ], [ 73.8580598, 15.6761246 ], [ 73.8592974, 15.6765867 ], [ 73.8605249, 15.6770984 ], [ 73.8610235, 15.6773953 ], [ 73.8632224, 15.6789523 ], [ 73.8632022, 15.6792652 ], [ 73.8647282, 15.6798433 ], [ 73.8647567, 15.679845 ], [ 73.8653385, 15.67988 ], [ 73.8673143, 15.6794182 ], [ 73.869151, 15.6789182 ], [ 73.8692872, 15.6788928 ], [ 73.8710738, 15.6785595 ], [ 73.8715288, 15.6785413 ], [ 73.8722966, 15.6785107 ], [ 73.8742656, 15.6787492 ], [ 73.8747992, 15.6788847 ], [ 73.8780183, 15.6797021 ], [ 73.8823644, 15.6811611 ], [ 73.8841827, 15.6820523 ], [ 73.8846835, 15.6825118 ], [ 73.8851375, 15.6829843 ], [ 73.8859367, 15.6823189 ], [ 73.8862323, 15.682206 ], [ 73.8864998, 15.6821107 ], [ 73.88702, 15.6819561 ] ] ] } },
{ "type": "Feature", "properties": { "taluka": "Bicholim", "subdt_lgd": 5612, "district_in_lgd_file": "North Goa", "district_2026": "North Goa" }, "geometry": { "type": "Polygon", "coordinates": [ [ [ 73.913602, 15.6887316 ], [ 73.9147604, 15.6883427 ], [ 73.9155672, 15.6883464 ], [ 73.9160243, 15.6883485 ], [ 73.9166524, 15.688444 ], [ 73.9178296, 15.6889093 ], [ 73.9207709, 15.6921668 ], [ 73.9217854, 15.6928871 ], [ 73.9233813, 15.6937022 ], [ 73.9246542, 15.6943091 ], [ 73.9251007, 15.6946683 ], [ 73.9255244, 15.6950091 ], [ 73.9267557, 15.6967358 ], [ 73.9293744, 15.6983391 ], [ 73.9343001, 15.7003525 ], [ 73.9365568, 15.7004139 ], [ 73.9377785, 15.700437 ], [ 73.9391314, 15.7001412 ], [ 73.9402814, 15.6996978 ], [ 73.9434655, 15.6975005 ], [ 73.9437585, 15.6974888 ], [ 73.9437863, 15.6972738 ], [ 73.9436952, 15.6969365 ], [ 73.9443841, 15.6965583 ], [ 73.9446564, 15.6962696 ], [ 73.9453189, 15.6969846 ], [ 73.9460682, 15.6977933 ], [ 73.9465082, 15.6978108 ], [ 73.9477161, 15.6975872 ], [ 73.9489334, 15.6972762 ], [ 73.9493784, 15.6971955 ], [ 73.9498641, 15.6973283 ], [ 73.9503275, 15.6972245 ], [ 73.9504386, 15.6970669 ], [ 73.9508575, 15.6964729 ], [ 73.9515227, 15.69645 ], [ 73.9515717, 15.6965222 ], [ 73.9520379, 15.697209 ], [ 73.9518637, 15.6978282 ], [ 73.9521413, 15.698229 ], [ 73.9523187, 15.6988013 ], [ 73.9524383, 15.6992694 ], [ 73.9529405, 15.6995269 ], [ 73.9539157, 15.6993662 ], [ 73.9541107, 15.699471 ], [ 73.9547237, 15.699753 ], [ 73.9548827, 15.6998915 ], [ 73.9550399, 15.6998383 ], [ 73.9553519, 15.6993249 ], [ 73.9561541, 15.6995298 ], [ 73.9562714, 15.7000402 ], [ 73.9562433, 15.7002594 ], [ 73.9571179, 15.7005004 ], [ 73.9574684, 15.7003111 ], [ 73.957535, 15.6998986 ], [ 73.9575948, 15.699393 ], [ 73.9576539, 15.6990196 ], [ 73.9582658, 15.6990267 ], [ 73.9588132, 15.6996236 ], [ 73.9589801, 15.6998281 ], [ 73.9592255, 15.7000571 ], [ 73.9595264, 15.6999849 ], [ 73.9598177, 15.6990978 ], [ 73.9591923, 15.6982376 ], [ 73.9590915, 15.6980891 ], [ 73.959469, 15.697803 ], [ 73.9599539, 15.6974356 ], [ 73.9603541, 15.6970984 ], [ 73.9604679, 15.6970025 ], [ 73.9606383, 15.6966333 ], [ 73.9610674, 15.6958414 ], [ 73.9611795, 15.695661 ], [ 73.9611163, 15.6950976 ], [ 73.961541, 15.6949582 ], [ 73.9620565, 15.6947164 ], [ 73.9623559, 15.6942615 ], [ 73.9626773, 15.6938758 ], [ 73.9626847, 15.693867 ], [ 73.9627467, 15.6937747 ], [ 73.9626864, 15.6936366 ], [ 73.9627081, 15.6932187 ], [ 73.9628269, 15.6931401 ], [ 73.9629475, 15.6930981 ], [ 73.9630034, 15.6930719 ], [ 73.9630227, 15.6930681 ], [ 73.9631542, 15.6930421 ], [ 73.9633271, 15.6929498 ], [ 73.9633354, 15.6929454 ], [ 73.9634657, 15.69286 ], [ 73.963548, 15.6928529 ], [ 73.9636099, 15.6927936 ], [ 73.9636503, 15.6926672 ], [ 73.963719, 15.6924519 ], [ 73.9637605, 15.6923218 ], [ 73.9638023, 15.691918 ], [ 73.9638319, 15.6915801 ], [ 73.9638342, 15.6915547 ], [ 73.9638751, 15.6910929 ], [ 73.9638864, 15.6909753 ], [ 73.963935, 15.6904696 ], [ 73.9640518, 15.6894657 ], [ 73.9641304, 15.6887475 ], [ 73.964159, 15.6884853 ], [ 73.9641468, 15.6883316 ], [ 73.9641233, 15.6881681 ], [ 73.9640783, 15.6876024 ], [ 73.9640345, 15.686668 ], [ 73.9639953, 15.68593 ], [ 73.9639738, 15.685885 ], [ 73.9639176, 15.6851791 ], [ 73.9638551, 15.6842181 ], [ 73.9638409, 15.6840837 ], [ 73.9637913, 15.6836148 ], [ 73.9637749, 15.6834477 ], [ 73.9637256, 15.6826534 ], [ 73.9636966, 15.6822744 ], [ 73.9637138, 15.6820938 ], [ 73.9636928, 15.6817355 ], [ 73.9636788, 15.6815745 ], [ 73.9636312, 15.6810215 ], [ 73.9636082, 15.6807583 ], [ 73.9635042, 15.6800928 ], [ 73.963472, 15.6798641 ], [ 73.9634407, 15.6796054 ], [ 73.9633801, 15.6794464 ], [ 73.9632614, 15.6794428 ], [ 73.9631748, 15.6790903 ], [ 73.9630824, 15.6787853 ], [ 73.9628158, 15.6779084 ], [ 73.9625779, 15.6771008 ], [ 73.9629752, 15.6763204 ], [ 73.9633312, 15.6756647 ], [ 73.9631608, 15.675276 ], [ 73.9629548, 15.6747428 ], [ 73.9629745, 15.6745265 ], [ 73.9627854, 15.6742535 ], [ 73.9627346, 15.6741308 ], [ 73.9626983, 15.6739824 ], [ 73.9626577, 15.6738853 ], [ 73.962641, 15.6738454 ], [ 73.9626594, 15.67361 ], [ 73.962677, 15.6735013 ], [ 73.9626911, 15.6732587 ], [ 73.9629333, 15.6725871 ], [ 73.962962, 15.6724806 ], [ 73.9633336, 15.6716839 ], [ 73.9636699, 15.671519 ], [ 73.964809, 15.6709607 ], [ 73.964833, 15.6709201 ], [ 73.9649912, 15.6706534 ], [ 73.965568, 15.6695746 ], [ 73.9655843, 15.6695633 ], [ 73.9655984, 15.6695536 ], [ 73.9656577, 15.6695125 ], [ 73.9656746, 15.6694881 ], [ 73.9657111, 15.6694251 ], [ 73.965668, 15.669302 ], [ 73.9655697, 15.6689584 ], [ 73.9656013, 15.6688827 ], [ 73.9657503, 15.6685233 ], [ 73.965916, 15.6681234 ], [ 73.9658897, 15.6678321 ], [ 73.9658583, 15.6677182 ], [ 73.9658544, 15.6668957 ], [ 73.9658874, 15.6665284 ], [ 73.9658939, 15.6664676 ], [ 73.9659247, 15.6661824 ], [ 73.9659185, 15.6660397 ], [ 73.9663768, 15.6652677 ], [ 73.9667565, 15.6649116 ], [ 73.9669959, 15.6646872 ], [ 73.966902, 15.6645105 ], [ 73.9667174, 15.6641628 ], [ 73.9668172, 15.6635145 ], [ 73.9670759, 15.6630805 ], [ 73.9673634, 15.6621061 ], [ 73.9673866, 15.6614402 ], [ 73.967594, 15.6610556 ], [ 73.9678089, 15.660688 ], [ 73.9678223, 15.6602507 ], [ 73.9676652, 15.659911 ], [ 73.9674996, 15.6595493 ], [ 73.9672397, 15.6589865 ], [ 73.9672773, 15.6587668 ], [ 73.9669146, 15.6583253 ], [ 73.966655, 15.6579729 ], [ 73.966231, 15.6573749 ], [ 73.9660781, 15.6571699 ], [ 73.965998, 15.6570938 ], [ 73.9650101, 15.6559693 ], [ 73.9649061, 15.6558498 ], [ 73.9635242, 15.6540663 ], [ 73.9631109, 15.6531614 ], [ 73.9629422, 15.6531432 ], [ 73.9628233, 15.6528389 ], [ 73.9626361, 15.6524768 ], [ 73.9625618, 15.652338 ], [ 73.9623509, 15.6518205 ], [ 73.9619089, 15.6508065 ], [ 73.961864, 15.6506492 ], [ 73.9617111, 15.6501486 ], [ 73.9616497, 15.6499476 ], [ 73.9614469, 15.6494441 ], [ 73.9614022, 15.6493429 ], [ 73.9614393, 15.6493434 ], [ 73.9613079, 15.6489691 ], [ 73.961119, 15.6484211 ], [ 73.9611001, 15.6482372 ], [ 73.961091, 15.6474646 ], [ 73.9610874, 15.6470394 ], [ 73.9610767, 15.646999 ], [ 73.9610896, 15.646439 ], [ 73.9610891, 15.6460441 ], [ 73.961083, 15.6455586 ], [ 73.9611325, 15.6452987 ], [ 73.9615239, 15.6430555 ], [ 73.9614973, 15.643041 ], [ 73.9615287, 15.6424863 ], [ 73.9617305, 15.6418023 ], [ 73.9617652, 15.6416846 ], [ 73.9619661, 15.6414389 ], [ 73.9624664, 15.6408269 ], [ 73.9627216, 15.6405543 ], [ 73.9632919, 15.6399304 ], [ 73.9640354, 15.639161 ], [ 73.9648157, 15.638271 ], [ 73.9656779, 15.6374039 ], [ 73.9661679, 15.6368555 ], [ 73.9667403, 15.6361149 ], [ 73.9667504, 15.6360833 ], [ 73.9669113, 15.6358455 ], [ 73.9672844, 15.6353807 ], [ 73.9673855, 15.6353111 ], [ 73.9674533, 15.6350238 ], [ 73.9674596, 15.6349938 ], [ 73.9675155, 15.6347245 ], [ 73.9675223, 15.6346721 ], [ 73.9675506, 15.6344551 ], [ 73.9676236, 15.6338944 ], [ 73.9676171, 15.6338816 ], [ 73.9670715, 15.632816 ], [ 73.9670885, 15.6327674 ], [ 73.9671925, 15.6324694 ], [ 73.9674259, 15.6318003 ], [ 73.9675855, 15.6313483 ], [ 73.9678578, 15.6305772 ], [ 73.9678962, 15.6305419 ], [ 73.9679926, 15.6304529 ], [ 73.9685256, 15.6299607 ], [ 73.9691249, 15.6294025 ], [ 73.9693071, 15.6292313 ], [ 73.9694447, 15.6291264 ], [ 73.9701435, 15.6287129 ], [ 73.9705728, 15.6278407 ], [ 73.9707836, 15.6274124 ], [ 73.9708326, 15.6274063 ], [ 73.9714219, 15.6262185 ], [ 73.9704225, 15.62544 ], [ 73.969451, 15.6246754 ], [ 73.9684952, 15.6242041 ], [ 73.9675401, 15.6234372 ], [ 73.9667046, 15.6227362 ], [ 73.9656401, 15.6218312 ], [ 73.9647334, 15.6211892 ], [ 73.9638677, 15.6205677 ], [ 73.9627424, 15.6198476 ], [ 73.9619364, 15.6193671 ], [ 73.9610959, 15.6189743 ], [ 73.9605762, 15.6186742 ], [ 73.9604037, 15.618506 ], [ 73.9599479, 15.6188263 ], [ 73.9594378, 15.6192189 ], [ 73.9588619, 15.6196024 ], [ 73.9586039, 15.6197266 ], [ 73.9580047, 15.6200138 ], [ 73.9572783, 15.6199948 ], [ 73.9570656, 15.6201333 ], [ 73.9565841, 15.6202862 ], [ 73.9563277, 15.6203143 ], [ 73.9555918, 15.6203753 ], [ 73.954832, 15.6203718 ], [ 73.9541377, 15.6204173 ], [ 73.9532188, 15.6205555 ], [ 73.9522774, 15.6205574 ], [ 73.9516258, 15.6206247 ], [ 73.9508953, 15.6203413 ], [ 73.9494944, 15.6196477 ], [ 73.9487814, 15.6193087 ], [ 73.9480364, 15.6189051 ], [ 73.9473641, 15.6186068 ], [ 73.9464875, 15.6181772 ], [ 73.945735, 15.6177255 ], [ 73.9452374, 15.6173417 ], [ 73.944692, 15.6168667 ], [ 73.9446249, 15.6164219 ], [ 73.9446855, 15.6158534 ], [ 73.94481, 15.6150477 ], [ 73.9449662, 15.6148302 ], [ 73.945376, 15.6142486 ], [ 73.9460456, 15.6135261 ], [ 73.9469941, 15.6128128 ], [ 73.9478099, 15.6123814 ], [ 73.9487134, 15.6119254 ], [ 73.9496456, 15.6111918 ], [ 73.9507531, 15.6103612 ], [ 73.9512724, 15.6098972 ], [ 73.95192, 15.6094073 ], [ 73.9524641, 15.6091916 ], [ 73.9534464, 15.6089385 ], [ 73.9551049, 15.6085824 ], [ 73.9561827, 15.6082908 ], [ 73.9571893, 15.6080648 ], [ 73.9583113, 15.6078459 ], [ 73.9594346, 15.607543 ], [ 73.9604693, 15.6073666 ], [ 73.9609221, 15.6072469 ], [ 73.9618375, 15.6070408 ], [ 73.9623462, 15.6068881 ], [ 73.9624844, 15.6068466 ], [ 73.963259, 15.6064144 ], [ 73.9643344, 15.605964 ], [ 73.9650676, 15.6055392 ], [ 73.9658271, 15.605023 ], [ 73.9667426, 15.6043203 ], [ 73.9673271, 15.6039053 ], [ 73.9681306, 15.6037255 ], [ 73.9690234, 15.603639 ], [ 73.9700282, 15.6035221 ], [ 73.9705506, 15.6029077 ], [ 73.9714553, 15.6019165 ], [ 73.9715961, 15.6013629 ], [ 73.9716659, 15.6003604 ], [ 73.9718587, 15.6000815 ], [ 73.9727482, 15.5989155 ], [ 73.9732073, 15.5983346 ], [ 73.9731209, 15.5978016 ], [ 73.9728834, 15.5968851 ], [ 73.9735375, 15.5959391 ], [ 73.9742638, 15.5959996 ], [ 73.9750716, 15.5965042 ], [ 73.9755817, 15.5966745 ], [ 73.9760849, 15.5969802 ], [ 73.9763404, 15.5973319 ], [ 73.9766347, 15.5981676 ], [ 73.9766993, 15.5985029 ], [ 73.9769009, 15.5987183 ], [ 73.9770821, 15.5987617 ], [ 73.9773957, 15.598676 ], [ 73.9775435, 15.598475 ], [ 73.9776013, 15.5980692 ], [ 73.9776617, 15.5977854 ], [ 73.9778533, 15.597463 ], [ 73.978094, 15.5972769 ], [ 73.9783936, 15.5972046 ], [ 73.9789437, 15.5972038 ], [ 73.979224, 15.5971673 ], [ 73.9797826, 15.5966335 ], [ 73.9800421, 15.5964386 ], [ 73.980271, 15.5964059 ], [ 73.9805994, 15.596569 ], [ 73.9808757, 15.5967809 ], [ 73.9809984, 15.5969815 ], [ 73.9811777, 15.5974315 ], [ 73.9814075, 15.5979319 ], [ 73.9815679, 15.5981015 ], [ 73.9817107, 15.5982165 ], [ 73.982025, 15.5983839 ], [ 73.9823294, 15.5982936 ], [ 73.9826446, 15.5981176 ], [ 73.9830019, 15.5979286 ], [ 73.9833151, 15.5978746 ], [ 73.9835909, 15.5978245 ], [ 73.983855, 15.5979279 ], [ 73.984204, 15.5973773 ], [ 73.9853491, 15.59514 ], [ 73.9855098, 15.5947087 ], [ 73.9863766, 15.5923858 ], [ 73.9870599, 15.5919217 ], [ 73.987458, 15.5918057 ], [ 73.9879866, 15.5913979 ], [ 73.9881078, 15.5908078 ], [ 73.988807, 15.5881708 ], [ 73.9890035, 15.5875367 ], [ 73.9890882, 15.5863181 ], [ 73.989549, 15.5851865 ], [ 73.9898097, 15.5834465 ], [ 73.9900389, 15.5825193 ], [ 73.990875, 15.5841717 ], [ 73.9923528, 15.5838684 ], [ 73.9955682, 15.5836317 ], [ 73.9961064, 15.5834997 ], [ 73.9973971, 15.5823532 ], [ 73.9977823, 15.5818755 ], [ 73.9979165, 15.5813444 ], [ 73.9975344, 15.5801641 ], [ 73.9973715, 15.5795518 ], [ 73.9971638, 15.5782521 ], [ 73.9971498, 15.5776555 ], [ 73.99734, 15.5756569 ], [ 73.9982067, 15.5721413 ], [ 73.9997676, 15.5707099 ], [ 74.0003974, 15.5703758 ], [ 74.0014971, 15.5689238 ], [ 74.0021879, 15.5679719 ], [ 74.0027265, 15.567519 ], [ 74.0035004, 15.5672051 ], [ 74.0042805, 15.5671038 ], [ 74.0048717, 15.5671533 ], [ 74.0058027, 15.5675194 ], [ 74.0070434, 15.5671719 ], [ 74.0082189, 15.5662226 ], [ 74.0082429, 15.5662265 ], [ 74.0114266, 15.566758 ], [ 74.0142729, 15.5653725 ], [ 74.0169318, 15.5658229 ], [ 74.0196994, 15.563519 ], [ 74.0215727, 15.5641294 ], [ 74.022189, 15.5637681 ], [ 74.0225272, 15.5637843 ], [ 74.0230087, 15.5638073 ], [ 74.0236336, 15.564083 ], [ 74.0247232, 15.5647451 ], [ 74.0264427, 15.5665505 ], [ 74.0276578, 15.5663379 ], [ 74.0284729, 15.5657852 ], [ 74.029181, 15.5652083 ], [ 74.0299059, 15.5650563 ], [ 74.0310587, 15.5649513 ], [ 74.0331739, 15.5650049 ], [ 74.033531, 15.5654213 ], [ 74.0340503, 15.5658943 ], [ 74.0351547, 15.5668005 ], [ 74.03695, 15.5679428 ], [ 74.0381288, 15.5685699 ], [ 74.0395742, 15.5691377 ], [ 74.0410853, 15.5696749 ], [ 74.0421731, 15.5704544 ], [ 74.0433072, 15.5712616 ], [ 74.0460455, 15.5711164 ], [ 74.0490403, 15.5706631 ], [ 74.0515198, 15.5703696 ], [ 74.0531272, 15.5686174 ], [ 74.0552725, 15.5663837 ], [ 74.0557374, 15.5658996 ], [ 74.0552911, 15.5640228 ], [ 74.0548432, 15.5619471 ], [ 74.0543481, 15.5611177 ], [ 74.0533678, 15.5600146 ], [ 74.0514621, 15.557877 ], [ 74.0502007, 15.5562684 ], [ 74.0487009, 15.554715 ], [ 74.0472037, 15.5538844 ], [ 74.0455614, 15.5522024 ], [ 74.0440066, 15.5505849 ], [ 74.0434223, 15.5495056 ], [ 74.0432699, 15.5485185 ], [ 74.0432893, 15.5469647 ], [ 74.0424948, 15.5456203 ], [ 74.0407904, 15.5425414 ], [ 74.0402274, 15.5421646 ], [ 74.039845, 15.5419086 ], [ 74.0398939, 15.5408567 ], [ 74.0409292, 15.5393178 ], [ 74.0397745, 15.5392512 ], [ 74.0394828, 15.5388313 ], [ 74.0407725, 15.5383126 ], [ 74.0395671, 15.53731 ], [ 74.0387417, 15.5373432 ], [ 74.0387421, 15.5370224 ], [ 74.0390206, 15.5361952 ], [ 74.0394442, 15.5353208 ], [ 74.0394103, 15.5351166 ], [ 74.0386851, 15.5335022 ], [ 74.03799, 15.53206 ], [ 74.0377449, 15.5313381 ], [ 74.037606, 15.5303828 ], [ 74.0375864, 15.5298494 ], [ 74.0378, 15.5293059 ], [ 74.0397482, 15.5265922 ], [ 74.040702, 15.525784 ], [ 74.0419605, 15.5251654 ], [ 74.0426231, 15.5244608 ], [ 74.0435905, 15.5234319 ], [ 74.0439644, 15.5227642 ], [ 74.0453033, 15.5199648 ], [ 74.0471989, 15.5161254 ], [ 74.0480169, 15.5150668 ], [ 74.0500825, 15.5131724 ], [ 74.0519443, 15.5108956 ], [ 74.0541076, 15.5099106 ], [ 74.0559328, 15.5090925 ], [ 74.0581472, 15.5081128 ], [ 74.0608514, 15.507095 ], [ 74.0623945, 15.5064352 ], [ 74.0629564, 15.5059556 ], [ 74.0637715, 15.5047658 ], [ 74.0644927, 15.5042206 ], [ 74.0654118, 15.5035427 ], [ 74.066462, 15.5025144 ], [ 74.0672592, 15.5015817 ], [ 74.0684457, 15.5016803 ], [ 74.0691347, 15.5008139 ], [ 74.0698703, 15.4998376 ], [ 74.0699589, 15.499598 ], [ 74.0703738, 15.499241 ], [ 74.0707048, 15.4988162 ], [ 74.070952, 15.4983779 ], [ 74.0710593, 15.4980659 ], [ 74.0711666, 15.4976955 ], [ 74.0711624, 15.4976118 ], [ 74.071148, 15.4973292 ], [ 74.0711388, 15.496701 ], [ 74.0711808, 15.4965112 ], [ 74.0710317, 15.4962491 ], [ 74.0708639, 15.4958106 ], [ 74.0705562, 15.4953768 ], [ 74.0702673, 15.4949834 ], [ 74.0700203, 15.4947439 ], [ 74.0698897, 15.4946174 ], [ 74.0698712, 15.4944727 ], [ 74.0698618, 15.4943189 ], [ 74.0698712, 15.4940479 ], [ 74.0698712, 15.4935326 ], [ 74.0698201, 15.4930308 ], [ 74.0697921, 15.4926557 ], [ 74.0697736, 15.4923483 ], [ 74.0697642, 15.4921179 ], [ 74.0698343, 15.4915891 ], [ 74.0699509, 15.4912998 ], [ 74.0700208, 15.4910964 ], [ 74.070198, 15.4907891 ], [ 74.0704266, 15.4902694 ], [ 74.0704685, 15.4901429 ], [ 74.070683, 15.4896457 ], [ 74.0709721, 15.4893068 ], [ 74.0714383, 15.488674 ], [ 74.0717134, 15.4881092 ], [ 74.0720119, 15.4875578 ], [ 74.0724595, 15.4868392 ], [ 74.0727764, 15.4863782 ], [ 74.0732614, 15.4854337 ], [ 74.0734107, 15.4849048 ], [ 74.0739142, 15.4842812 ], [ 74.0743104, 15.4839921 ], [ 74.0749445, 15.4836485 ], [ 74.0762125, 15.4832239 ], [ 74.0767112, 15.4830115 ], [ 74.077266, 15.4826273 ], [ 74.0776389, 15.4822071 ], [ 74.0782543, 15.4818409 ], [ 74.0793637, 15.4811496 ], [ 74.0810652, 15.4802051 ], [ 74.0822166, 15.4800921 ], [ 74.0827712, 15.480169 ], [ 74.0831069, 15.4802052 ], [ 74.0832048, 15.4800154 ], [ 74.0833074, 15.4796493 ], [ 74.0835218, 15.4791115 ], [ 74.0838808, 15.478551 ], [ 74.0844356, 15.4778053 ], [ 74.0849903, 15.4773624 ], [ 74.0860577, 15.4767659 ], [ 74.0867522, 15.4764586 ], [ 74.0873862, 15.4763817 ], [ 74.0879409, 15.4762642 ], [ 74.0885142, 15.4762055 ], [ 74.0897634, 15.4759569 ], [ 74.0902575, 15.475844 ], [ 74.0908122, 15.4757084 ], [ 74.0913156, 15.4752926 ], [ 74.0916093, 15.4747864 ], [ 74.0919496, 15.4743525 ], [ 74.0922153, 15.4740045 ], [ 74.092453, 15.4736881 ], [ 74.0926395, 15.4733537 ], [ 74.0930077, 15.4727073 ], [ 74.0932967, 15.4721605 ], [ 74.0935345, 15.4717763 ], [ 74.0938421, 15.4712385 ], [ 74.0941218, 15.4707232 ], [ 74.0944388, 15.4702712 ], [ 74.0946485, 15.469982 ], [ 74.094835, 15.4696928 ], [ 74.095399, 15.468034 ], [ 74.0911194, 15.4669161 ], [ 74.090767, 15.4668073 ], [ 74.0904515, 15.4667261 ], [ 74.0888244, 15.4661928 ], [ 74.0877622, 15.4658887 ], [ 74.08693, 15.4657822 ], [ 74.0857805, 15.4657073 ], [ 74.0849713, 15.4656192 ], [ 74.0838012, 15.4653723 ], [ 74.0830904, 15.4652449 ], [ 74.0824249, 15.4648922 ], [ 74.0819544, 15.4645784 ], [ 74.0815408, 15.4642067 ], [ 74.0812304, 15.4637777 ], [ 74.0808851, 15.4631991 ], [ 74.0804601, 15.462651 ], [ 74.0799742, 15.4621247 ], [ 74.079525, 15.461635 ], [ 74.0791759, 15.4613049 ], [ 74.0787852, 15.460956 ], [ 74.0782941, 15.4604658 ], [ 74.0779029, 15.4601531 ], [ 74.0776686, 15.4599375 ], [ 74.0775338, 15.4599175 ], [ 74.0773336, 15.4599147 ], [ 74.0770762, 15.4599879 ], [ 74.076837, 15.4601019 ], [ 74.0766147, 15.4603292 ], [ 74.076536, 15.4602874 ], [ 74.0764164, 15.4601908 ], [ 74.0764185, 15.4600553 ], [ 74.0763835, 15.4599013 ], [ 74.0764061, 15.4596351 ], [ 74.076554, 15.4590951 ], [ 74.0765174, 15.4587332 ], [ 74.0764877, 15.4582313 ], [ 74.0764536, 15.4577113 ], [ 74.0765828, 15.4571756 ], [ 74.0769875, 15.456585 ], [ 74.0773524, 15.45617 ], [ 74.0777746, 15.455661 ], [ 74.0782401, 15.4550532 ], [ 74.0784249, 15.4545363 ], [ 74.0785735, 15.4539421 ], [ 74.0787583, 15.4534252 ], [ 74.078984, 15.4529676 ], [ 74.079303, 15.4528185 ], [ 74.0795413, 15.4527676 ], [ 74.0798216, 15.4527129 ], [ 74.0801587, 15.4526002 ], [ 74.0811142, 15.4522478 ], [ 74.0824519, 15.4515573 ], [ 74.0830485, 15.4512179 ], [ 74.0839877, 15.4507161 ], [ 74.0845269, 15.4504707 ], [ 74.0852624, 15.450192 ], [ 74.0858636, 15.4498571 ], [ 74.0862445, 15.449614 ], [ 74.0865681, 15.4491533 ], [ 74.0866082, 15.4489641 ], [ 74.0866555, 15.4485988 ], [ 74.0867622, 15.448004 ], [ 74.086965, 15.4475281 ], [ 74.0870484, 15.4472402 ], [ 74.0872103, 15.447012 ], [ 74.0874945, 15.4466908 ], [ 74.0876342, 15.4466927 ], [ 74.08803, 15.4466983 ], [ 74.0883039, 15.4467609 ], [ 74.0886205, 15.4467654 ], [ 74.088978, 15.4468471 ], [ 74.0891912, 15.4469089 ], [ 74.0894105, 15.4468893 ], [ 74.0897283, 15.446817 ], [ 74.089948, 15.4467658 ], [ 74.0903082, 15.4466535 ], [ 74.0905466, 15.4465981 ], [ 74.0907858, 15.4464886 ], [ 74.090922, 15.4464136 ], [ 74.091124, 15.446299 ], [ 74.0914254, 15.4460729 ], [ 74.091566, 15.4457089 ], [ 74.0918527, 15.4452161 ], [ 74.0920163, 15.4448705 ], [ 74.0923771, 15.4444148 ], [ 74.0927014, 15.4438998 ], [ 74.0930869, 15.4433496 ], [ 74.0935943, 15.4427424 ], [ 74.0939025, 15.4417484 ], [ 74.0941486, 15.4411736 ], [ 74.0945416, 15.4404248 ], [ 74.0947223, 15.4401788 ], [ 74.0947668, 15.4400033 ], [ 74.0947878, 15.43985 ], [ 74.0947719, 15.43966 ], [ 74.0946179, 15.4393688 ], [ 74.0943664, 15.439058 ], [ 74.0941512, 15.4388066 ], [ 74.0938787, 15.438342 ], [ 74.0937445, 15.4381278 ], [ 74.093708, 15.4377614 ], [ 74.0938104, 15.4374556 ], [ 74.0939395, 15.4369199 ], [ 74.0940613, 15.4365557 ], [ 74.094127, 15.4362133 ], [ 74.0942311, 15.4357902 ], [ 74.0943567, 15.4354848 ], [ 74.0949604, 15.4349737 ], [ 74.0954176, 15.4346142 ], [ 74.0955621, 15.434291 ], [ 74.0958485, 15.4338207 ], [ 74.0960097, 15.4336333 ], [ 74.09619, 15.4334054 ], [ 74.09627, 15.4333478 ], [ 74.0963314, 15.4332899 ], [ 74.0964118, 15.4332142 ], [ 74.0964502, 15.433138 ], [ 74.0963527, 15.4331186 ], [ 74.0961943, 15.4331163 ], [ 74.0960171, 15.4331319 ], [ 74.0959574, 15.4330769 ], [ 74.0959775, 15.4329778 ], [ 74.0959975, 15.4328832 ], [ 74.0961017, 15.4327717 ], [ 74.0961814, 15.4327322 ], [ 74.096237, 15.432751 ], [ 74.0964367, 15.4327945 ], [ 74.0966541, 15.4328924 ], [ 74.0968117, 15.4329353 ], [ 74.0973814, 15.433151 ], [ 74.0980259, 15.4336614 ], [ 74.0983818, 15.433838 ], [ 74.0990722, 15.4340781 ], [ 74.1003114, 15.4343665 ], [ 74.1009456, 15.4343166 ], [ 74.101599, 15.4345381 ], [ 74.1018936, 15.4347725 ], [ 74.102345, 15.4347969 ], [ 74.1031796, 15.4347318 ], [ 74.103535, 15.4349491 ], [ 74.1036669, 15.4351632 ], [ 74.1039773, 15.4355921 ], [ 74.1040726, 15.4360723 ], [ 74.1042215, 15.4367068 ], [ 74.1044269, 15.4373059 ], [ 74.1047031, 15.4375221 ], [ 74.1051327, 15.4377585 ], [ 74.1054483, 15.4378396 ], [ 74.1056253, 15.4381493 ], [ 74.1055427, 15.4383785 ], [ 74.105399, 15.4386476 ], [ 74.1052198, 15.4387986 ], [ 74.1050558, 15.4391804 ], [ 74.1050294, 15.4393923 ], [ 74.1050853, 15.4397002 ], [ 74.1053364, 15.440047 ], [ 74.1059469, 15.4406519 ], [ 74.1062376, 15.440832 ], [ 74.1065735, 15.4411032 ], [ 74.1066283, 15.4411808 ], [ 74.1069097, 15.4410492 ], [ 74.1071514, 15.440768 ], [ 74.1073749, 15.4404594 ], [ 74.1076164, 15.4401963 ], [ 74.108079, 15.4397781 ], [ 74.1087602, 15.4390603 ], [ 74.1092441, 15.4384707 ], [ 74.1098661, 15.437978 ], [ 74.1107499, 15.4371094 ], [ 74.1116292, 15.4365434 ], [ 74.1122304, 15.436204 ], [ 74.1127115, 15.4357905 ], [ 74.1131147, 15.4352947 ], [ 74.113518, 15.434799 ], [ 74.1140386, 15.4342325 ], [ 74.1145652, 15.4335848 ], [ 74.1154511, 15.4325627 ], [ 74.1160138, 15.4319923 ], [ 74.1166951, 15.4312699 ], [ 74.1170799, 15.4307558 ], [ 74.1173479, 15.4302717 ], [ 74.1160384, 15.4297069 ], [ 74.1144027, 15.4291648 ], [ 74.1130698, 15.4280802 ], [ 74.1114574, 15.4267652 ], [ 74.1114573, 15.425685 ], [ 74.1108094, 15.4235926 ], [ 74.1108512, 15.4217351 ], [ 74.1103339, 15.4198144 ], [ 74.1105947, 15.417871 ], [ 74.1100775, 15.4177897 ], [ 74.1089825, 15.4197106 ], [ 74.1071747, 15.4224043 ], [ 74.1045701, 15.4261015 ], [ 74.104267, 15.4262052 ], [ 74.1014476, 15.424786 ], [ 74.0991223, 15.4236381 ], [ 74.0965221, 15.4225445 ], [ 74.0930166, 15.4212894 ], [ 74.0925904, 15.42115 ], [ 74.0925427, 15.4211344 ], [ 74.0925204, 15.4211222 ], [ 74.0919137, 15.4207909 ], [ 74.0912793, 15.4206127 ], [ 74.091238, 15.4206011 ], [ 74.0889455, 15.4197154 ], [ 74.0886048, 15.4196206 ], [ 74.0881161, 15.4194848 ], [ 74.0872495, 15.4193686 ], [ 74.0869698, 15.4193311 ], [ 74.0865698, 15.4193144 ], [ 74.0861032, 15.4192949 ], [ 74.0857074, 15.4192953 ], [ 74.0854697, 15.4192185 ], [ 74.0853636, 15.4191842 ], [ 74.0852321, 15.4191416 ], [ 74.0851109, 15.4190648 ], [ 74.0849945, 15.4189518 ], [ 74.0845612, 15.4183733 ], [ 74.0842773, 15.4179515 ], [ 74.0841232, 15.4177225 ], [ 74.0836296, 15.4170607 ], [ 74.0832939, 15.4166107 ], [ 74.0813556, 15.4158015 ], [ 74.0808803, 15.4155711 ], [ 74.0802093, 15.4152094 ], [ 74.0793799, 15.4148433 ], [ 74.0789279, 15.414634 ], [ 74.078765, 15.4145585 ], [ 74.0784337, 15.4144115 ], [ 74.0775023, 15.413998 ], [ 74.0770159, 15.4137845 ], [ 74.0759786, 15.4133291 ], [ 74.0749743, 15.4129377 ], [ 74.0747952, 15.412868 ], [ 74.0746281, 15.4127869 ], [ 74.0738446, 15.4124069 ], [ 74.0734301, 15.4121944 ], [ 74.0730341, 15.4120452 ], [ 74.0728216, 15.411934 ], [ 74.0727405, 15.4118915 ], [ 74.0724424, 15.411661 ], [ 74.0722653, 15.4114847 ], [ 74.0721317, 15.4114726 ], [ 74.0720649, 15.4114666 ], [ 74.0715943, 15.4116383 ], [ 74.0708394, 15.4120811 ], [ 74.0705412, 15.4121941 ], [ 74.0703268, 15.4123116 ], [ 74.0700286, 15.4124245 ], [ 74.0698515, 15.4125013 ], [ 74.0697118, 15.4124832 ], [ 74.0694368, 15.4124244 ], [ 74.0692598, 15.4124651 ], [ 74.0690035, 15.4123114 ], [ 74.0687427, 15.4120402 ], [ 74.0685656, 15.4118684 ], [ 74.068328, 15.411561 ], [ 74.0681929, 15.4113712 ], [ 74.0680904, 15.4111995 ], [ 74.0678762, 15.4110458 ], [ 74.0675406, 15.4110458 ], [ 74.0672844, 15.4110458 ], [ 74.067126, 15.4110457 ], [ 74.0669256, 15.4111225 ], [ 74.0667113, 15.4112173 ], [ 74.0665528, 15.4112354 ], [ 74.066194, 15.4113122 ], [ 74.0659005, 15.411389 ], [ 74.0655044, 15.4114838 ], [ 74.0652667, 15.4115425 ], [ 74.0650105, 15.4115787 ], [ 74.064633, 15.4115424 ], [ 74.0643582, 15.4115243 ], [ 74.0640787, 15.4112532 ], [ 74.063883, 15.4110046 ], [ 74.0636268, 15.4106972 ], [ 74.0634684, 15.4104666 ], [ 74.0633287, 15.4101232 ], [ 74.0632122, 15.4097751 ], [ 74.0631331, 15.4094724 ], [ 74.0629934, 15.4091424 ], [ 74.0629562, 15.4089119 ], [ 74.0625463, 15.4083379 ], [ 74.0620896, 15.4081842 ], [ 74.0615352, 15.4079716 ], [ 74.0610227, 15.4078993 ], [ 74.0603518, 15.4077997 ], [ 74.0599371, 15.4077996 ], [ 74.0596016, 15.4077634 ], [ 74.0592662, 15.4077046 ], [ 74.0589493, 15.4077045 ], [ 74.0588096, 15.4076096 ], [ 74.0586139, 15.4075147 ], [ 74.0583158, 15.4073022 ], [ 74.0582179, 15.4072073 ], [ 74.0580409, 15.4070355 ], [ 74.057822, 15.4067282 ], [ 74.0576636, 15.4063801 ], [ 74.0576637, 15.4061903 ], [ 74.057701, 15.4059011 ], [ 74.057743, 15.4057293 ], [ 74.057743, 15.4055938 ], [ 74.0578036, 15.4053091 ], [ 74.0576825, 15.4052503 ], [ 74.0576034, 15.4051554 ], [ 74.0575242, 15.4050785 ], [ 74.0574077, 15.4050198 ], [ 74.057268, 15.4049429 ], [ 74.0570722, 15.4049609 ], [ 74.0568951, 15.4050738 ], [ 74.0567135, 15.4052094 ], [ 74.0562986, 15.4056884 ], [ 74.056182, 15.4060725 ], [ 74.0561214, 15.4063979 ], [ 74.0560606, 15.4071074 ], [ 74.0559022, 15.4075277 ], [ 74.0556271, 15.4079886 ], [ 74.0554687, 15.4083727 ], [ 74.0553521, 15.4086212 ], [ 74.0553101, 15.4089286 ], [ 74.0553701, 15.4092626 ], [ 74.0554492, 15.4097236 ], [ 74.0554491, 15.4101619 ], [ 74.0554305, 15.4103925 ], [ 74.0554304, 15.4107178 ], [ 74.055244, 15.4111064 ], [ 74.0550435, 15.4113189 ], [ 74.0547872, 15.4116035 ], [ 74.0544889, 15.4118159 ], [ 74.0543351, 15.4119515 ], [ 74.0540555, 15.4120644 ], [ 74.0538971, 15.412105 ], [ 74.0536408, 15.4121818 ], [ 74.053501, 15.4121817 ], [ 74.0533053, 15.4121636 ], [ 74.0531097, 15.4121229 ], [ 74.0529513, 15.4121047 ], [ 74.0527695, 15.412064 ], [ 74.0525738, 15.4120279 ], [ 74.0524573, 15.4119871 ], [ 74.0523176, 15.4120097 ], [ 74.0521964, 15.4121046 ], [ 74.0521591, 15.4121995 ], [ 74.0519633, 15.4125069 ], [ 74.0518607, 15.412814 ], [ 74.0517255, 15.4132524 ], [ 74.0516229, 15.4135055 ], [ 74.0515062, 15.4139077 ], [ 74.0515248, 15.4142692 ], [ 74.051548, 15.4146353 ], [ 74.051683, 15.4150195 ], [ 74.0518414, 15.4153269 ], [ 74.0520976, 15.4157653 ], [ 74.0521957, 15.4163578 ], [ 74.0520325, 15.4167555 ], [ 74.0515151, 15.4172571 ], [ 74.0506064, 15.4174963 ], [ 74.0499446, 15.417677 ], [ 74.0493061, 15.4183366 ], [ 74.048975, 15.419358 ], [ 74.0493056, 15.4203026 ], [ 74.0498831, 15.4212835 ], [ 74.0510616, 15.4225221 ], [ 74.0518443, 15.4233267 ], [ 74.0523894, 15.4237743 ], [ 74.052762, 15.4242579 ], [ 74.052804, 15.4244974 ], [ 74.052678, 15.4249764 ], [ 74.052389, 15.4254555 ], [ 74.0520207, 15.4261378 ], [ 74.0518527, 15.4268202 ], [ 74.0514426, 15.4272585 ], [ 74.0511908, 15.4277782 ], [ 74.0511907, 15.4281804 ], [ 74.0516473, 15.4283025 ], [ 74.0526771, 15.4284203 ], [ 74.0532549, 15.4287821 ], [ 74.0537534, 15.4290623 ], [ 74.0540003, 15.4294239 ], [ 74.0540001, 15.4299436 ], [ 74.0539581, 15.4306622 ], [ 74.0538739, 15.4316656 ], [ 74.0540835, 15.4324655 ], [ 74.0544141, 15.4328271 ], [ 74.0542043, 15.4333423 ], [ 74.0538733, 15.4338258 ], [ 74.0534212, 15.4342642 ], [ 74.0527594, 15.4346662 ], [ 74.0523074, 15.4347836 ], [ 74.0519345, 15.4348649 ], [ 74.0513987, 15.4348648 ], [ 74.05049, 15.4343449 ], [ 74.0499123, 15.4336623 ], [ 74.0495397, 15.4332238 ], [ 74.0492929, 15.4328622 ], [ 74.0488176, 15.4324463 ], [ 74.0485288, 15.4321299 ], [ 74.0482399, 15.4321659 ], [ 74.0475825, 15.4326087 ], [ 74.0469207, 15.4333678 ], [ 74.0467154, 15.434249 ], [ 74.0468784, 15.4346513 ], [ 74.047456, 15.4352525 ], [ 74.0481968, 15.4360526 ], [ 74.0482805, 15.4365724 ], [ 74.0486112, 15.4369341 ], [ 74.0486109, 15.4379375 ], [ 74.048238, 15.4385791 ], [ 74.0478277, 15.439058 ], [ 74.0474969, 15.4394602 ], [ 74.046546, 15.4396182 ], [ 74.0455533, 15.4400969 ], [ 74.0447702, 15.4406211 ], [ 74.0435303, 15.44138 ], [ 74.0425421, 15.4420215 ], [ 74.0417963, 15.442663 ], [ 74.0410922, 15.443621 ], [ 74.040598, 15.4443033 ], [ 74.0399361, 15.4448229 ], [ 74.0391529, 15.4454644 ], [ 74.0382441, 15.445663 ], [ 74.0376243, 15.445586 ], [ 74.0370885, 15.4449847 ], [ 74.036632, 15.444501 ], [ 74.0362638, 15.4446229 ], [ 74.0357278, 15.444903 ], [ 74.0350658, 15.4455445 ], [ 74.0348183, 15.4467466 ], [ 74.0345662, 15.4480662 ], [ 74.0345658, 15.4491103 ], [ 74.0346074, 15.4500684 ], [ 74.0346773, 15.4501633 ], [ 74.0348544, 15.4503894 ], [ 74.0354321, 15.4503534 ], [ 74.0365929, 15.4496713 ], [ 74.037749, 15.4489078 ], [ 74.0387791, 15.4485512 ], [ 74.0394969, 15.4483841 ], [ 74.0406385, 15.4487913 ], [ 74.0414212, 15.4498309 ], [ 74.0416354, 15.450405 ], [ 74.0415841, 15.450536 ], [ 74.0414301, 15.4508614 ], [ 74.0412715, 15.4511506 ], [ 74.0409545, 15.4516657 ], [ 74.040754, 15.4520318 ], [ 74.040339, 15.4526644 ], [ 74.0401012, 15.453053 ], [ 74.0398634, 15.4535319 ], [ 74.0396675, 15.4537986 ], [ 74.0395276, 15.454011 ], [ 74.0393504, 15.4541646 ], [ 74.0391546, 15.4543002 ], [ 74.0386744, 15.4545305 ], [ 74.038064, 15.4546251 ], [ 74.037528, 15.454815 ], [ 74.0370151, 15.4552169 ], [ 74.0362831, 15.4559489 ], [ 74.0359054, 15.4564053 ], [ 74.0355324, 15.45683 ], [ 74.0352527, 15.4572909 ], [ 74.0349168, 15.4578467 ], [ 74.0348794, 15.4583438 ], [ 74.0349585, 15.4587507 ], [ 74.0350561, 15.459406 ], [ 74.0350932, 15.4599619 ], [ 74.0349577, 15.4607844 ], [ 74.0349576, 15.4612635 ], [ 74.0350131, 15.4621855 ], [ 74.035092, 15.4630669 ], [ 74.0352503, 15.4636636 ], [ 74.0352735, 15.4640838 ], [ 74.0352734, 15.4645449 ], [ 74.0352499, 15.4649109 ], [ 74.0351519, 15.4652906 ], [ 74.0351145, 15.4655798 ], [ 74.0350119, 15.4657741 ], [ 74.0346575, 15.4661763 ], [ 74.0342425, 15.4665377 ], [ 74.0341447, 15.4666461 ], [ 74.0339861, 15.4668269 ], [ 74.0332542, 15.4671882 ], [ 74.0326621, 15.4674773 ], [ 74.0320655, 15.4677075 ], [ 74.0315526, 15.4679966 ], [ 74.0310399, 15.4681863 ], [ 74.0304245, 15.4684527 ], [ 74.0296973, 15.4688186 ], [ 74.0293382, 15.4690309 ], [ 74.0290632, 15.4692026 ], [ 74.0286669, 15.4694917 ], [ 74.0282892, 15.4697989 ], [ 74.0280747, 15.4700474 ], [ 74.027739, 15.4703635 ], [ 74.0275804, 15.4706302 ], [ 74.0273425, 15.4709962 ], [ 74.0272194, 15.4711309 ], [ 74.0262837, 15.472754 ], [ 74.0266051, 15.4734095 ], [ 74.0272809, 15.4738255 ], [ 74.0287115, 15.4743186 ], [ 74.028968, 15.4743866 ], [ 74.0292755, 15.4744725 ], [ 74.0294619, 15.4745585 ], [ 74.0299187, 15.4746942 ], [ 74.0301656, 15.4748254 ], [ 74.030394, 15.474952 ], [ 74.0306876, 15.47516 ], [ 74.0308273, 15.4753454 ], [ 74.0312234, 15.4757025 ], [ 74.0314097, 15.4759829 ], [ 74.0314702, 15.4762224 ], [ 74.0315494, 15.4765478 ], [ 74.0316471, 15.4767602 ], [ 74.0316984, 15.4770541 ], [ 74.0316657, 15.4772077 ], [ 74.0316563, 15.4773343 ], [ 74.0316376, 15.4774698 ], [ 74.0315955, 15.4776325 ], [ 74.0315583, 15.4777545 ], [ 74.0315163, 15.4778314 ], [ 74.0313903, 15.4779941 ], [ 74.0312784, 15.4780935 ], [ 74.0311618, 15.4781702 ], [ 74.031022, 15.4782334 ], [ 74.0309055, 15.4782831 ], [ 74.0306958, 15.4783102 ], [ 74.0305092, 15.4783418 ], [ 74.0302529, 15.4783507 ], [ 74.0299872, 15.4783777 ], [ 74.0297774, 15.4784184 ], [ 74.0292925, 15.4784859 ], [ 74.0285934, 15.4785399 ], [ 74.0282437, 15.4785896 ], [ 74.0275726, 15.4785396 ], [ 74.0260715, 15.4786385 ], [ 74.0255309, 15.4787242 ], [ 74.0251112, 15.478828 ], [ 74.0245611, 15.4790583 ], [ 74.0242021, 15.4792209 ], [ 74.0239878, 15.4793744 ], [ 74.0237499, 15.4794828 ], [ 74.0236007, 15.4796635 ], [ 74.0233161, 15.4800793 ], [ 74.0231576, 15.4803459 ], [ 74.0230083, 15.480635 ], [ 74.0229476, 15.4808249 ], [ 74.0229288, 15.4810824 ], [ 74.0228309, 15.4814304 ], [ 74.0227886, 15.481774 ], [ 74.0229563, 15.4823435 ], [ 74.0231147, 15.4826599 ], [ 74.0231333, 15.4828226 ], [ 74.0231425, 15.4829853 ], [ 74.0231424, 15.4831797 ], [ 74.0231422, 15.4833334 ], [ 74.0230862, 15.483609 ], [ 74.0228855, 15.4841016 ], [ 74.0226288, 15.4851275 ], [ 74.0224886, 15.4857783 ], [ 74.0224604, 15.4864698 ], [ 74.0224415, 15.4871975 ], [ 74.0223991, 15.4880607 ], [ 74.0223614, 15.4888787 ], [ 74.0222726, 15.4894617 ], [ 74.0221653, 15.4898459 ], [ 74.0220112, 15.4903248 ], [ 74.0217499, 15.4911112 ], [ 74.0214466, 15.4916173 ], [ 74.0212366, 15.4919743 ], [ 74.0210407, 15.4922815 ], [ 74.0207515, 15.4926068 ], [ 74.0202245, 15.4932575 ], [ 74.0200007, 15.4934428 ], [ 74.0195157, 15.4938357 ], [ 74.0190493, 15.494283 ], [ 74.0185922, 15.4947754 ], [ 74.0183171, 15.495051 ], [ 74.0179719, 15.495426 ], [ 74.0173984, 15.4959049 ], [ 74.017319, 15.4959546 ], [ 74.0170999, 15.4960675 ], [ 74.0167829, 15.4962481 ], [ 74.0165077, 15.4964017 ], [ 74.0162886, 15.496492 ], [ 74.0160321, 15.4965371 ], [ 74.0158176, 15.4965957 ], [ 74.0155986, 15.4966047 ], [ 74.014172, 15.4967714 ], [ 74.0131743, 15.4969382 ], [ 74.0122651, 15.4970734 ], [ 74.0099387, 15.4974835 ], [ 74.0083163, 15.4977043 ], [ 74.0060506, 15.4979655 ], [ 74.0059526, 15.4979835 ], [ 74.0050715, 15.4981729 ], [ 74.0043487, 15.4983442 ], [ 74.0038779, 15.4984796 ], [ 74.0032717, 15.4987596 ], [ 74.0027587, 15.4989762 ], [ 74.0023251, 15.4992156 ], [ 74.001798, 15.4996763 ], [ 73.9997739, 15.5016747 ], [ 73.9990678, 15.503905 ], [ 73.998934, 15.5049917 ], [ 73.9985428, 15.507046 ], [ 73.9982461, 15.508713 ], [ 73.9976963, 15.5098929 ], [ 73.9972635, 15.5110295 ], [ 73.9965748, 15.5121576 ], [ 73.9957961, 15.5130722 ], [ 73.9922037, 15.515413 ], [ 73.9901642, 15.5167967 ], [ 73.9898457, 15.517194 ], [ 73.9893128, 15.5175971 ], [ 73.9877541, 15.5183373 ], [ 73.9868721, 15.5187082 ], [ 73.9859901, 15.5190789 ], [ 73.984249, 15.5198615 ], [ 73.9819733, 15.5203611 ], [ 73.9813779, 15.5204917 ], [ 73.9790757, 15.5210943 ], [ 73.9755915, 15.5224741 ], [ 73.9743742, 15.5228353 ], [ 73.9731591, 15.5233456 ], [ 73.9720988, 15.5237951 ], [ 73.9712086, 15.5243961 ], [ 73.9708289, 15.5248241 ], [ 73.9702368, 15.5260079 ], [ 73.9690013, 15.5295447 ], [ 73.9680362, 15.5319066 ], [ 73.9671652, 15.5336237 ], [ 73.9661343, 15.5351397 ], [ 73.9652549, 15.536521 ], [ 73.9651257, 15.5367238 ], [ 73.9642284, 15.5374603 ], [ 73.9630624, 15.5381068 ], [ 73.9622125, 15.5387942 ], [ 73.9582775, 15.5429634 ], [ 73.9567676, 15.5449917 ], [ 73.9557235, 15.5458705 ], [ 73.9523738, 15.5478303 ], [ 73.9511563, 15.5484759 ], [ 73.9492534, 15.54828 ], [ 73.9479409, 15.5478533 ], [ 73.947163, 15.5475661 ], [ 73.9404704, 15.5415192 ], [ 73.9349813, 15.5377358 ], [ 73.9315548, 15.5360888 ], [ 73.9293491, 15.5350251 ], [ 73.9289621, 15.5349744 ], [ 73.9288423, 15.5349587 ], [ 73.9276697, 15.5354242 ], [ 73.9265737, 15.536049 ], [ 73.9253812, 15.5374539 ], [ 73.9244408, 15.5382572 ], [ 73.9229239, 15.5389704 ], [ 73.9217774, 15.5392602 ], [ 73.9211999, 15.5395269 ], [ 73.9203978, 15.5404182 ], [ 73.9191634, 15.5423826 ], [ 73.9188196, 15.5428923 ], [ 73.9184477, 15.5434061 ], [ 73.9175793, 15.5440751 ], [ 73.9159963, 15.5451261 ], [ 73.913816, 15.5465067 ], [ 73.9122833, 15.5471914 ], [ 73.9121635, 15.5472449 ], [ 73.9117246, 15.5475815 ], [ 73.9112693, 15.5480669 ], [ 73.911176, 15.5492085 ], [ 73.9109971, 15.5496033 ], [ 73.9106029, 15.5500536 ], [ 73.9093441, 15.5506532 ], [ 73.907756, 15.5517221 ], [ 73.9069533, 15.5526449 ], [ 73.9065599, 15.5533347 ], [ 73.906651, 15.5543164 ], [ 73.9066988, 15.5553833 ], [ 73.9062658, 15.5559234 ], [ 73.9057796, 15.5562999 ], [ 73.9046111, 15.5567879 ], [ 73.9040389, 15.5572897 ], [ 73.9040852, 15.5575976 ], [ 73.9043365, 15.5579086 ], [ 73.9050752, 15.5583356 ], [ 73.9056701, 15.5587153 ], [ 73.9058312, 15.5591334 ], [ 73.9059234, 15.5597583 ], [ 73.9058565, 15.560715 ], [ 73.9059955, 15.5613406 ], [ 73.9058089, 15.561916 ], [ 73.9051423, 15.5622085 ], [ 73.9046402, 15.5624131 ], [ 73.9047348, 15.5628979 ], [ 73.905053, 15.5633907 ], [ 73.9054666, 15.5640342 ], [ 73.9056279, 15.5644342 ], [ 73.9054244, 15.5649054 ], [ 73.904988, 15.5653731 ], [ 73.9045517, 15.5655404 ], [ 73.9041156, 15.5657076 ], [ 73.9031492, 15.5660858 ], [ 73.9026428, 15.5665523 ], [ 73.9023444, 15.5671305 ], [ 73.901864, 15.568849 ], [ 73.9017086, 15.5698043 ], [ 73.9014125, 15.5705227 ], [ 73.9013894, 15.571078 ], [ 73.9011545, 15.5723258 ], [ 73.9016201, 15.5729249 ], [ 73.9016899, 15.5735042 ], [ 73.9015976, 15.5740134 ], [ 73.9011098, 15.5744847 ], [ 73.8998527, 15.5746821 ], [ 73.8992744, 15.5744157 ], [ 73.8986289, 15.574844 ], [ 73.8978538, 15.5746378 ], [ 73.8974358, 15.5751103 ], [ 73.896912, 15.5749306 ], [ 73.8964079, 15.5738431 ], [ 73.8966572, 15.5734177 ], [ 73.8960353, 15.5729744 ], [ 73.8959451, 15.572214 ], [ 73.8947378, 15.5716577 ], [ 73.8943042, 15.5719492 ], [ 73.8938466, 15.5719963 ], [ 73.8928156, 15.5714834 ], [ 73.8926251, 15.5708796 ], [ 73.8916174, 15.5715056 ], [ 73.89171, 15.5721035 ], [ 73.8912311, 15.5725975 ], [ 73.8905857, 15.5727276 ], [ 73.8900339, 15.5725519 ], [ 73.8892971, 15.5725766 ], [ 73.8887502, 15.5729567 ], [ 73.8884729, 15.5733771 ], [ 73.8887021, 15.5738912 ], [ 73.8889332, 15.5745769 ], [ 73.8885884, 15.5751408 ], [ 73.8880598, 15.5755347 ], [ 73.8876243, 15.5759392 ], [ 73.8872581, 15.5763853 ], [ 73.8870962, 15.5768753 ], [ 73.8871451, 15.5781455 ], [ 73.8871945, 15.5793932 ], [ 73.8873994, 15.5799702 ], [ 73.8874904, 15.5812411 ], [ 73.8882081, 15.5815278 ], [ 73.888941, 15.5826008 ], [ 73.8889852, 15.5833109 ], [ 73.8889848, 15.5836226 ], [ 73.8887587, 15.5840438 ], [ 73.8885277, 15.5844875 ], [ 73.8884371, 15.5848927 ], [ 73.8885508, 15.5859155 ], [ 73.8889889, 15.5870518 ], [ 73.8893588, 15.5875183 ], [ 73.8898628, 15.5880547 ], [ 73.8903486, 15.5885637 ], [ 73.8907583, 15.5888728 ], [ 73.891402, 15.5888511 ], [ 73.891816, 15.5888981 ], [ 73.8928288, 15.5891171 ], [ 73.89377, 15.5897054 ], [ 73.894346, 15.5903965 ], [ 73.8947331, 15.5912383 ], [ 73.8954262, 15.5924643 ], [ 73.896069, 15.593911 ], [ 73.8963664, 15.5953929 ], [ 73.8964622, 15.5963703 ], [ 73.896509, 15.5969267 ], [ 73.8965583, 15.5976142 ], [ 73.8963491, 15.5981531 ], [ 73.8955, 15.5987545 ], [ 73.8949725, 15.598796 ], [ 73.8947139, 15.5986429 ], [ 73.8940781, 15.5987551 ], [ 73.8936169, 15.5990236 ], [ 73.8928368, 15.5994001 ], [ 73.8920765, 15.5997091 ], [ 73.8917073, 15.6000469 ], [ 73.8913402, 15.6005381 ], [ 73.8914347, 15.6010275 ], [ 73.8916883, 15.6020525 ], [ 73.8918511, 15.6032071 ], [ 73.8915754, 15.6038173 ], [ 73.8913942, 15.6041637 ], [ 73.8908629, 15.6051797 ], [ 73.8900177, 15.6061155 ], [ 73.8893722, 15.6065348 ], [ 73.88786, 15.606918 ], [ 73.8871436, 15.6073858 ], [ 73.8865951, 15.6081409 ], [ 73.8861798, 15.6087218 ], [ 73.8860711, 15.6090996 ], [ 73.8862046, 15.6094812 ], [ 73.8864337, 15.6097242 ], [ 73.8870304, 15.6100136 ], [ 73.8876513, 15.6102445 ], [ 73.8878366, 15.6105998 ], [ 73.8878362, 15.6109116 ], [ 73.887652, 15.6113379 ], [ 73.8874952, 15.6118008 ], [ 73.8874225, 15.6122515 ], [ 73.8873795, 15.6131635 ], [ 73.8895598, 15.6129803 ], [ 73.8903919, 15.6128486 ], [ 73.8927522, 15.610504 ], [ 73.8932998, 15.6100834 ], [ 73.8937653, 15.609842 ], [ 73.8948632, 15.6099945 ], [ 73.8959852, 15.60895 ], [ 73.8963332, 15.6087703 ], [ 73.8977237, 15.6092615 ], [ 73.8983201, 15.6095689 ], [ 73.8990276, 15.6102122 ], [ 73.8995811, 15.6108579 ], [ 73.8997633, 15.6113983 ], [ 73.8997639, 15.6122206 ], [ 73.9000891, 15.6125735 ], [ 73.9011239, 15.6131542 ], [ 73.9020833, 15.6135078 ], [ 73.9030731, 15.61313 ], [ 73.9043588, 15.6129058 ], [ 73.9052074, 15.6129053 ], [ 73.9058442, 15.6130236 ], [ 73.9062604, 15.6132287 ], [ 73.9068908, 15.6131706 ], [ 73.907271, 15.6130183 ], [ 73.9080262, 15.6130209 ], [ 73.9087456, 15.6135063 ], [ 73.9080802, 15.6139931 ], [ 73.9077359, 15.6142363 ], [ 73.9074841, 15.6145261 ], [ 73.90739, 15.6151481 ], [ 73.9074863, 15.6155291 ], [ 73.9073935, 15.6160699 ], [ 73.9071898, 15.6165592 ], [ 73.9071864, 15.6170471 ], [ 73.9070962, 15.6174298 ], [ 73.9066364, 15.6178926 ], [ 73.9061994, 15.6183873 ], [ 73.9058072, 15.6189867 ], [ 73.9058338, 15.6202116 ], [ 73.9060449, 15.6207027 ], [ 73.906043, 15.6211049 ], [ 73.9060185, 15.6214614 ], [ 73.9060676, 15.6218823 ], [ 73.9061328, 15.6221679 ], [ 73.9063202, 15.6223968 ], [ 73.9067782, 15.6226161 ], [ 73.9072617, 15.6227049 ], [ 73.9077424, 15.6232409 ], [ 73.9086629, 15.6231241 ], [ 73.9089795, 15.6232278 ], [ 73.9092671, 15.6235094 ], [ 73.9094085, 15.6237947 ], [ 73.9094521, 15.6241021 ], [ 73.9093389, 15.6243304 ], [ 73.908959, 15.6246873 ], [ 73.9086375, 15.6249626 ], [ 73.9080438, 15.6253419 ], [ 73.9077205, 15.6257209 ], [ 73.907582, 15.6262113 ], [ 73.9076257, 15.6266729 ], [ 73.9080886, 15.6274526 ], [ 73.9086396, 15.6279761 ], [ 73.9089802, 15.6285234 ], [ 73.9090354, 15.628574 ], [ 73.9090676, 15.6286017 ], [ 73.9090901, 15.6286517 ], [ 73.9091249, 15.629086 ], [ 73.9090644, 15.6296543 ], [ 73.9089506, 15.6300546 ], [ 73.9084376, 15.6309142 ], [ 73.9080246, 15.6313643 ], [ 73.9078927, 15.6317327 ], [ 73.9078829, 15.6320443 ], [ 73.9079883, 15.632439 ], [ 73.9083193, 15.6327332 ], [ 73.9089294, 15.6330634 ], [ 73.9098782, 15.6334936 ], [ 73.9109122, 15.6341284 ], [ 73.9111003, 15.6343256 ], [ 73.9112807, 15.6349835 ], [ 73.911261, 15.6353311 ], [ 73.911217, 15.6354368 ], [ 73.9111057, 15.6357037 ], [ 73.9107099, 15.6362444 ], [ 73.9103551, 15.6365461 ], [ 73.9102792, 15.6366308 ], [ 73.9091232, 15.6348962 ], [ 73.9085355, 15.6343315 ], [ 73.9080603, 15.6340305 ], [ 73.9076669, 15.6338437 ], [ 73.9070665, 15.6337803 ], [ 73.9064399, 15.6338881 ], [ 73.9060694, 15.6340225 ], [ 73.9058157, 15.634136 ], [ 73.9055601, 15.6340824 ], [ 73.9053543, 15.6338353 ], [ 73.9048259, 15.6330726 ], [ 73.9044779, 15.6323986 ], [ 73.9041143, 15.6321084 ], [ 73.9032163, 15.6317105 ], [ 73.9022397, 15.6312708 ], [ 73.9007539, 15.6306019 ], [ 73.8994751, 15.6298231 ], [ 73.8985921, 15.6293577 ], [ 73.8979148, 15.6294376 ], [ 73.8973198, 15.6296092 ], [ 73.8970229, 15.6297989 ], [ 73.8963894, 15.6303313 ], [ 73.8960568, 15.6304255 ], [ 73.8956478, 15.6303424 ], [ 73.8949279, 15.6304623 ], [ 73.8944174, 15.6305945 ], [ 73.893883, 15.630767 ], [ 73.8932634, 15.6307304 ], [ 73.892376, 15.6305404 ], [ 73.891195, 15.6303414 ], [ 73.8904546, 15.6302803 ], [ 73.8904462, 15.6307952 ], [ 73.890565, 15.6315019 ], [ 73.8907506, 15.6324085 ], [ 73.8908796, 15.6333502 ], [ 73.8895983, 15.6332988 ], [ 73.8897205, 15.6338022 ], [ 73.8898635, 15.6341793 ], [ 73.8898959, 15.6344781 ], [ 73.8897701, 15.6347562 ], [ 73.8894463, 15.6351669 ], [ 73.8889878, 15.6355438 ], [ 73.8885723, 15.6358582 ], [ 73.888383, 15.6360225 ], [ 73.8880579, 15.6365099 ], [ 73.8879191, 15.6367246 ], [ 73.887423, 15.6371282 ], [ 73.8871115, 15.6373537 ], [ 73.8866454, 15.6376267 ], [ 73.8863199, 15.6378565 ], [ 73.8861308, 15.6380073 ], [ 73.8859955, 15.6382988 ], [ 73.8859082, 15.6387899 ], [ 73.8860646, 15.6397683 ], [ 73.886367, 15.6423483 ], [ 73.8853773, 15.6421387 ], [ 73.8848778, 15.641887 ], [ 73.8842705, 15.6416698 ], [ 73.8837766, 15.6416486 ], [ 73.8832039, 15.6418836 ], [ 73.882493, 15.6422883 ], [ 73.881899, 15.6426767 ], [ 73.8809749, 15.643295 ], [ 73.8808274, 15.6440381 ], [ 73.8808184, 15.6445892 ], [ 73.8808549, 15.6449151 ], [ 73.8809145, 15.6452638 ], [ 73.8808634, 15.6458143 ], [ 73.8807476, 15.6466122 ], [ 73.8821708, 15.6471223 ], [ 73.882607, 15.6472555 ], [ 73.8833293, 15.6469956 ], [ 73.8841015, 15.6468314 ], [ 73.8848061, 15.6468016 ], [ 73.8854968, 15.6467626 ], [ 73.8873363, 15.647767 ], [ 73.8881766, 15.6482725 ], [ 73.8889258, 15.6489393 ], [ 73.8897153, 15.6494123 ], [ 73.8903191, 15.6498462 ], [ 73.890848, 15.6500126 ], [ 73.8913375, 15.6500202 ], [ 73.8922138, 15.6497581 ], [ 73.8927199, 15.6496123 ], [ 73.8930703, 15.6495679 ], [ 73.8935311, 15.6496248 ], [ 73.894061, 15.6497234 ], [ 73.8945811, 15.6495777 ], [ 73.8949213, 15.6492984 ], [ 73.8952554, 15.6491228 ], [ 73.8956154, 15.6490651 ], [ 73.8961701, 15.6490736 ], [ 73.8965414, 15.6491832 ], [ 73.8971883, 15.6495411 ], [ 73.8976972, 15.6500777 ], [ 73.8985523, 15.6505381 ], [ 73.8997733, 15.6511578 ], [ 73.901039, 15.6518866 ], [ 73.9014212, 15.6521863 ], [ 73.9021861, 15.6538923 ], [ 73.9022865, 15.654305 ], [ 73.9022302, 15.6546159 ], [ 73.9015842, 15.6550442 ], [ 73.9012687, 15.6555138 ], [ 73.9011314, 15.6559228 ], [ 73.901486, 15.6564841 ], [ 73.9015348, 15.6566338 ], [ 73.9017496, 15.6568992 ], [ 73.9018234, 15.6569501 ], [ 73.9020116, 15.6571337 ], [ 73.9022759, 15.6575128 ], [ 73.9024077, 15.6577227 ], [ 73.9025115, 15.6579276 ], [ 73.9025645, 15.6581137 ], [ 73.9026167, 15.6583358 ], [ 73.9025594, 15.6589946 ], [ 73.9024539, 15.6593417 ], [ 73.9024214, 15.6594488 ], [ 73.9023717, 15.6596333 ], [ 73.9022805, 15.6603593 ], [ 73.9022791, 15.6604497 ], [ 73.9023094, 15.6605902 ], [ 73.9024719, 15.6612026 ], [ 73.902805, 15.6619352 ], [ 73.9028623, 15.6621394 ], [ 73.9029344, 15.6622941 ], [ 73.9029555, 15.6624255 ], [ 73.9030394, 15.662716 ], [ 73.9030719, 15.6630011 ], [ 73.9031788, 15.6633145 ], [ 73.9034478, 15.6642584 ], [ 73.9034796, 15.6643132 ], [ 73.9035671, 15.6646578 ], [ 73.9036705, 15.6651835 ], [ 73.9037896, 15.6656011 ], [ 73.9041092, 15.6660575 ], [ 73.9041222, 15.6660761 ], [ 73.9042192, 15.6661318 ], [ 73.9040712, 15.6672003 ], [ 73.9029891, 15.668625 ], [ 73.9006744, 15.6724118 ], [ 73.8999181, 15.6750208 ], [ 73.8996314, 15.6760059 ], [ 73.8982286, 15.6782118 ], [ 73.8979936, 15.6783302 ], [ 73.8977636, 15.6784125 ], [ 73.8975281, 15.6785579 ], [ 73.8973357, 15.6786318 ], [ 73.8969221, 15.6788242 ], [ 73.8968179, 15.6789129 ], [ 73.8964517, 15.6793501 ], [ 73.8963412, 15.6795472 ], [ 73.8963053, 15.6797454 ], [ 73.8962299, 15.6800741 ], [ 73.896192, 15.6803944 ], [ 73.8960516, 15.6807084 ], [ 73.8959303, 15.6809958 ], [ 73.8958544, 15.6810668 ], [ 73.895849, 15.681112 ], [ 73.8956956, 15.6813672 ], [ 73.8954857, 15.6816531 ], [ 73.8924933, 15.6815346 ], [ 73.8906709, 15.6820216 ], [ 73.8906378, 15.6820527 ], [ 73.890429, 15.6819817 ], [ 73.8903962, 15.6819948 ], [ 73.890051, 15.6819984 ], [ 73.8890957, 15.6819475 ], [ 73.888569, 15.6819213 ], [ 73.8880706, 15.6818865 ], [ 73.8877764, 15.6819045 ], [ 73.8874593, 15.6819042 ], [ 73.88702, 15.6819561 ], [ 73.8864998, 15.6821107 ], [ 73.8862323, 15.682206 ], [ 73.8859367, 15.6823189 ], [ 73.8851375, 15.6829843 ], [ 73.8853326, 15.6835928 ], [ 73.8853971, 15.6842082 ], [ 73.8848619, 15.686685 ], [ 73.8844394, 15.6885445 ], [ 73.884283, 15.6892605 ], [ 73.8843589, 15.6903144 ], [ 73.8848868, 15.6913934 ], [ 73.8859393, 15.6929054 ], [ 73.8870844, 15.6941437 ], [ 73.8893856, 15.6966321 ], [ 73.8907008, 15.6980442 ], [ 73.8936895, 15.701253 ], [ 73.8948892, 15.7017685 ], [ 73.8959925, 15.7019075 ], [ 73.8986031, 15.7014327 ], [ 73.9004493, 15.7009234 ], [ 73.9021448, 15.6999329 ], [ 73.9031449, 15.6992479 ], [ 73.9035729, 15.6987484 ], [ 73.9037536, 15.6982542 ], [ 73.9038296, 15.6976002 ], [ 73.9038065, 15.697017 ], [ 73.903864, 15.6963536 ], [ 73.904064, 15.6958191 ], [ 73.9044166, 15.6953681 ], [ 73.9048062, 15.6949313 ], [ 73.9053209, 15.6945507 ], [ 73.9059081, 15.6943021 ], [ 73.9065382, 15.6942757 ], [ 73.9071236, 15.6941265 ], [ 73.9075867, 15.6937631 ], [ 73.9079089, 15.6931671 ], [ 73.9084685, 15.6920371 ], [ 73.9088274, 15.6917578 ], [ 73.9089127, 15.6916915 ], [ 73.9095136, 15.6914522 ], [ 73.9107924, 15.6911193 ], [ 73.9113832, 15.6909297 ], [ 73.9125459, 15.6894202 ], [ 73.913602, 15.6887316 ] ] ] } },
{ "type": "Feature", "properties": { "taluka": "Satari", "subdt_lgd": 5613, "district_in_lgd_file": "North Goa", "district_2026": "North Goa" }, "geometry": { "type": "Polygon", "coordinates": [ [ [ 74.1857973, 15.6810211 ], [ 74.1862312, 15.6809999 ], [ 74.1866388, 15.6810237 ], [ 74.1870798, 15.6810095 ], [ 74.1874975, 15.6809836 ], [ 74.1879594, 15.6809719 ], [ 74.1883522, 15.6808916 ], [ 74.1887294, 15.6809285 ], [ 74.1894911, 15.6806326 ], [ 74.1902677, 15.6803308 ], [ 74.1905525, 15.6796481 ], [ 74.190843, 15.6789519 ], [ 74.1908431, 15.6789487 ], [ 74.1909179, 15.6764049 ], [ 74.1909154, 15.6764028 ], [ 74.1898037, 15.6754363 ], [ 74.1861057, 15.6745041 ], [ 74.1861059, 15.6745011 ], [ 74.1861032, 15.6745004 ], [ 74.1863991, 15.6712021 ], [ 74.186794, 15.6681445 ], [ 74.1868415, 15.6674495 ], [ 74.187281, 15.6673266 ], [ 74.1931203, 15.6656932 ], [ 74.1976705, 15.6644732 ], [ 74.2025906, 15.6631405 ], [ 74.2033257, 15.6632411 ], [ 74.2040608, 15.6636803 ], [ 74.2034714, 15.6618652 ], [ 74.2022718, 15.6581713 ], [ 74.2017533, 15.656339 ], [ 74.2023728, 15.6552505 ], [ 74.2032608, 15.6536899 ], [ 74.2051275, 15.6510322 ], [ 74.205548, 15.6511009 ], [ 74.2069322, 15.651327 ], [ 74.2099602, 15.6518215 ], [ 74.2140859, 15.652488 ], [ 74.2158636, 15.6530409 ], [ 74.2174532, 15.6527374 ], [ 74.221002, 15.6549319 ], [ 74.222162, 15.6556389 ], [ 74.2221621, 15.6556412 ], [ 74.2221644, 15.6556426 ], [ 74.2221694, 15.6557495 ], [ 74.2222214, 15.6568542 ], [ 74.2205058, 15.6574767 ], [ 74.2189386, 15.6578393 ], [ 74.2181971, 15.6581634 ], [ 74.2179578, 15.6582731 ], [ 74.2177186, 15.6583601 ], [ 74.2164632, 15.6603578 ], [ 74.2158593, 15.6615141 ], [ 74.2151515, 15.6628693 ], [ 74.215149, 15.6628741 ], [ 74.2176502, 15.6622989 ], [ 74.2176519, 15.6622986 ], [ 74.2180226, 15.6643435 ], [ 74.218023, 15.6643456 ], [ 74.2215722, 15.667168 ], [ 74.2237793, 15.6689826 ], [ 74.224195, 15.6689295 ], [ 74.2245787, 15.6681985 ], [ 74.2245643, 15.6676298 ], [ 74.2245403, 15.6666754 ], [ 74.2245976, 15.6662561 ], [ 74.2251168, 15.6661984 ], [ 74.2257559, 15.6661273 ], [ 74.2265376, 15.6659166 ], [ 74.2273411, 15.6654985 ], [ 74.2284102, 15.6644424 ], [ 74.2297902, 15.6663811 ], [ 74.2314948, 15.6661921 ], [ 74.2327615, 15.6675872 ], [ 74.2333481, 15.6679747 ], [ 74.2339011, 15.6680997 ], [ 74.2348834, 15.6682124 ], [ 74.2353151, 15.6683403 ], [ 74.236356, 15.6685848 ], [ 74.2366433, 15.6677485 ], [ 74.2368042, 15.6672355 ], [ 74.236917, 15.6668758 ], [ 74.2370053, 15.6665788 ], [ 74.2370982, 15.6662819 ], [ 74.2372882, 15.6661444 ], [ 74.2394024, 15.6646146 ], [ 74.2393989, 15.6646117 ], [ 74.2388006, 15.6641292 ], [ 74.2381718, 15.6636221 ], [ 74.238173, 15.6636213 ], [ 74.2385906, 15.6633567 ], [ 74.239744, 15.6631163 ], [ 74.2429868, 15.6624406 ], [ 74.2448525, 15.6582013 ], [ 74.2485643, 15.6574913 ], [ 74.2489614, 15.6575001 ], [ 74.2492414, 15.6574849 ], [ 74.2498579, 15.6574054 ], [ 74.2502181, 15.6573098 ], [ 74.2504425, 15.6572579 ], [ 74.2504855, 15.6571635 ], [ 74.2503697, 15.6566656 ], [ 74.2501888, 15.656149 ], [ 74.2502147, 15.6561063 ], [ 74.2503598, 15.6558663 ], [ 74.2509222, 15.655322 ], [ 74.2510292, 15.6552184 ], [ 74.2517404, 15.65458 ], [ 74.2519765, 15.6543114 ], [ 74.2517874, 15.6537141 ], [ 74.2516294, 15.6532152 ], [ 74.2512949, 15.6522454 ], [ 74.2509762, 15.6511131 ], [ 74.2505466, 15.649885 ], [ 74.2502412, 15.6488162 ], [ 74.2500469, 15.6482498 ], [ 74.2496293, 15.6467689 ], [ 74.2494327, 15.6459857 ], [ 74.2492238, 15.6454687 ], [ 74.2476902, 15.6402192 ], [ 74.2456436, 15.6318115 ], [ 74.2441596, 15.6261084 ], [ 74.2449099, 15.6255213 ], [ 74.2482568, 15.6229024 ], [ 74.2521489, 15.6257655 ], [ 74.2525147, 15.625995 ], [ 74.2536398, 15.6267291 ], [ 74.2537237, 15.6267389 ], [ 74.2543264, 15.6262123 ], [ 74.2546039, 15.6259848 ], [ 74.2547318, 15.62581 ], [ 74.2549599, 15.6256876 ], [ 74.2549601, 15.6256825 ], [ 74.256554, 15.6248271 ], [ 74.2573622, 15.6242574 ], [ 74.2584768, 15.6233973 ], [ 74.2588394, 15.6226422 ], [ 74.2588394, 15.6222257 ], [ 74.2588395, 15.6213463 ], [ 74.2586155, 15.6209421 ], [ 74.2585893, 15.6207792 ], [ 74.2594014, 15.6203807 ], [ 74.2604551, 15.6198636 ], [ 74.2612074, 15.6192978 ], [ 74.2619013, 15.6185191 ], [ 74.2630718, 15.617226 ], [ 74.2641589, 15.6158779 ], [ 74.264298, 15.6155091 ], [ 74.264203, 15.6151947 ], [ 74.264046, 15.6146757 ], [ 74.2634097, 15.613161 ], [ 74.2630168, 15.6124072 ], [ 74.262849, 15.6115432 ], [ 74.2624887, 15.6108124 ], [ 74.2620224, 15.6086672 ], [ 74.2619098, 15.608425 ], [ 74.2613292, 15.6078872 ], [ 74.2599942, 15.6067266 ], [ 74.2599945, 15.6067251 ], [ 74.2599919, 15.6067228 ], [ 74.260047, 15.6063711 ], [ 74.2600742, 15.6047277 ], [ 74.2604114, 15.6033043 ], [ 74.2605528, 15.6018743 ], [ 74.2607991, 15.600662 ], [ 74.2606089, 15.5997163 ], [ 74.2604286, 15.59915 ], [ 74.2599289, 15.5981346 ], [ 74.2597854, 15.5978429 ], [ 74.2596921, 15.5974085 ], [ 74.2595921, 15.5963192 ], [ 74.2598442, 15.5950032 ], [ 74.2601095, 15.5937642 ], [ 74.2602491, 15.5929302 ], [ 74.2602477, 15.592633 ], [ 74.2596884, 15.5919664 ], [ 74.2573234, 15.5895083 ], [ 74.2555774, 15.5875758 ], [ 74.2545224, 15.5864135 ], [ 74.25338, 15.5851465 ], [ 74.2516872, 15.5834675 ], [ 74.2492445, 15.5808867 ], [ 74.2487437, 15.5803824 ], [ 74.2487441, 15.5803815 ], [ 74.2487413, 15.5803786 ], [ 74.2488468, 15.5801745 ], [ 74.2492252, 15.5794422 ], [ 74.2494062, 15.579155 ], [ 74.2505344, 15.5773651 ], [ 74.2503872, 15.5771565 ], [ 74.249908, 15.5764772 ], [ 74.2499074, 15.576476 ], [ 74.2499056, 15.5764734 ], [ 74.2492232, 15.5750728 ], [ 74.249014, 15.5747086 ], [ 74.2482567, 15.5732528 ], [ 74.246165, 15.5690054 ], [ 74.2453056, 15.5671959 ], [ 74.245223, 15.5667607 ], [ 74.245193, 15.5666026 ], [ 74.2453946, 15.5666619 ], [ 74.2463807, 15.5669518 ], [ 74.2492217, 15.5677873 ], [ 74.2496661, 15.5676519 ], [ 74.250304, 15.5672882 ], [ 74.2515184, 15.5662214 ], [ 74.2527686, 15.5652813 ], [ 74.254232, 15.5640409 ], [ 74.2551919, 15.5632198 ], [ 74.2566843, 15.5622958 ], [ 74.2571019, 15.5620562 ], [ 74.2575469, 15.561853 ], [ 74.2579114, 15.5617709 ], [ 74.2583318, 15.5616939 ], [ 74.258579, 15.5616783 ], [ 74.2590256, 15.5617597 ], [ 74.2593874, 15.5619349 ], [ 74.2597189, 15.5623131 ], [ 74.2597197, 15.5623151 ], [ 74.2597213, 15.5623169 ], [ 74.2601124, 15.563224 ], [ 74.2604037, 15.5638682 ], [ 74.2605805, 15.5641651 ], [ 74.2605823, 15.564168 ], [ 74.2609873, 15.5646508 ], [ 74.2612932, 15.5648119 ], [ 74.26174, 15.5648798 ], [ 74.2623323, 15.5644206 ], [ 74.2625584, 15.5642062 ], [ 74.2629473, 15.5640295 ], [ 74.2631534, 15.5639367 ], [ 74.2632527, 15.5638024 ], [ 74.2634748, 15.5635292 ], [ 74.2636404, 15.563305 ], [ 74.2638896, 15.5626844 ], [ 74.2640279, 15.5623923 ], [ 74.2640379, 15.5621882 ], [ 74.2640878, 15.5611691 ], [ 74.2642609, 15.5602452 ], [ 74.2645475, 15.5596023 ], [ 74.264769, 15.5591813 ], [ 74.2648712, 15.558987 ], [ 74.2653021, 15.5583682 ], [ 74.2660518, 15.5575856 ], [ 74.2676731, 15.5559357 ], [ 74.2689721, 15.5547883 ], [ 74.2702329, 15.5537173 ], [ 74.2709855, 15.5530973 ], [ 74.2716779, 15.552427 ], [ 74.2718823, 15.5520633 ], [ 74.2722584, 15.5513355 ], [ 74.2730117, 15.5502142 ], [ 74.2737323, 15.5495171 ], [ 74.2746548, 15.5487 ], [ 74.2755241, 15.5480585 ], [ 74.2765053, 15.5474136 ], [ 74.2772285, 15.5469107 ], [ 74.2779177, 15.5461093 ], [ 74.2784371, 15.5450443 ], [ 74.2786584, 15.5444029 ], [ 74.2787259, 15.5442073 ], [ 74.2788648, 15.5429804 ], [ 74.279213, 15.5413808 ], [ 74.2796428, 15.5399808 ], [ 74.2801669, 15.5384959 ], [ 74.2806562, 15.5372049 ], [ 74.280883, 15.5367482 ], [ 74.2812945, 15.5359197 ], [ 74.2816393, 15.5350607 ], [ 74.2821877, 15.5339102 ], [ 74.2822397, 15.5336395 ], [ 74.2823654, 15.5329863 ], [ 74.2825343, 15.5320081 ], [ 74.2826525, 15.5314177 ], [ 74.2826223, 15.5303246 ], [ 74.2824815, 15.5286704 ], [ 74.2822531, 15.527363 ], [ 74.281989, 15.5267779 ], [ 74.2817024, 15.5261337 ], [ 74.2817002, 15.5261304 ], [ 74.2813539, 15.5255974 ], [ 74.2808367, 15.5251497 ], [ 74.2794782, 15.5244767 ], [ 74.2788771, 15.5240326 ], [ 74.2785311, 15.5236994 ], [ 74.2785299, 15.5236968 ], [ 74.2781534, 15.5228467 ], [ 74.2781662, 15.5220836 ], [ 74.2781705, 15.5220276 ], [ 74.2784319, 15.5186093 ], [ 74.278472, 15.5174762 ], [ 74.2784696, 15.5174731 ], [ 74.2764723, 15.5148912 ], [ 74.2755248, 15.5137166 ], [ 74.2749028, 15.5130555 ], [ 74.2738675, 15.5122457 ], [ 74.2714776, 15.5108534 ], [ 74.2703513, 15.5102776 ], [ 74.2680175, 15.5093102 ], [ 74.264826, 15.5079277 ], [ 74.2631365, 15.5072829 ], [ 74.2603025, 15.506464 ], [ 74.2596679, 15.5061008 ], [ 74.2570424, 15.5045297 ], [ 74.2551707, 15.5030748 ], [ 74.2551677, 15.5030717 ], [ 74.2548112, 15.5027154 ], [ 74.2538153, 15.5017199 ], [ 74.2538132, 15.5017164 ], [ 74.2538129, 15.5017161 ], [ 74.2535931, 15.501348 ], [ 74.2535879, 15.5013284 ], [ 74.2534629, 15.5009422 ], [ 74.253461, 15.5009386 ], [ 74.2522941, 15.4993399 ], [ 74.252294, 15.4993392 ], [ 74.2522917, 15.4993361 ], [ 74.2521578, 15.4985979 ], [ 74.25091, 15.4918056 ], [ 74.25091, 15.49172 ], [ 74.2509101, 15.4915931 ], [ 74.251538, 15.4907662 ], [ 74.2514657, 15.4903675 ], [ 74.2508784, 15.4903285 ], [ 74.2508457, 15.4903263 ], [ 74.2502584, 15.490317 ], [ 74.2500309, 15.490206 ], [ 74.2498024, 15.4900946 ], [ 74.2490071, 15.4901588 ], [ 74.2484944, 15.4903083 ], [ 74.2482434, 15.4902282 ], [ 74.2480421, 15.4901639 ], [ 74.2477083, 15.4898907 ], [ 74.2474684, 15.4896943 ], [ 74.2468713, 15.4888314 ], [ 74.2468227, 15.488714 ], [ 74.2464978, 15.4879277 ], [ 74.2463334, 15.487594 ], [ 74.2462084, 15.4873403 ], [ 74.2459474, 15.4872365 ], [ 74.2455046, 15.4873679 ], [ 74.2449313, 15.4875717 ], [ 74.2437519, 15.487455 ], [ 74.2426049, 15.4872071 ], [ 74.2421275, 15.4870551 ], [ 74.2411456, 15.4867425 ], [ 74.2406674, 15.4864911 ], [ 74.2396768, 15.4859705 ], [ 74.2390807, 15.4856232 ], [ 74.2385997, 15.4853429 ], [ 74.2382666, 15.4852844 ], [ 74.237933, 15.4852259 ], [ 74.2372237, 15.4851265 ], [ 74.2370006, 15.4850953 ], [ 74.2360448, 15.4847478 ], [ 74.2351169, 15.4842287 ], [ 74.2339979, 15.4837051 ], [ 74.2331354, 15.4833936 ], [ 74.2325474, 15.4831407 ], [ 74.2320027, 15.4829063 ], [ 74.2315749, 15.4825814 ], [ 74.2314198, 15.4824637 ], [ 74.2311212, 15.4821203 ], [ 74.2310233, 15.481926 ], [ 74.2309207, 15.4817949 ], [ 74.2308914, 15.4817032 ], [ 74.2308645, 15.4816187 ], [ 74.2308471, 15.4813709 ], [ 74.2308363, 15.4812165 ], [ 74.2309152, 15.4808323 ], [ 74.2309496, 15.4807232 ], [ 74.2310549, 15.4803893 ], [ 74.2310548, 15.4802868 ], [ 74.2310548, 15.4802175 ], [ 74.2310733, 15.4800458 ], [ 74.2310665, 15.4799896 ], [ 74.2310546, 15.4798922 ], [ 74.2310125, 15.4797566 ], [ 74.2308961, 15.479706 ], [ 74.2308773, 15.4796978 ], [ 74.2307563, 15.4798336 ], [ 74.2305373, 15.4801772 ], [ 74.2303232, 15.4805434 ], [ 74.230273, 15.4805971 ], [ 74.2301415, 15.4807379 ], [ 74.2300709, 15.4808137 ], [ 74.2299646, 15.4809278 ], [ 74.2299139, 15.4809713 ], [ 74.2298063, 15.4810634 ], [ 74.2296711, 15.4810455 ], [ 74.2295368, 15.4809609 ], [ 74.2293913, 15.4808693 ], [ 74.2291955, 15.4807565 ], [ 74.2289858, 15.4806486 ], [ 74.2288972, 15.480603 ], [ 74.2281466, 15.4802011 ], [ 74.227671, 15.4798714 ], [ 74.227617, 15.4798295 ], [ 74.2265845, 15.4790269 ], [ 74.2259502, 15.4781278 ], [ 74.2258267, 15.4780065 ], [ 74.2256144, 15.477798 ], [ 74.2255125, 15.4776899 ], [ 74.2254185, 15.4775902 ], [ 74.2252578, 15.4773933 ], [ 74.2251201, 15.4772243 ], [ 74.2248214, 15.4766867 ], [ 74.2238932, 15.4755708 ], [ 74.2234782, 15.4751507 ], [ 74.2228627, 15.4745182 ], [ 74.2225728, 15.4743531 ], [ 74.2223871, 15.4742474 ], [ 74.2221824, 15.4741697 ], [ 74.2219349, 15.4740758 ], [ 74.2212917, 15.4737417 ], [ 74.2210616, 15.4736382 ], [ 74.2206996, 15.4734754 ], [ 74.2202426, 15.4732945 ], [ 74.2201635, 15.4732632 ], [ 74.2198466, 15.4732046 ], [ 74.2190357, 15.473205 ], [ 74.2187676, 15.4731815 ], [ 74.2184206, 15.4731511 ], [ 74.2183496, 15.4731177 ], [ 74.2177681, 15.472844 ], [ 74.2171154, 15.4726139 ], [ 74.2166027, 15.4724604 ], [ 74.2160853, 15.4722664 ], [ 74.2156428, 15.472151 ], [ 74.2153069, 15.4720635 ], [ 74.2152442, 15.4720154 ], [ 74.2148361, 15.4717021 ], [ 74.2148546, 15.4714444 ], [ 74.214724, 15.4712321 ], [ 74.2145236, 15.4711554 ], [ 74.2142858, 15.4710967 ], [ 74.2139084, 15.4711376 ], [ 74.2135543, 15.4711739 ], [ 74.2132979, 15.4711152 ], [ 74.2130975, 15.471043 ], [ 74.212883, 15.4708894 ], [ 74.2127243, 15.4705235 ], [ 74.2123885, 15.4700626 ], [ 74.2121089, 15.4699678 ], [ 74.211834, 15.469968 ], [ 74.2114985, 15.470045 ], [ 74.2110605, 15.4701175 ], [ 74.2107342, 15.4699594 ], [ 74.2100163, 15.4696027 ], [ 74.2096201, 15.4694085 ], [ 74.2091819, 15.4692777 ], [ 74.2080773, 15.4690296 ], [ 74.207425, 15.4690072 ], [ 74.2069077, 15.4689306 ], [ 74.2062553, 15.4687998 ], [ 74.2057797, 15.4684701 ], [ 74.2051876, 15.4681088 ], [ 74.2043159, 15.4674358 ], [ 74.2038031, 15.4670699 ], [ 74.2031505, 15.4667855 ], [ 74.202404, 15.4664371 ], [ 74.202125, 15.4663069 ], [ 74.2009459, 15.4659458 ], [ 74.200214, 15.4654444 ], [ 74.1998547, 15.4644863 ], [ 74.199421, 15.4639081 ], [ 74.1986332, 15.4631626 ], [ 74.1973654, 15.4626298 ], [ 74.1967315, 15.4623769 ], [ 74.1959156, 15.4614914 ], [ 74.1945492, 15.459309 ], [ 74.1939333, 15.4578809 ], [ 74.1924174, 15.4560726 ], [ 74.1911279, 15.455187 ], [ 74.1901863, 15.4543958 ], [ 74.1901135, 15.4538835 ], [ 74.1901937, 15.4535643 ], [ 74.1904108, 15.4527008 ], [ 74.1903183, 15.4504385 ], [ 74.1899416, 15.4490321 ], [ 74.1897675, 15.4483824 ], [ 74.1892917, 15.4473475 ], [ 74.1894499, 15.446769 ], [ 74.1894672, 15.4467075 ], [ 74.1896871, 15.4459283 ], [ 74.1888151, 15.4445817 ], [ 74.18841, 15.443899 ], [ 74.1883183, 15.4437446 ], [ 74.1880643, 15.4433166 ], [ 74.1875095, 15.442702 ], [ 74.1869382, 15.4424162 ], [ 74.1862187, 15.4420562 ], [ 74.1845038, 15.4415144 ], [ 74.1837164, 15.4412842 ], [ 74.1831151, 15.4409951 ], [ 74.1824588, 15.4403367 ], [ 74.1824485, 15.4403264 ], [ 74.1814184, 15.4392873 ], [ 74.1810531, 15.4387401 ], [ 74.1809056, 15.4385191 ], [ 74.1807084, 15.4381613 ], [ 74.1799123, 15.4367161 ], [ 74.1797177, 15.436493 ], [ 74.1794789, 15.436219 ], [ 74.1794599, 15.4361639 ], [ 74.1794508, 15.4361377 ], [ 74.1768141, 15.4369656 ], [ 74.1746526, 15.4376034 ], [ 74.1729522, 15.4380648 ], [ 74.1716012, 15.4383544 ], [ 74.1713732, 15.4384087 ], [ 74.1711259, 15.4384676 ], [ 74.1708745, 15.4387072 ], [ 74.170862, 15.4387506 ], [ 74.1707861, 15.4390145 ], [ 74.170616, 15.4393944 ], [ 74.1704137, 15.4398462 ], [ 74.1702648, 15.4403298 ], [ 74.1701066, 15.4407908 ], [ 74.1699922, 15.4410365 ], [ 74.169911, 15.4412111 ], [ 74.1697918, 15.4414425 ], [ 74.1697527, 15.4415185 ], [ 74.1697007, 15.441569 ], [ 74.1696735, 15.4415955 ], [ 74.1695152, 15.4418259 ], [ 74.1692776, 15.4420565 ], [ 74.1692296, 15.4421032 ], [ 74.1691985, 15.4421334 ], [ 74.1691742, 15.4421303 ], [ 74.1688816, 15.4420928 ], [ 74.1685275, 15.4420566 ], [ 74.1682479, 15.4419392 ], [ 74.1678519, 15.4418625 ], [ 74.1671435, 15.4414424 ], [ 74.1652843, 15.440792 ], [ 74.1645713, 15.4405209 ], [ 74.1642544, 15.4403673 ], [ 74.1639515, 15.440182 ], [ 74.1630292, 15.4409235 ], [ 74.1617247, 15.4411768 ], [ 74.1610118, 15.4410278 ], [ 74.1600285, 15.4402643 ], [ 74.1595206, 15.4401107 ], [ 74.1585143, 15.4402555 ], [ 74.1581321, 15.4401109 ], [ 74.1577313, 15.4394647 ], [ 74.1570929, 15.4391349 ], [ 74.1562307, 15.4386243 ], [ 74.155709, 15.4388187 ], [ 74.155094, 15.4389454 ], [ 74.1546933, 15.4393884 ], [ 74.1541205, 15.4397862 ], [ 74.154046, 15.4402698 ], [ 74.1536362, 15.4409161 ], [ 74.1523083, 15.4407311 ], [ 74.1523966, 15.4398678 ], [ 74.152075, 15.4393752 ], [ 74.1520609, 15.4388961 ], [ 74.1517532, 15.4384984 ], [ 74.1510543, 15.4382726 ], [ 74.1499873, 15.4381462 ], [ 74.1493164, 15.4378209 ], [ 74.1487478, 15.4374188 ], [ 74.1479884, 15.4376267 ], [ 74.1472989, 15.4376766 ], [ 74.14626, 15.437975 ], [ 74.1455751, 15.4378394 ], [ 74.1445966, 15.4380474 ], [ 74.1435763, 15.4378035 ], [ 74.1423695, 15.4375369 ], [ 74.1409158, 15.4372613 ], [ 74.139793, 15.4374332 ], [ 74.1389778, 15.4378084 ], [ 74.1386562, 15.4376366 ], [ 74.1385769, 15.4369453 ], [ 74.1385292, 15.4368571 ], [ 74.137682, 15.4352912 ], [ 74.137286, 15.4351374 ], [ 74.1362189, 15.4345997 ], [ 74.1354687, 15.4343694 ], [ 74.1350913, 15.4340981 ], [ 74.134658, 15.4338903 ], [ 74.134262, 15.4336779 ], [ 74.1337867, 15.433583 ], [ 74.1335305, 15.433583 ], [ 74.1332323, 15.4335831 ], [ 74.1326919, 15.4337955 ], [ 74.1322167, 15.4341209 ], [ 74.1315878, 15.4344825 ], [ 74.1312104, 15.4347537 ], [ 74.1306374, 15.4348847 ], [ 74.1299245, 15.4349841 ], [ 74.1289369, 15.4351559 ], [ 74.1282054, 15.435269 ], [ 74.1277536, 15.4356757 ], [ 74.1271199, 15.436096 ], [ 74.1266448, 15.4364214 ], [ 74.1264072, 15.436557 ], [ 74.1261509, 15.4367107 ], [ 74.1258947, 15.4367649 ], [ 74.125699, 15.4367468 ], [ 74.1248794, 15.4367379 ], [ 74.1246044, 15.4362454 ], [ 74.1236816, 15.4353054 ], [ 74.1228008, 15.434718 ], [ 74.1210996, 15.4332766 ], [ 74.120214, 15.4317763 ], [ 74.1198272, 15.4311706 ], [ 74.1190535, 15.43052 ], [ 74.1177394, 15.4304388 ], [ 74.1173479, 15.4302717 ], [ 74.1170799, 15.4307558 ], [ 74.1166951, 15.4312699 ], [ 74.1160138, 15.4319923 ], [ 74.1154511, 15.4325627 ], [ 74.1145652, 15.4335848 ], [ 74.1140386, 15.4342325 ], [ 74.113518, 15.434799 ], [ 74.1131147, 15.4352947 ], [ 74.1127115, 15.4357905 ], [ 74.1122304, 15.436204 ], [ 74.1116292, 15.4365434 ], [ 74.1107499, 15.4371094 ], [ 74.1098661, 15.437978 ], [ 74.1092441, 15.4384707 ], [ 74.1087602, 15.4390603 ], [ 74.108079, 15.4397781 ], [ 74.1076164, 15.4401963 ], [ 74.1073749, 15.4404594 ], [ 74.1071514, 15.440768 ], [ 74.1069097, 15.4410492 ], [ 74.1066283, 15.4411808 ], [ 74.1065735, 15.4411032 ], [ 74.1062376, 15.440832 ], [ 74.1059469, 15.4406519 ], [ 74.1053364, 15.440047 ], [ 74.1050853, 15.4397002 ], [ 74.1050294, 15.4393923 ], [ 74.1050558, 15.4391804 ], [ 74.1052198, 15.4387986 ], [ 74.105399, 15.4386476 ], [ 74.1055427, 15.4383785 ], [ 74.1056253, 15.4381493 ], [ 74.1054483, 15.4378396 ], [ 74.1051327, 15.4377585 ], [ 74.1047031, 15.4375221 ], [ 74.1044269, 15.4373059 ], [ 74.1042215, 15.4367068 ], [ 74.1040726, 15.4360723 ], [ 74.1039773, 15.4355921 ], [ 74.1036669, 15.4351632 ], [ 74.103535, 15.4349491 ], [ 74.1031796, 15.4347318 ], [ 74.102345, 15.4347969 ], [ 74.1018936, 15.4347725 ], [ 74.101599, 15.4345381 ], [ 74.1009456, 15.4343166 ], [ 74.1003114, 15.4343665 ], [ 74.0990722, 15.4340781 ], [ 74.0983818, 15.433838 ], [ 74.0980259, 15.4336614 ], [ 74.0973814, 15.433151 ], [ 74.0968117, 15.4329353 ], [ 74.0966541, 15.4328924 ], [ 74.0964367, 15.4327945 ], [ 74.096237, 15.432751 ], [ 74.0961814, 15.4327322 ], [ 74.0961017, 15.4327717 ], [ 74.0959975, 15.4328832 ], [ 74.0959775, 15.4329778 ], [ 74.0959574, 15.4330769 ], [ 74.0960171, 15.4331319 ], [ 74.0961943, 15.4331163 ], [ 74.0963527, 15.4331186 ], [ 74.0964502, 15.433138 ], [ 74.0964118, 15.4332142 ], [ 74.0963314, 15.4332899 ], [ 74.09627, 15.4333478 ], [ 74.09619, 15.4334054 ], [ 74.0960097, 15.4336333 ], [ 74.0958485, 15.4338207 ], [ 74.0955621, 15.434291 ], [ 74.0954176, 15.4346142 ], [ 74.0949604, 15.4349737 ], [ 74.0943567, 15.4354848 ], [ 74.0942311, 15.4357902 ], [ 74.094127, 15.4362133 ], [ 74.0940613, 15.4365557 ], [ 74.0939395, 15.4369199 ], [ 74.0938104, 15.4374556 ], [ 74.093708, 15.4377614 ], [ 74.0937445, 15.4381278 ], [ 74.0938787, 15.438342 ], [ 74.0941512, 15.4388066 ], [ 74.0943664, 15.439058 ], [ 74.0946179, 15.4393688 ], [ 74.0947719, 15.43966 ], [ 74.0947878, 15.43985 ], [ 74.0947668, 15.4400033 ], [ 74.0947223, 15.4401788 ], [ 74.0945416, 15.4404248 ], [ 74.0941486, 15.4411736 ], [ 74.0939025, 15.4417484 ], [ 74.0935943, 15.4427424 ], [ 74.0930869, 15.4433496 ], [ 74.0927014, 15.4438998 ], [ 74.0923771, 15.4444148 ], [ 74.0920163, 15.4448705 ], [ 74.0918527, 15.4452161 ], [ 74.091566, 15.4457089 ], [ 74.0914254, 15.4460729 ], [ 74.091124, 15.446299 ], [ 74.090922, 15.4464136 ], [ 74.0907858, 15.4464886 ], [ 74.0905466, 15.4465981 ], [ 74.0903082, 15.4466535 ], [ 74.089948, 15.4467658 ], [ 74.0897283, 15.446817 ], [ 74.0894105, 15.4468893 ], [ 74.0891912, 15.4469089 ], [ 74.088978, 15.4468471 ], [ 74.0886205, 15.4467654 ], [ 74.0883039, 15.4467609 ], [ 74.08803, 15.4466983 ], [ 74.0876342, 15.4466927 ], [ 74.0874945, 15.4466908 ], [ 74.0872103, 15.447012 ], [ 74.0870484, 15.4472402 ], [ 74.086965, 15.4475281 ], [ 74.0867622, 15.448004 ], [ 74.0866555, 15.4485988 ], [ 74.0866082, 15.4489641 ], [ 74.0865681, 15.4491533 ], [ 74.0862445, 15.449614 ], [ 74.0858636, 15.4498571 ], [ 74.0852624, 15.450192 ], [ 74.0845269, 15.4504707 ], [ 74.0839877, 15.4507161 ], [ 74.0830485, 15.4512179 ], [ 74.0824519, 15.4515573 ], [ 74.0811142, 15.4522478 ], [ 74.0801587, 15.4526002 ], [ 74.0798216, 15.4527129 ], [ 74.0795413, 15.4527676 ], [ 74.079303, 15.4528185 ], [ 74.078984, 15.4529676 ], [ 74.0787583, 15.4534252 ], [ 74.0785735, 15.4539421 ], [ 74.0784249, 15.4545363 ], [ 74.0782401, 15.4550532 ], [ 74.0777746, 15.455661 ], [ 74.0773524, 15.45617 ], [ 74.0769875, 15.456585 ], [ 74.0765828, 15.4571756 ], [ 74.0764536, 15.4577113 ], [ 74.0764877, 15.4582313 ], [ 74.0765174, 15.4587332 ], [ 74.076554, 15.4590951 ], [ 74.0764061, 15.4596351 ], [ 74.0763835, 15.4599013 ], [ 74.0764185, 15.4600553 ], [ 74.0764164, 15.4601908 ], [ 74.076536, 15.4602874 ], [ 74.0766147, 15.4603292 ], [ 74.076837, 15.4601019 ], [ 74.0770762, 15.4599879 ], [ 74.0773336, 15.4599147 ], [ 74.0775338, 15.4599175 ], [ 74.0776686, 15.4599375 ], [ 74.0779029, 15.4601531 ], [ 74.0782941, 15.4604658 ], [ 74.0787852, 15.460956 ], [ 74.0791759, 15.4613049 ], [ 74.079525, 15.461635 ], [ 74.0799742, 15.4621247 ], [ 74.0804601, 15.462651 ], [ 74.0808851, 15.4631991 ], [ 74.0812304, 15.4637777 ], [ 74.0815408, 15.4642067 ], [ 74.0819544, 15.4645784 ], [ 74.0824249, 15.4648922 ], [ 74.0830904, 15.4652449 ], [ 74.0838012, 15.4653723 ], [ 74.0849713, 15.4656192 ], [ 74.0857805, 15.4657073 ], [ 74.08693, 15.4657822 ], [ 74.0877622, 15.4658887 ], [ 74.0888244, 15.4661928 ], [ 74.0904515, 15.4667261 ], [ 74.090767, 15.4668073 ], [ 74.0911194, 15.4669161 ], [ 74.095399, 15.468034 ], [ 74.094835, 15.4696928 ], [ 74.0946485, 15.469982 ], [ 74.0944388, 15.4702712 ], [ 74.0941218, 15.4707232 ], [ 74.0938421, 15.4712385 ], [ 74.0935345, 15.4717763 ], [ 74.0932967, 15.4721605 ], [ 74.0930077, 15.4727073 ], [ 74.0926395, 15.4733537 ], [ 74.092453, 15.4736881 ], [ 74.0922153, 15.4740045 ], [ 74.0919496, 15.4743525 ], [ 74.0916093, 15.4747864 ], [ 74.0913156, 15.4752926 ], [ 74.0908122, 15.4757084 ], [ 74.0902575, 15.475844 ], [ 74.0897634, 15.4759569 ], [ 74.0885142, 15.4762055 ], [ 74.0879409, 15.4762642 ], [ 74.0873862, 15.4763817 ], [ 74.0867522, 15.4764586 ], [ 74.0860577, 15.4767659 ], [ 74.0849903, 15.4773624 ], [ 74.0844356, 15.4778053 ], [ 74.0838808, 15.478551 ], [ 74.0835218, 15.4791115 ], [ 74.0833074, 15.4796493 ], [ 74.0832048, 15.4800154 ], [ 74.0831069, 15.4802052 ], [ 74.0827712, 15.480169 ], [ 74.0822166, 15.4800921 ], [ 74.0810652, 15.4802051 ], [ 74.0793637, 15.4811496 ], [ 74.0782543, 15.4818409 ], [ 74.0776389, 15.4822071 ], [ 74.077266, 15.4826273 ], [ 74.0767112, 15.4830115 ], [ 74.0762125, 15.4832239 ], [ 74.0749445, 15.4836485 ], [ 74.0743104, 15.4839921 ], [ 74.0739142, 15.4842812 ], [ 74.0734107, 15.4849048 ], [ 74.0732614, 15.4854337 ], [ 74.0727764, 15.4863782 ], [ 74.0724595, 15.4868392 ], [ 74.0720119, 15.4875578 ], [ 74.0717134, 15.4881092 ], [ 74.0714383, 15.488674 ], [ 74.0709721, 15.4893068 ], [ 74.070683, 15.4896457 ], [ 74.0704685, 15.4901429 ], [ 74.0704266, 15.4902694 ], [ 74.070198, 15.4907891 ], [ 74.0700208, 15.4910964 ], [ 74.0699509, 15.4912998 ], [ 74.0698343, 15.4915891 ], [ 74.0697642, 15.4921179 ], [ 74.0697736, 15.4923483 ], [ 74.0697921, 15.4926557 ], [ 74.0698201, 15.4930308 ], [ 74.0698712, 15.4935326 ], [ 74.0698712, 15.4940479 ], [ 74.0698618, 15.4943189 ], [ 74.0698712, 15.4944727 ], [ 74.0698897, 15.4946174 ], [ 74.0700203, 15.4947439 ], [ 74.0702673, 15.4949834 ], [ 74.0705562, 15.4953768 ], [ 74.0708639, 15.4958106 ], [ 74.0710317, 15.4962491 ], [ 74.0711808, 15.4965112 ], [ 74.0711388, 15.496701 ], [ 74.071148, 15.4973292 ], [ 74.0711624, 15.4976118 ], [ 74.0711666, 15.4976955 ], [ 74.0710593, 15.4980659 ], [ 74.070952, 15.4983779 ], [ 74.0707048, 15.4988162 ], [ 74.0703738, 15.499241 ], [ 74.0699589, 15.499598 ], [ 74.0698703, 15.4998376 ], [ 74.0691347, 15.5008139 ], [ 74.0684457, 15.5016803 ], [ 74.0672592, 15.5015817 ], [ 74.066462, 15.5025144 ], [ 74.0654118, 15.5035427 ], [ 74.0644927, 15.5042206 ], [ 74.0637715, 15.5047658 ], [ 74.0629564, 15.5059556 ], [ 74.0623945, 15.5064352 ], [ 74.0608514, 15.507095 ], [ 74.0581472, 15.5081128 ], [ 74.0559328, 15.5090925 ], [ 74.0541076, 15.5099106 ], [ 74.0519443, 15.5108956 ], [ 74.0500825, 15.5131724 ], [ 74.0480169, 15.5150668 ], [ 74.0471989, 15.5161254 ], [ 74.0453033, 15.5199648 ], [ 74.0439644, 15.5227642 ], [ 74.0435905, 15.5234319 ], [ 74.0426231, 15.5244608 ], [ 74.0419605, 15.5251654 ], [ 74.040702, 15.525784 ], [ 74.0397482, 15.5265922 ], [ 74.0378, 15.5293059 ], [ 74.0375864, 15.5298494 ], [ 74.037606, 15.5303828 ], [ 74.0377449, 15.5313381 ], [ 74.03799, 15.53206 ], [ 74.0386851, 15.5335022 ], [ 74.0394103, 15.5351166 ], [ 74.0394442, 15.5353208 ], [ 74.0390206, 15.5361952 ], [ 74.0387421, 15.5370224 ], [ 74.0387417, 15.5373432 ], [ 74.0395671, 15.53731 ], [ 74.0407725, 15.5383126 ], [ 74.0394828, 15.5388313 ], [ 74.0397745, 15.5392512 ], [ 74.0409292, 15.5393178 ], [ 74.0398939, 15.5408567 ], [ 74.039845, 15.5419086 ], [ 74.0402274, 15.5421646 ], [ 74.0407904, 15.5425414 ], [ 74.0424948, 15.5456203 ], [ 74.0432893, 15.5469647 ], [ 74.0432699, 15.5485185 ], [ 74.0434223, 15.5495056 ], [ 74.0440066, 15.5505849 ], [ 74.0455614, 15.5522024 ], [ 74.0472037, 15.5538844 ], [ 74.0487009, 15.554715 ], [ 74.0502007, 15.5562684 ], [ 74.0514621, 15.557877 ], [ 74.0533678, 15.5600146 ], [ 74.0543481, 15.5611177 ], [ 74.0548432, 15.5619471 ], [ 74.0552911, 15.5640228 ], [ 74.0557374, 15.5658996 ], [ 74.0552725, 15.5663837 ], [ 74.0531272, 15.5686174 ], [ 74.0515198, 15.5703696 ], [ 74.0490403, 15.5706631 ], [ 74.0460455, 15.5711164 ], [ 74.0433072, 15.5712616 ], [ 74.0421731, 15.5704544 ], [ 74.0410853, 15.5696749 ], [ 74.0395742, 15.5691377 ], [ 74.0381288, 15.5685699 ], [ 74.03695, 15.5679428 ], [ 74.0351547, 15.5668005 ], [ 74.0340503, 15.5658943 ], [ 74.033531, 15.5654213 ], [ 74.0331739, 15.5650049 ], [ 74.0310587, 15.5649513 ], [ 74.0299059, 15.5650563 ], [ 74.029181, 15.5652083 ], [ 74.0284729, 15.5657852 ], [ 74.0276578, 15.5663379 ], [ 74.0264427, 15.5665505 ], [ 74.0247232, 15.5647451 ], [ 74.0236336, 15.564083 ], [ 74.0230087, 15.5638073 ], [ 74.0225272, 15.5637843 ], [ 74.022189, 15.5637681 ], [ 74.0215727, 15.5641294 ], [ 74.0196994, 15.563519 ], [ 74.0169318, 15.5658229 ], [ 74.0142729, 15.5653725 ], [ 74.0114266, 15.566758 ], [ 74.0082429, 15.5662265 ], [ 74.0082189, 15.5662226 ], [ 74.0070434, 15.5671719 ], [ 74.0058027, 15.5675194 ], [ 74.0048717, 15.5671533 ], [ 74.0042805, 15.5671038 ], [ 74.0035004, 15.5672051 ], [ 74.0027265, 15.567519 ], [ 74.0021879, 15.5679719 ], [ 74.0014971, 15.5689238 ], [ 74.0003974, 15.5703758 ], [ 73.9997676, 15.5707099 ], [ 73.9982067, 15.5721413 ], [ 73.99734, 15.5756569 ], [ 73.9971498, 15.5776555 ], [ 73.9971638, 15.5782521 ], [ 73.9973715, 15.5795518 ], [ 73.9975344, 15.5801641 ], [ 73.9979165, 15.5813444 ], [ 73.9977823, 15.5818755 ], [ 73.9973971, 15.5823532 ], [ 73.9961064, 15.5834997 ], [ 73.9955682, 15.5836317 ], [ 73.9923528, 15.5838684 ], [ 73.990875, 15.5841717 ], [ 73.9900389, 15.5825193 ], [ 73.9898097, 15.5834465 ], [ 73.989549, 15.5851865 ], [ 73.9890882, 15.5863181 ], [ 73.9890035, 15.5875367 ], [ 73.988807, 15.5881708 ], [ 73.9881078, 15.5908078 ], [ 73.9879866, 15.5913979 ], [ 73.987458, 15.5918057 ], [ 73.9870599, 15.5919217 ], [ 73.9863766, 15.5923858 ], [ 73.9855098, 15.5947087 ], [ 73.9853491, 15.59514 ], [ 73.984204, 15.5973773 ], [ 73.983855, 15.5979279 ], [ 73.9835909, 15.5978245 ], [ 73.9833151, 15.5978746 ], [ 73.9830019, 15.5979286 ], [ 73.9826446, 15.5981176 ], [ 73.9823294, 15.5982936 ], [ 73.982025, 15.5983839 ], [ 73.9817107, 15.5982165 ], [ 73.9815679, 15.5981015 ], [ 73.9814075, 15.5979319 ], [ 73.9811777, 15.5974315 ], [ 73.9809984, 15.5969815 ], [ 73.9808757, 15.5967809 ], [ 73.9805994, 15.596569 ], [ 73.980271, 15.5964059 ], [ 73.9800421, 15.5964386 ], [ 73.9797826, 15.5966335 ], [ 73.979224, 15.5971673 ], [ 73.9789437, 15.5972038 ], [ 73.9783936, 15.5972046 ], [ 73.978094, 15.5972769 ], [ 73.9778533, 15.597463 ], [ 73.9776617, 15.5977854 ], [ 73.9776013, 15.5980692 ], [ 73.9775435, 15.598475 ], [ 73.9773957, 15.598676 ], [ 73.9770821, 15.5987617 ], [ 73.9769009, 15.5987183 ], [ 73.9766993, 15.5985029 ], [ 73.9766347, 15.5981676 ], [ 73.9763404, 15.5973319 ], [ 73.9760849, 15.5969802 ], [ 73.9755817, 15.5966745 ], [ 73.9750716, 15.5965042 ], [ 73.9742638, 15.5959996 ], [ 73.9735375, 15.5959391 ], [ 73.9728834, 15.5968851 ], [ 73.9731209, 15.5978016 ], [ 73.9732073, 15.5983346 ], [ 73.9727482, 15.5989155 ], [ 73.9718587, 15.6000815 ], [ 73.9716659, 15.6003604 ], [ 73.9715961, 15.6013629 ], [ 73.9714553, 15.6019165 ], [ 73.9705506, 15.6029077 ], [ 73.9700282, 15.6035221 ], [ 73.9690234, 15.603639 ], [ 73.9681306, 15.6037255 ], [ 73.9673271, 15.6039053 ], [ 73.9667426, 15.6043203 ], [ 73.9658271, 15.605023 ], [ 73.9650676, 15.6055392 ], [ 73.9643344, 15.605964 ], [ 73.963259, 15.6064144 ], [ 73.9624844, 15.6068466 ], [ 73.9623462, 15.6068881 ], [ 73.9618375, 15.6070408 ], [ 73.9609221, 15.6072469 ], [ 73.9604693, 15.6073666 ], [ 73.9594346, 15.607543 ], [ 73.9583113, 15.6078459 ], [ 73.9571893, 15.6080648 ], [ 73.9561827, 15.6082908 ], [ 73.9551049, 15.6085824 ], [ 73.9534464, 15.6089385 ], [ 73.9524641, 15.6091916 ], [ 73.95192, 15.6094073 ], [ 73.9512724, 15.6098972 ], [ 73.9507531, 15.6103612 ], [ 73.9496456, 15.6111918 ], [ 73.9487134, 15.6119254 ], [ 73.9478099, 15.6123814 ], [ 73.9469941, 15.6128128 ], [ 73.9460456, 15.6135261 ], [ 73.945376, 15.6142486 ], [ 73.9449662, 15.6148302 ], [ 73.94481, 15.6150477 ], [ 73.9446855, 15.6158534 ], [ 73.9446249, 15.6164219 ], [ 73.944692, 15.6168667 ], [ 73.9452374, 15.6173417 ], [ 73.945735, 15.6177255 ], [ 73.9464875, 15.6181772 ], [ 73.9473641, 15.6186068 ], [ 73.9480364, 15.6189051 ], [ 73.9487814, 15.6193087 ], [ 73.9494944, 15.6196477 ], [ 73.9508953, 15.6203413 ], [ 73.9516258, 15.6206247 ], [ 73.9522774, 15.6205574 ], [ 73.9532188, 15.6205555 ], [ 73.9541377, 15.6204173 ], [ 73.954832, 15.6203718 ], [ 73.9555918, 15.6203753 ], [ 73.9563277, 15.6203143 ], [ 73.9565841, 15.6202862 ], [ 73.9570656, 15.6201333 ], [ 73.9572783, 15.6199948 ], [ 73.9580047, 15.6200138 ], [ 73.9586039, 15.6197266 ], [ 73.9588619, 15.6196024 ], [ 73.9594378, 15.6192189 ], [ 73.9599479, 15.6188263 ], [ 73.9604037, 15.618506 ], [ 73.9605762, 15.6186742 ], [ 73.9610959, 15.6189743 ], [ 73.9619364, 15.6193671 ], [ 73.9627424, 15.6198476 ], [ 73.9638677, 15.6205677 ], [ 73.9647334, 15.6211892 ], [ 73.9656401, 15.6218312 ], [ 73.9667046, 15.6227362 ], [ 73.9675401, 15.6234372 ], [ 73.9684952, 15.6242041 ], [ 73.969451, 15.6246754 ], [ 73.9704225, 15.62544 ], [ 73.9714219, 15.6262185 ], [ 73.9708326, 15.6274063 ], [ 73.9709541, 15.6273914 ], [ 73.9735506, 15.6275878 ], [ 73.9759401, 15.6269542 ], [ 73.9765611, 15.6267992 ], [ 73.9765814, 15.6268493 ], [ 73.9766725, 15.6271277 ], [ 73.976844, 15.62712 ], [ 73.9770158, 15.6270739 ], [ 73.9772074, 15.6270224 ], [ 73.9772501, 15.6270097 ], [ 73.9775384, 15.6270418 ], [ 73.9776976, 15.6270507 ], [ 73.9781081, 15.6270733 ], [ 73.978182, 15.6270775 ], [ 73.9782492, 15.6270812 ], [ 73.9785002, 15.6270949 ], [ 73.9786562, 15.6271036 ], [ 73.9790505, 15.6271255 ], [ 73.9793765, 15.6266436 ], [ 73.9799888, 15.6256216 ], [ 73.9801559, 15.6253032 ], [ 73.9802874, 15.6250749 ], [ 73.9802878, 15.6250739 ], [ 73.9805079, 15.6246493 ], [ 73.9805889, 15.6244745 ], [ 73.9806287, 15.624415 ], [ 73.9808432, 15.6240938 ], [ 73.9808949, 15.6240449 ], [ 73.9811542, 15.6237996 ], [ 73.9811636, 15.6237906 ], [ 73.9814783, 15.6234902 ], [ 73.981725, 15.6232519 ], [ 73.9819473, 15.6230083 ], [ 73.982194, 15.6227486 ], [ 73.9825303, 15.6223911 ], [ 73.9827738, 15.6221456 ], [ 73.9827844, 15.6221349 ], [ 73.9828913, 15.6220247 ], [ 73.98308, 15.6218056 ], [ 73.9832605, 15.6216028 ], [ 73.9832632, 15.6216001 ], [ 73.9834211, 15.6214378 ], [ 73.9834336, 15.621425 ], [ 73.9838807, 15.6209605 ], [ 73.9843226, 15.620525 ], [ 73.9844018, 15.6204469 ], [ 73.9844183, 15.6204306 ], [ 73.9850676, 15.6196193 ], [ 73.9851762, 15.6194737 ], [ 73.985291, 15.6193199 ], [ 73.9852994, 15.6193079 ], [ 73.9859426, 15.618446 ], [ 73.9868238, 15.6175845 ], [ 73.9870017, 15.6174281 ], [ 73.9870169, 15.6174147 ], [ 73.9878523, 15.6166802 ], [ 73.9881692, 15.616235 ], [ 73.9886647, 15.6155393 ], [ 73.9887791, 15.6153788 ], [ 73.9891005, 15.614935 ], [ 73.9892271, 15.6147602 ], [ 73.9902087, 15.6134046 ], [ 73.9902381, 15.6132922 ], [ 73.9905156, 15.6122312 ], [ 73.9910715, 15.6119378 ], [ 73.9913357, 15.6117983 ], [ 73.9933585, 15.6106381 ], [ 73.9946247, 15.6106691 ], [ 73.9956937, 15.6106763 ], [ 73.996701, 15.6106966 ], [ 73.9967157, 15.6106975 ], [ 73.9972533, 15.6107284 ], [ 73.9977726, 15.6108108 ], [ 73.9979305, 15.6108358 ], [ 73.9985932, 15.6108795 ], [ 73.9998918, 15.610989 ], [ 74.0000849, 15.6110041 ], [ 74.0006408, 15.6110479 ], [ 74.0012766, 15.6110861 ], [ 74.0020727, 15.6111369 ], [ 74.0032964, 15.6108932 ], [ 74.0035591, 15.6108671 ], [ 74.0051768, 15.6106745 ], [ 74.0056318, 15.6106066 ], [ 74.0062408, 15.6105146 ], [ 74.0066079, 15.6104568 ], [ 74.0072655, 15.6103553 ], [ 74.0080953, 15.6102539 ], [ 74.0088353, 15.6101587 ], [ 74.0092008, 15.6100653 ], [ 74.0093116, 15.6100474 ], [ 74.0093923, 15.6100377 ], [ 74.0096207, 15.6098664 ], [ 74.010423, 15.609582 ], [ 74.0110643, 15.6093594 ], [ 74.0119778, 15.6090383 ], [ 74.0134248, 15.6085615 ], [ 74.0147794, 15.6080353 ], [ 74.0158911, 15.607647 ], [ 74.0177025, 15.6070501 ], [ 74.0183807, 15.6068543 ], [ 74.0207972, 15.6060852 ], [ 74.0213767, 15.6064299 ], [ 74.0220891, 15.6068596 ], [ 74.0224342, 15.6072128 ], [ 74.0233044, 15.6080861 ], [ 74.0234429, 15.6082567 ], [ 74.0239412, 15.6087548 ], [ 74.0241961, 15.6090065 ], [ 74.0244188, 15.6091305 ], [ 74.0247583, 15.6092568 ], [ 74.0252295, 15.6093669 ], [ 74.0253999, 15.6094436 ], [ 74.0258979, 15.6104907 ], [ 74.0263404, 15.6114483 ], [ 74.0264239, 15.6116146 ], [ 74.0266621, 15.6124517 ], [ 74.0268174, 15.6131139 ], [ 74.0269714, 15.6136184 ], [ 74.0272174, 15.614809 ], [ 74.0274831, 15.6158792 ], [ 74.0277066, 15.6167419 ], [ 74.0278611, 15.6168695 ], [ 74.0281195, 15.6171494 ], [ 74.028428, 15.6175662 ], [ 74.0286305, 15.6178682 ], [ 74.0288933, 15.6182869 ], [ 74.0295433, 15.6195423 ], [ 74.0296778, 15.6198191 ], [ 74.0299098, 15.620273 ], [ 74.0301082, 15.6206878 ], [ 74.0302142, 15.6209955 ], [ 74.0303095, 15.621216 ], [ 74.0303813, 15.6213215 ], [ 74.0304015, 15.6213363 ], [ 74.0303655, 15.6213801 ], [ 74.030431, 15.6214718 ], [ 74.0306775, 15.6217135 ], [ 74.0307101, 15.6217627 ], [ 74.0307634, 15.6218135 ], [ 74.0311561, 15.6226113 ], [ 74.0314295, 15.6225869 ], [ 74.0316645, 15.6225657 ], [ 74.0325473, 15.6225408 ], [ 74.032812, 15.6225655 ], [ 74.0343986, 15.622976 ], [ 74.0355779, 15.6233001 ], [ 74.0363101, 15.6234441 ], [ 74.0369688, 15.6235294 ], [ 74.0373561, 15.6235718 ], [ 74.0388889, 15.623847 ], [ 74.0395598, 15.6240417 ], [ 74.0409444, 15.6244058 ], [ 74.0414335, 15.6245092 ], [ 74.0418629, 15.6243719 ], [ 74.0420848, 15.624319 ], [ 74.0422274, 15.6243229 ], [ 74.0430762, 15.6243395 ], [ 74.0435404, 15.6243486 ], [ 74.0435674, 15.62435 ], [ 74.0442294, 15.6243836 ], [ 74.0447809, 15.6244177 ], [ 74.0461698, 15.6244982 ], [ 74.0461916, 15.6245002 ], [ 74.0463881, 15.6245176 ], [ 74.0471373, 15.6245846 ], [ 74.0477593, 15.6246465 ], [ 74.0495883, 15.6248051 ], [ 74.0503227, 15.6248667 ], [ 74.0505964, 15.6248739 ], [ 74.0506852, 15.6248924 ], [ 74.0508583, 15.6249589 ], [ 74.0510541, 15.6250307 ], [ 74.0511224, 15.625058 ], [ 74.0517656, 15.6252464 ], [ 74.0523428, 15.6253987 ], [ 74.0529026, 15.6255591 ], [ 74.0530008, 15.6255878 ], [ 74.053306, 15.6256643 ], [ 74.0540313, 15.625843 ], [ 74.0542827, 15.6258977 ], [ 74.0547654, 15.6260413 ], [ 74.0548935, 15.6260712 ], [ 74.0552366, 15.6261833 ], [ 74.0557713, 15.6263476 ], [ 74.0562896, 15.6264875 ], [ 74.0569961, 15.6266449 ], [ 74.0574197, 15.6267459 ], [ 74.0584817, 15.6269892 ], [ 74.0585477, 15.6270043 ], [ 74.0599, 15.6273173 ], [ 74.0602555, 15.6275915 ], [ 74.0609251, 15.6281401 ], [ 74.0610489, 15.6282523 ], [ 74.0616144, 15.6285298 ], [ 74.0618368, 15.6281478 ], [ 74.0618375, 15.6269346 ], [ 74.0618377, 15.6266812 ], [ 74.0618187, 15.6266021 ], [ 74.063169, 15.6263804 ], [ 74.0634196, 15.626452 ], [ 74.0637174, 15.6270713 ], [ 74.0644959, 15.6286901 ], [ 74.0647982, 15.6284228 ], [ 74.0656079, 15.6291285 ], [ 74.0656432, 15.6295969 ], [ 74.0657667, 15.6296837 ], [ 74.0674807, 15.6299962 ], [ 74.0695672, 15.6300012 ], [ 74.0701061, 15.6291641 ], [ 74.0715186, 15.6297311 ], [ 74.0732637, 15.6304487 ], [ 74.0743801, 15.63092 ], [ 74.0775989, 15.6322122 ], [ 74.0784946, 15.6317572 ], [ 74.080103, 15.6327088 ], [ 74.0816919, 15.6335722 ], [ 74.0820079, 15.6337132 ], [ 74.0838132, 15.6348782 ], [ 74.0855183, 15.6355955 ], [ 74.0857397, 15.6356787 ], [ 74.0860267, 15.636734 ], [ 74.0869247, 15.6376082 ], [ 74.0884609, 15.638952 ], [ 74.0904514, 15.6398122 ], [ 74.0914697, 15.6402623 ], [ 74.092334, 15.6408634 ], [ 74.0934368, 15.6416551 ], [ 74.0942937, 15.6423674 ], [ 74.0946478, 15.6422229 ], [ 74.0955767, 15.641842 ], [ 74.0969056, 15.6413532 ], [ 74.0975319, 15.6410193 ], [ 74.0977668, 15.6411154 ], [ 74.0987873, 15.641538 ], [ 74.1007384, 15.6425081 ], [ 74.101084, 15.6426976 ], [ 74.1017402, 15.6426344 ], [ 74.10236, 15.6436444 ], [ 74.1031102, 15.6448361 ], [ 74.1051826, 15.6456708 ], [ 74.1070633, 15.646449 ], [ 74.1077815, 15.646335 ], [ 74.1087535, 15.6461867 ], [ 74.1100781, 15.6469147 ], [ 74.1114574, 15.6467101 ], [ 74.1138855, 15.6461274 ], [ 74.1139061, 15.6464942 ], [ 74.1141108, 15.6487895 ], [ 74.1161335, 15.6491765 ], [ 74.116418, 15.6500707 ], [ 74.1167607, 15.6511526 ], [ 74.1175752, 15.6521475 ], [ 74.1182645, 15.6520316 ], [ 74.1182873, 15.652011 ], [ 74.1182795, 15.652003 ], [ 74.1182849, 15.6520073 ], [ 74.1183173, 15.6520228 ], [ 74.1184777, 15.6520992 ], [ 74.1187881, 15.6522471 ], [ 74.1190764, 15.6523845 ], [ 74.1192048, 15.6523819 ], [ 74.1196033, 15.6523739 ], [ 74.1230888, 15.6518994 ], [ 74.1234422, 15.6513443 ], [ 74.1238723, 15.6509529 ], [ 74.1243657, 15.6513212 ], [ 74.1250616, 15.6512408 ], [ 74.1261544, 15.6511253 ], [ 74.127292, 15.6511234 ], [ 74.1292867, 15.6505599 ], [ 74.1331598, 15.6491103 ], [ 74.135544, 15.6483716 ], [ 74.1365131, 15.6487196 ], [ 74.1376043, 15.6496386 ], [ 74.1381255, 15.6500118 ], [ 74.13977, 15.6507172 ], [ 74.1411165, 15.6510976 ], [ 74.1425972, 15.6512224 ], [ 74.1438756, 15.6511682 ], [ 74.1453536, 15.6511664 ], [ 74.1465073, 15.6513318 ], [ 74.1471992, 15.6515033 ], [ 74.1472593, 15.6515183 ], [ 74.1490947, 15.6519735 ], [ 74.1500871, 15.6520191 ], [ 74.1510872, 15.6518615 ], [ 74.1521427, 15.6514336 ], [ 74.1528909, 15.6509698 ], [ 74.1543523, 15.6499016 ], [ 74.1543523, 15.6499016 ], [ 74.1550536, 15.650702 ], [ 74.1550551, 15.6507047 ], [ 74.155056, 15.6507057 ], [ 74.1565357, 15.6533546 ], [ 74.1574654, 15.6546751 ], [ 74.1606289, 15.6542 ], [ 74.1631035, 15.6536609 ], [ 74.164416, 15.6534985 ], [ 74.1655826, 15.6543733 ], [ 74.1655823, 15.6543749 ], [ 74.165585, 15.6543769 ], [ 74.1651747, 15.6562595 ], [ 74.1650892, 15.6571426 ], [ 74.1650155, 15.657904 ], [ 74.1650148, 15.6579108 ], [ 74.1651921, 15.6594718 ], [ 74.1653626, 15.6611728 ], [ 74.1655813, 15.6637057 ], [ 74.1656802, 15.6648953 ], [ 74.1665188, 15.6686972 ], [ 74.1668473, 15.6698087 ], [ 74.167231, 15.6706076 ], [ 74.1676455, 15.6711534 ], [ 74.1677554, 15.6712905 ], [ 74.1677552, 15.6712909 ], [ 74.1677578, 15.6712941 ], [ 74.167369, 15.6720913 ], [ 74.1679846, 15.6724953 ], [ 74.1687711, 15.672913 ], [ 74.1695137, 15.6731492 ], [ 74.1704748, 15.6734291 ], [ 74.1716114, 15.67382 ], [ 74.1721447, 15.6743334 ], [ 74.1725421, 15.6748856 ], [ 74.1732619, 15.6754061 ], [ 74.1732642, 15.6754098 ], [ 74.1732643, 15.6754098 ], [ 74.173606, 15.6759476 ], [ 74.173801, 15.6763116 ], [ 74.1739343, 15.6765153 ], [ 74.1740404, 15.6766774 ], [ 74.1743535, 15.6769437 ], [ 74.1745184, 15.6771448 ], [ 74.1745185, 15.6771457 ], [ 74.1745208, 15.6771485 ], [ 74.1746349, 15.6779407 ], [ 74.1746619, 15.6783251 ], [ 74.1748378, 15.6786049 ], [ 74.1748396, 15.6786076 ], [ 74.1750318, 15.6788543 ], [ 74.1754007, 15.6791305 ], [ 74.175733, 15.6793655 ], [ 74.1761141, 15.6797638 ], [ 74.1763523, 15.6800518 ], [ 74.1767319, 15.6802378 ], [ 74.1774384, 15.6803922 ], [ 74.1779877, 15.6807748 ], [ 74.1784024, 15.6811103 ], [ 74.1789085, 15.6812574 ], [ 74.1794287, 15.6813957 ], [ 74.1800876, 15.6816217 ], [ 74.1804839, 15.6819344 ], [ 74.1809704, 15.682149 ], [ 74.1819301, 15.682212 ], [ 74.1832852, 15.682023 ], [ 74.1841098, 15.6817634 ], [ 74.1847404, 15.6813746 ], [ 74.1850035, 15.6812382 ], [ 74.1852757, 15.681129 ], [ 74.1857973, 15.6810211 ] ] ] } },
{ "type": "Feature", "properties": { "taluka": "Ponda", "subdt_lgd": 5614, "district_in_lgd_file": "North Goa", "district_2026": "South Goa" }, "geometry": { "type": "Polygon", "coordinates": [ [ [ 73.9720988, 15.5237951 ], [ 73.9731591, 15.5233456 ], [ 73.9743742, 15.5228353 ], [ 73.9755915, 15.5224741 ], [ 73.9790757, 15.5210943 ], [ 73.9813779, 15.5204917 ], [ 73.9819733, 15.5203611 ], [ 73.984249, 15.5198615 ], [ 73.9859901, 15.5190789 ], [ 73.9868721, 15.5187082 ], [ 73.9877541, 15.5183373 ], [ 73.9893128, 15.5175971 ], [ 73.9898457, 15.517194 ], [ 73.9901642, 15.5167967 ], [ 73.9922037, 15.515413 ], [ 73.9957961, 15.5130722 ], [ 73.9965748, 15.5121576 ], [ 73.9972635, 15.5110295 ], [ 73.9976963, 15.5098929 ], [ 73.9982461, 15.508713 ], [ 73.9985428, 15.507046 ], [ 73.998934, 15.5049917 ], [ 73.9990678, 15.503905 ], [ 73.9997739, 15.5016747 ], [ 74.001798, 15.4996763 ], [ 74.0023251, 15.4992156 ], [ 74.0027587, 15.4989762 ], [ 74.0032717, 15.4987596 ], [ 74.0038779, 15.4984796 ], [ 74.0043487, 15.4983442 ], [ 74.0050715, 15.4981729 ], [ 74.0059526, 15.4979835 ], [ 74.0060506, 15.4979655 ], [ 74.0083163, 15.4977043 ], [ 74.0099387, 15.4974835 ], [ 74.0122651, 15.4970734 ], [ 74.0131743, 15.4969382 ], [ 74.014172, 15.4967714 ], [ 74.0155986, 15.4966047 ], [ 74.0158176, 15.4965957 ], [ 74.0160321, 15.4965371 ], [ 74.0162886, 15.496492 ], [ 74.0165077, 15.4964017 ], [ 74.0167829, 15.4962481 ], [ 74.0170999, 15.4960675 ], [ 74.017319, 15.4959546 ], [ 74.0173984, 15.4959049 ], [ 74.0179719, 15.495426 ], [ 74.0183171, 15.495051 ], [ 74.0185922, 15.4947754 ], [ 74.0190493, 15.494283 ], [ 74.0195157, 15.4938357 ], [ 74.0200007, 15.4934428 ], [ 74.0202245, 15.4932575 ], [ 74.0207515, 15.4926068 ], [ 74.0210407, 15.4922815 ], [ 74.0212366, 15.4919743 ], [ 74.0214466, 15.4916173 ], [ 74.0217499, 15.4911112 ], [ 74.0220112, 15.4903248 ], [ 74.0221653, 15.4898459 ], [ 74.0222726, 15.4894617 ], [ 74.0223614, 15.4888787 ], [ 74.0223991, 15.4880607 ], [ 74.0224415, 15.4871975 ], [ 74.0224604, 15.4864698 ], [ 74.0224886, 15.4857783 ], [ 74.0226288, 15.4851275 ], [ 74.0228855, 15.4841016 ], [ 74.0230862, 15.483609 ], [ 74.0231422, 15.4833334 ], [ 74.0231424, 15.4831797 ], [ 74.0231425, 15.4829853 ], [ 74.0231333, 15.4828226 ], [ 74.0231147, 15.4826599 ], [ 74.0229563, 15.4823435 ], [ 74.0227886, 15.481774 ], [ 74.0228309, 15.4814304 ], [ 74.0229288, 15.4810824 ], [ 74.0229476, 15.4808249 ], [ 74.0230083, 15.480635 ], [ 74.0231576, 15.4803459 ], [ 74.0233161, 15.4800793 ], [ 74.0236007, 15.4796635 ], [ 74.0237499, 15.4794828 ], [ 74.0239878, 15.4793744 ], [ 74.0242021, 15.4792209 ], [ 74.0245611, 15.4790583 ], [ 74.0251112, 15.478828 ], [ 74.0255309, 15.4787242 ], [ 74.0260715, 15.4786385 ], [ 74.0275726, 15.4785396 ], [ 74.0282437, 15.4785896 ], [ 74.0285934, 15.4785399 ], [ 74.0292925, 15.4784859 ], [ 74.0297774, 15.4784184 ], [ 74.0299872, 15.4783777 ], [ 74.0302529, 15.4783507 ], [ 74.0305092, 15.4783418 ], [ 74.0306958, 15.4783102 ], [ 74.0309055, 15.4782831 ], [ 74.031022, 15.4782334 ], [ 74.0311618, 15.4781702 ], [ 74.0312784, 15.4780935 ], [ 74.0313903, 15.4779941 ], [ 74.0315163, 15.4778314 ], [ 74.0315583, 15.4777545 ], [ 74.0315955, 15.4776325 ], [ 74.0316376, 15.4774698 ], [ 74.0316563, 15.4773343 ], [ 74.0316657, 15.4772077 ], [ 74.0316984, 15.4770541 ], [ 74.0316471, 15.4767602 ], [ 74.0315494, 15.4765478 ], [ 74.0314702, 15.4762224 ], [ 74.0314097, 15.4759829 ], [ 74.0312234, 15.4757025 ], [ 74.0308273, 15.4753454 ], [ 74.0306876, 15.47516 ], [ 74.030394, 15.474952 ], [ 74.0301656, 15.4748254 ], [ 74.0299187, 15.4746942 ], [ 74.0294619, 15.4745585 ], [ 74.0292755, 15.4744725 ], [ 74.028968, 15.4743866 ], [ 74.0287115, 15.4743186 ], [ 74.0272809, 15.4738255 ], [ 74.0266051, 15.4734095 ], [ 74.0262837, 15.472754 ], [ 74.0272194, 15.4711309 ], [ 74.0273425, 15.4709962 ], [ 74.0275804, 15.4706302 ], [ 74.027739, 15.4703635 ], [ 74.0280747, 15.4700474 ], [ 74.0282892, 15.4697989 ], [ 74.0286669, 15.4694917 ], [ 74.0290632, 15.4692026 ], [ 74.0293382, 15.4690309 ], [ 74.0296973, 15.4688186 ], [ 74.0304245, 15.4684527 ], [ 74.0310399, 15.4681863 ], [ 74.0315526, 15.4679966 ], [ 74.0320655, 15.4677075 ], [ 74.0326621, 15.4674773 ], [ 74.0332542, 15.4671882 ], [ 74.0339861, 15.4668269 ], [ 74.0341447, 15.4666461 ], [ 74.0342425, 15.4665377 ], [ 74.0346575, 15.4661763 ], [ 74.0350119, 15.4657741 ], [ 74.0351145, 15.4655798 ], [ 74.0351519, 15.4652906 ], [ 74.0352499, 15.4649109 ], [ 74.0352734, 15.4645449 ], [ 74.0352735, 15.4640838 ], [ 74.0352503, 15.4636636 ], [ 74.035092, 15.4630669 ], [ 74.0350131, 15.4621855 ], [ 74.0349576, 15.4612635 ], [ 74.0349577, 15.4607844 ], [ 74.0350932, 15.4599619 ], [ 74.0350561, 15.459406 ], [ 74.0349585, 15.4587507 ], [ 74.0348794, 15.4583438 ], [ 74.0349168, 15.4578467 ], [ 74.0352527, 15.4572909 ], [ 74.0355324, 15.45683 ], [ 74.0359054, 15.4564053 ], [ 74.0362831, 15.4559489 ], [ 74.0370151, 15.4552169 ], [ 74.037528, 15.454815 ], [ 74.038064, 15.4546251 ], [ 74.0386744, 15.4545305 ], [ 74.0391546, 15.4543002 ], [ 74.0393504, 15.4541646 ], [ 74.0395276, 15.454011 ], [ 74.0396675, 15.4537986 ], [ 74.0398634, 15.4535319 ], [ 74.0401012, 15.453053 ], [ 74.040339, 15.4526644 ], [ 74.040754, 15.4520318 ], [ 74.0409545, 15.4516657 ], [ 74.0412715, 15.4511506 ], [ 74.0414301, 15.4508614 ], [ 74.0415841, 15.450536 ], [ 74.0416354, 15.450405 ], [ 74.0414212, 15.4498309 ], [ 74.0406385, 15.4487913 ], [ 74.0394969, 15.4483841 ], [ 74.0387791, 15.4485512 ], [ 74.037749, 15.4489078 ], [ 74.0365929, 15.4496713 ], [ 74.0354321, 15.4503534 ], [ 74.0348544, 15.4503894 ], [ 74.0346773, 15.4501633 ], [ 74.0346074, 15.4500684 ], [ 74.0345658, 15.4491103 ], [ 74.0345662, 15.4480662 ], [ 74.0348183, 15.4467466 ], [ 74.0350658, 15.4455445 ], [ 74.0357278, 15.444903 ], [ 74.0362638, 15.4446229 ], [ 74.036632, 15.444501 ], [ 74.0370885, 15.4449847 ], [ 74.0376243, 15.445586 ], [ 74.0382441, 15.445663 ], [ 74.0391529, 15.4454644 ], [ 74.0399361, 15.4448229 ], [ 74.040598, 15.4443033 ], [ 74.0410922, 15.443621 ], [ 74.0417963, 15.442663 ], [ 74.0425421, 15.4420215 ], [ 74.0435303, 15.44138 ], [ 74.0447702, 15.4406211 ], [ 74.0455533, 15.4400969 ], [ 74.046546, 15.4396182 ], [ 74.0474969, 15.4394602 ], [ 74.0478277, 15.439058 ], [ 74.048238, 15.4385791 ], [ 74.0486109, 15.4379375 ], [ 74.0486112, 15.4369341 ], [ 74.0482805, 15.4365724 ], [ 74.0481968, 15.4360526 ], [ 74.047456, 15.4352525 ], [ 74.0468784, 15.4346513 ], [ 74.0467154, 15.434249 ], [ 74.0469207, 15.4333678 ], [ 74.0475825, 15.4326087 ], [ 74.0482399, 15.4321659 ], [ 74.0485288, 15.4321299 ], [ 74.0488176, 15.4324463 ], [ 74.0492929, 15.4328622 ], [ 74.0495397, 15.4332238 ], [ 74.0499123, 15.4336623 ], [ 74.05049, 15.4343449 ], [ 74.0513987, 15.4348648 ], [ 74.0519345, 15.4348649 ], [ 74.0523074, 15.4347836 ], [ 74.0527594, 15.4346662 ], [ 74.0534212, 15.4342642 ], [ 74.0538733, 15.4338258 ], [ 74.0542043, 15.4333423 ], [ 74.0544141, 15.4328271 ], [ 74.0540835, 15.4324655 ], [ 74.0538739, 15.4316656 ], [ 74.0539581, 15.4306622 ], [ 74.0540001, 15.4299436 ], [ 74.0540003, 15.4294239 ], [ 74.0537534, 15.4290623 ], [ 74.0532549, 15.4287821 ], [ 74.0526771, 15.4284203 ], [ 74.0516473, 15.4283025 ], [ 74.0511907, 15.4281804 ], [ 74.0511908, 15.4277782 ], [ 74.0514426, 15.4272585 ], [ 74.0518527, 15.4268202 ], [ 74.0520207, 15.4261378 ], [ 74.052389, 15.4254555 ], [ 74.052678, 15.4249764 ], [ 74.052804, 15.4244974 ], [ 74.052762, 15.4242579 ], [ 74.0523894, 15.4237743 ], [ 74.0518443, 15.4233267 ], [ 74.0510616, 15.4225221 ], [ 74.0498831, 15.4212835 ], [ 74.0493056, 15.4203026 ], [ 74.048975, 15.419358 ], [ 74.0493061, 15.4183366 ], [ 74.0499446, 15.417677 ], [ 74.0506064, 15.4174963 ], [ 74.0515151, 15.4172571 ], [ 74.0520325, 15.4167555 ], [ 74.0521957, 15.4163578 ], [ 74.0520976, 15.4157653 ], [ 74.0518414, 15.4153269 ], [ 74.051683, 15.4150195 ], [ 74.051548, 15.4146353 ], [ 74.0515248, 15.4142692 ], [ 74.0515062, 15.4139077 ], [ 74.0516229, 15.4135055 ], [ 74.0517255, 15.4132524 ], [ 74.0518607, 15.412814 ], [ 74.0519633, 15.4125069 ], [ 74.0521591, 15.4121995 ], [ 74.0521964, 15.4121046 ], [ 74.0523176, 15.4120097 ], [ 74.0524573, 15.4119871 ], [ 74.0525738, 15.4120279 ], [ 74.0527695, 15.412064 ], [ 74.0529513, 15.4121047 ], [ 74.0531097, 15.4121229 ], [ 74.0533053, 15.4121636 ], [ 74.053501, 15.4121817 ], [ 74.0536408, 15.4121818 ], [ 74.0538971, 15.412105 ], [ 74.0540555, 15.4120644 ], [ 74.0543351, 15.4119515 ], [ 74.0544889, 15.4118159 ], [ 74.0547872, 15.4116035 ], [ 74.0550435, 15.4113189 ], [ 74.055244, 15.4111064 ], [ 74.0554304, 15.4107178 ], [ 74.0554305, 15.4103925 ], [ 74.0554491, 15.4101619 ], [ 74.0554492, 15.4097236 ], [ 74.0553701, 15.4092626 ], [ 74.0553101, 15.4089286 ], [ 74.0553521, 15.4086212 ], [ 74.0554687, 15.4083727 ], [ 74.0556271, 15.4079886 ], [ 74.0559022, 15.4075277 ], [ 74.0560606, 15.4071074 ], [ 74.0561214, 15.4063979 ], [ 74.056182, 15.4060725 ], [ 74.0562986, 15.4056884 ], [ 74.0567135, 15.4052094 ], [ 74.0568951, 15.4050738 ], [ 74.0570722, 15.4049609 ], [ 74.057268, 15.4049429 ], [ 74.0574077, 15.4050198 ], [ 74.0575242, 15.4050785 ], [ 74.0576034, 15.4051554 ], [ 74.0576825, 15.4052503 ], [ 74.0578036, 15.4053091 ], [ 74.057743, 15.4055938 ], [ 74.057743, 15.4057293 ], [ 74.057701, 15.4059011 ], [ 74.0576637, 15.4061903 ], [ 74.0576636, 15.4063801 ], [ 74.057822, 15.4067282 ], [ 74.0580409, 15.4070355 ], [ 74.0582179, 15.4072073 ], [ 74.0583158, 15.4073022 ], [ 74.0586139, 15.4075147 ], [ 74.0588096, 15.4076096 ], [ 74.0589493, 15.4077045 ], [ 74.0592662, 15.4077046 ], [ 74.0596016, 15.4077634 ], [ 74.0599371, 15.4077996 ], [ 74.0603518, 15.4077997 ], [ 74.0610227, 15.4078993 ], [ 74.0615352, 15.4079716 ], [ 74.0620896, 15.4081842 ], [ 74.0625463, 15.4083379 ], [ 74.0629562, 15.4089119 ], [ 74.0629934, 15.4091424 ], [ 74.0631331, 15.4094724 ], [ 74.0632122, 15.4097751 ], [ 74.0633287, 15.4101232 ], [ 74.0634684, 15.4104666 ], [ 74.0636268, 15.4106972 ], [ 74.063883, 15.4110046 ], [ 74.0640787, 15.4112532 ], [ 74.0643582, 15.4115243 ], [ 74.064633, 15.4115424 ], [ 74.0650105, 15.4115787 ], [ 74.0652667, 15.4115425 ], [ 74.0655044, 15.4114838 ], [ 74.0659005, 15.411389 ], [ 74.066194, 15.4113122 ], [ 74.0665528, 15.4112354 ], [ 74.0667113, 15.4112173 ], [ 74.0669256, 15.4111225 ], [ 74.067126, 15.4110457 ], [ 74.0672844, 15.4110458 ], [ 74.0675406, 15.4110458 ], [ 74.0678762, 15.4110458 ], [ 74.0680904, 15.4111995 ], [ 74.0681929, 15.4113712 ], [ 74.068328, 15.411561 ], [ 74.0685656, 15.4118684 ], [ 74.0687427, 15.4120402 ], [ 74.0690035, 15.4123114 ], [ 74.0692598, 15.4124651 ], [ 74.0694368, 15.4124244 ], [ 74.0697118, 15.4124832 ], [ 74.0698515, 15.4125013 ], [ 74.0700286, 15.4124245 ], [ 74.0703268, 15.4123116 ], [ 74.0705412, 15.4121941 ], [ 74.0708394, 15.4120811 ], [ 74.0715943, 15.4116383 ], [ 74.0720649, 15.4114666 ], [ 74.072707, 15.4109571 ], [ 74.0743483, 15.4096546 ], [ 74.074712, 15.4092412 ], [ 74.0749169, 15.4090084 ], [ 74.0750226, 15.4087047 ], [ 74.0751545, 15.408326 ], [ 74.074973, 15.4075667 ], [ 74.0742275, 15.4065588 ], [ 74.0730583, 15.4049859 ], [ 74.0725832, 15.4042628 ], [ 74.0724249, 15.4035171 ], [ 74.0729654, 15.4027036 ], [ 74.0734649, 15.4021397 ], [ 74.0736458, 15.4019354 ], [ 74.0737087, 15.4018529 ], [ 74.0739626, 15.4015197 ], [ 74.074038, 15.4013483 ], [ 74.0740979, 15.4012124 ], [ 74.0742796, 15.4005978 ], [ 74.0746898, 15.4000013 ], [ 74.0751184, 15.3996307 ], [ 74.0753208, 15.3995816 ], [ 74.0757521, 15.3994771 ], [ 74.0760902, 15.3995149 ], [ 74.0765208, 15.399563 ], [ 74.0767585, 15.3995518 ], [ 74.0769961, 15.3995406 ], [ 74.0771093, 15.3994931 ], [ 74.077201, 15.3994546 ], [ 74.0776297, 15.398935 ], [ 74.0778582, 15.3983656 ], [ 74.0778523, 15.3983476 ], [ 74.0777651, 15.3980808 ], [ 74.0774249, 15.3974662 ], [ 74.0767681, 15.3967611 ], [ 74.0766547, 15.3966046 ], [ 74.0762277, 15.3960154 ], [ 74.0759343, 15.3955544 ], [ 74.0757759, 15.3950255 ], [ 74.0757539, 15.3946535 ], [ 74.0757527, 15.3946324 ], [ 74.0758879, 15.3937963 ], [ 74.0761163, 15.3928408 ], [ 74.0763167, 15.3920022 ], [ 74.076657, 15.3909266 ], [ 74.076805, 15.3906133 ], [ 74.0768854, 15.390443 ], [ 74.0772022, 15.3901358 ], [ 74.0774457, 15.3901247 ], [ 74.0777007, 15.3901132 ], [ 74.0784227, 15.3904658 ], [ 74.0784589, 15.3904961 ], [ 74.0790796, 15.3910172 ], [ 74.0793694, 15.3915941 ], [ 74.0795314, 15.3919166 ], [ 74.0798947, 15.3927933 ], [ 74.0801487, 15.3935368 ], [ 74.0801649, 15.3935843 ], [ 74.0802971, 15.3938384 ], [ 74.0804165, 15.3940678 ], [ 74.0806633, 15.3943299 ], [ 74.0807863, 15.3943773 ], [ 74.0809568, 15.3944431 ], [ 74.0811014, 15.394417 ], [ 74.0812084, 15.3943978 ], [ 74.0814321, 15.3939368 ], [ 74.0814658, 15.3935879 ], [ 74.0815021, 15.3932137 ], [ 74.0815399, 15.3929992 ], [ 74.0816186, 15.392554 ], [ 74.0820939, 15.3919393 ], [ 74.0831421, 15.3911259 ], [ 74.0833992, 15.3908575 ], [ 74.0838085, 15.39043 ], [ 74.0841393, 15.3898877 ], [ 74.0842001, 15.3896768 ], [ 74.0843257, 15.3892415 ], [ 74.0844428, 15.3890399 ], [ 74.0845121, 15.3889206 ], [ 74.0848149, 15.3887082 ], [ 74.0853134, 15.388681 ], [ 74.0856986, 15.3888543 ], [ 74.0860775, 15.3890246 ], [ 74.0865013, 15.3893952 ], [ 74.0867779, 15.3897119 ], [ 74.087121, 15.3901047 ], [ 74.0875589, 15.3903849 ], [ 74.087692, 15.3904308 ], [ 74.087913, 15.390507 ], [ 74.0881456, 15.3904945 ], [ 74.0882484, 15.3904889 ], [ 74.0886434, 15.390331 ], [ 74.0890684, 15.3898427 ], [ 74.0891831, 15.3894415 ], [ 74.0892455, 15.3892235 ], [ 74.0893088, 15.3888282 ], [ 74.0893853, 15.3883513 ], [ 74.0894306, 15.3882488 ], [ 74.0895671, 15.3879401 ], [ 74.0896696, 15.3874565 ], [ 74.0896743, 15.3872295 ], [ 74.0896789, 15.3870091 ], [ 74.089687, 15.3866276 ], [ 74.0896882, 15.3865706 ], [ 74.0897767, 15.3862363 ], [ 74.0899374, 15.3858327 ], [ 74.0900377, 15.3855811 ], [ 74.0900505, 15.3853666 ], [ 74.0900795, 15.3848805 ], [ 74.0900983, 15.3842794 ], [ 74.0901478, 15.3840603 ], [ 74.0903126, 15.3833304 ], [ 74.0905689, 15.3826344 ], [ 74.0907512, 15.3822508 ], [ 74.0908717, 15.3819972 ], [ 74.090918, 15.3818196 ], [ 74.09093, 15.3817735 ], [ 74.0909883, 15.3815497 ], [ 74.0910262, 15.3813088 ], [ 74.091058, 15.3811069 ], [ 74.0912817, 15.3806866 ], [ 74.0913561, 15.3806607 ], [ 74.0915799, 15.3805827 ], [ 74.0917689, 15.3806346 ], [ 74.0918921, 15.3806685 ], [ 74.0921576, 15.381012 ], [ 74.0922304, 15.3811989 ], [ 74.0923019, 15.3813826 ], [ 74.0922833, 15.3819791 ], [ 74.092274, 15.3823768 ], [ 74.0923892, 15.382511 ], [ 74.0926091, 15.3825537 ], [ 74.0927258, 15.3825757 ], [ 74.0932337, 15.3825395 ], [ 74.0940303, 15.3824627 ], [ 74.0941954, 15.3824202 ], [ 74.0948735, 15.3822458 ], [ 74.0957116, 15.3818505 ], [ 74.0965181, 15.3815724 ], [ 74.0966181, 15.3815099 ], [ 74.0968581, 15.38136 ], [ 74.0971051, 15.3810209 ], [ 74.0972356, 15.3807137 ], [ 74.0973659, 15.3803341 ], [ 74.0973895, 15.3802871 ], [ 74.0977106, 15.3796471 ], [ 74.0979543, 15.3793418 ], [ 74.0982697, 15.3789466 ], [ 74.098501, 15.378637 ], [ 74.0988333, 15.3781919 ], [ 74.0990243, 15.3779162 ], [ 74.0991186, 15.3778003 ], [ 74.0992154, 15.3776813 ], [ 74.0993039, 15.3774598 ], [ 74.0993086, 15.3771479 ], [ 74.0992768, 15.3770754 ], [ 74.0991222, 15.3767231 ], [ 74.0986611, 15.3764339 ], [ 74.0983492, 15.3764113 ], [ 74.0982883, 15.3764068 ], [ 74.0978549, 15.376493 ], [ 74.09772, 15.3765198 ], [ 74.097397, 15.376766 ], [ 74.0973286, 15.3768181 ], [ 74.0972414, 15.3769276 ], [ 74.0968069, 15.3774734 ], [ 74.096615, 15.3778011 ], [ 74.096574, 15.3778711 ], [ 74.0962712, 15.3782959 ], [ 74.0962429, 15.378315 ], [ 74.0960429, 15.3784496 ], [ 74.0959466, 15.3784884 ], [ 74.0957401, 15.3785716 ], [ 74.0954806, 15.3785059 ], [ 74.0954186, 15.3784902 ], [ 74.0951718, 15.3781649 ], [ 74.0950661, 15.3777508 ], [ 74.0950553, 15.3777084 ], [ 74.095039, 15.3776699 ], [ 74.0947432, 15.3769673 ], [ 74.0946142, 15.3767901 ], [ 74.0945195, 15.3766599 ], [ 74.0943854, 15.3763995 ], [ 74.0943612, 15.3759323 ], [ 74.0943504, 15.3757674 ], [ 74.0943426, 15.3756477 ], [ 74.0942074, 15.3753494 ], [ 74.0941426, 15.3752291 ], [ 74.0940491, 15.3750556 ], [ 74.0939699, 15.3748296 ], [ 74.0939522, 15.3746344 ], [ 74.0939326, 15.3744183 ], [ 74.0939903, 15.3736481 ], [ 74.0939979, 15.3735462 ], [ 74.0940332, 15.3734289 ], [ 74.0940957, 15.3732208 ], [ 74.0941225, 15.3731759 ], [ 74.0942355, 15.3729859 ], [ 74.0944335, 15.3729448 ], [ 74.0945196, 15.372927 ], [ 74.094678, 15.3731078 ], [ 74.0948042, 15.373345 ], [ 74.0949016, 15.3735281 ], [ 74.0951983, 15.3740181 ], [ 74.0952463, 15.3740975 ], [ 74.0955958, 15.3745133 ], [ 74.0959871, 15.3747257 ], [ 74.0964576, 15.374789 ], [ 74.096821, 15.3747347 ], [ 74.0972879, 15.3745916 ], [ 74.0973519, 15.374572 ], [ 74.0979016, 15.3743641 ], [ 74.0981346, 15.3741336 ], [ 74.0983023, 15.373632 ], [ 74.0984421, 15.3731349 ], [ 74.0986586, 15.3729682 ], [ 74.0987122, 15.372927 ], [ 74.0987817, 15.3729092 ], [ 74.0991175, 15.3728229 ], [ 74.0995408, 15.372823 ], [ 74.1000352, 15.372823 ], [ 74.1004643, 15.3727976 ], [ 74.1007992, 15.3727777 ], [ 74.1009399, 15.3727466 ], [ 74.1010647, 15.3727191 ], [ 74.1013116, 15.3725835 ], [ 74.1013734, 15.3724883 ], [ 74.1015259, 15.3722536 ], [ 74.1015632, 15.371779 ], [ 74.1014794, 15.3711598 ], [ 74.1014322, 15.3709384 ], [ 74.1013582, 15.3705905 ], [ 74.1014093, 15.370229 ], [ 74.1015103, 15.3699024 ], [ 74.1015351, 15.3698222 ], [ 74.1017355, 15.3695194 ], [ 74.1022666, 15.36895 ], [ 74.1027137, 15.3683218 ], [ 74.1027836, 15.3680687 ], [ 74.10274, 15.367665 ], [ 74.102723, 15.3675082 ], [ 74.1025272, 15.3668891 ], [ 74.1024079, 15.3664949 ], [ 74.1023317, 15.3662429 ], [ 74.1021081, 15.3655108 ], [ 74.1020894, 15.3649233 ], [ 74.1022059, 15.3646567 ], [ 74.10231, 15.3645284 ], [ 74.102448, 15.3643583 ], [ 74.1029418, 15.3641821 ], [ 74.1030126, 15.3641932 ], [ 74.1034588, 15.3642634 ], [ 74.1041763, 15.3643312 ], [ 74.1045442, 15.3642679 ], [ 74.1047176, 15.3641868 ], [ 74.1049308, 15.3640871 ], [ 74.1050128, 15.3639496 ], [ 74.1051032, 15.3637978 ], [ 74.1051637, 15.3632691 ], [ 74.105148, 15.3631468 ], [ 74.1051171, 15.3629075 ], [ 74.1050894, 15.3627633 ], [ 74.1050658, 15.3626409 ], [ 74.1050472, 15.3623472 ], [ 74.1050629, 15.3620433 ], [ 74.1050659, 15.3619856 ], [ 74.1050701, 15.3619593 ], [ 74.1051124, 15.3616964 ], [ 74.1049698, 15.3615946 ], [ 74.1047929, 15.3614688 ], [ 74.1046886, 15.3614072 ], [ 74.1046353, 15.3613856 ], [ 74.1045441, 15.3613485 ], [ 74.1044373, 15.361317 ], [ 74.1043904, 15.3613032 ], [ 74.1042517, 15.3612515 ], [ 74.1040271, 15.3611677 ], [ 74.1037104, 15.3610864 ], [ 74.1033749, 15.3610367 ], [ 74.1033283, 15.3610232 ], [ 74.1030269, 15.3608837 ], [ 74.1029926, 15.3608555 ], [ 74.1029651, 15.3608153 ], [ 74.1029418, 15.360761 ], [ 74.1029184, 15.3606526 ], [ 74.1029138, 15.3604267 ], [ 74.1029391, 15.3602421 ], [ 74.102951, 15.3601555 ], [ 74.1029463, 15.3600108 ], [ 74.1029332, 15.359964 ], [ 74.1029105, 15.3599275 ], [ 74.1028764, 15.3598753 ], [ 74.102831, 15.3598224 ], [ 74.1027833, 15.3597668 ], [ 74.1027094, 15.3597055 ], [ 74.1025271, 15.3595545 ], [ 74.102434, 15.3594641 ], [ 74.1021732, 15.3592607 ], [ 74.10216, 15.3592496 ], [ 74.1020287, 15.3591387 ], [ 74.1019682, 15.3590574 ], [ 74.1019579, 15.3590142 ], [ 74.1019402, 15.3589399 ], [ 74.1019443, 15.3586379 ], [ 74.1019448, 15.3585964 ], [ 74.1019592, 15.3585371 ], [ 74.1019682, 15.3585241 ], [ 74.1019868, 15.3584066 ], [ 74.1019728, 15.3581625 ], [ 74.101712, 15.3578824 ], [ 74.1016694, 15.3578127 ], [ 74.1016513, 15.3577829 ], [ 74.101641, 15.3577304 ], [ 74.1016327, 15.357688 ], [ 74.1016327, 15.3576104 ], [ 74.1016327, 15.3574892 ], [ 74.1016374, 15.3574666 ], [ 74.101642, 15.3574441 ], [ 74.1017265, 15.3573051 ], [ 74.1018144, 15.3571955 ], [ 74.1019494, 15.3570915 ], [ 74.1021962, 15.3569462 ], [ 74.1023408, 15.356861 ], [ 74.1026105, 15.3566435 ], [ 74.1026994, 15.3565718 ], [ 74.1028717, 15.3564 ], [ 74.1029323, 15.3563187 ], [ 74.1029863, 15.3562243 ], [ 74.1030254, 15.356156 ], [ 74.1031698, 15.3558578 ], [ 74.1031864, 15.3558094 ], [ 74.1032257, 15.355695 ], [ 74.103258, 15.3555763 ], [ 74.1032909, 15.3554555 ], [ 74.1033426, 15.3552951 ], [ 74.1033607, 15.3552386 ], [ 74.1033727, 15.3552092 ], [ 74.103412, 15.355112 ], [ 74.1034866, 15.3549675 ], [ 74.1035099, 15.3549402 ], [ 74.103533, 15.3549131 ], [ 74.1036076, 15.3548454 ], [ 74.1036744, 15.3548002 ], [ 74.1038078, 15.3547099 ], [ 74.1039015, 15.354656 ], [ 74.1039337, 15.3546375 ], [ 74.1039656, 15.3546241 ], [ 74.1040408, 15.3545923 ], [ 74.1040795, 15.3545798 ], [ 74.1042224, 15.3545335 ], [ 74.104315, 15.3545118 ], [ 74.1043761, 15.3544974 ], [ 74.1044694, 15.3544658 ], [ 74.1046929, 15.3543121 ], [ 74.1047255, 15.3542759 ], [ 74.1047442, 15.3542352 ], [ 74.1047603, 15.354144 ], [ 74.1047721, 15.3540771 ], [ 74.1047721, 15.3539731 ], [ 74.1047668, 15.3539528 ], [ 74.1047442, 15.3538647 ], [ 74.1046894, 15.3537868 ], [ 74.1046742, 15.3537652 ], [ 74.1043342, 15.3534309 ], [ 74.1042775, 15.353368 ], [ 74.1042675, 15.3533563 ], [ 74.1042132, 15.3532727 ], [ 74.1039234, 15.3530216 ], [ 74.1038637, 15.3529699 ], [ 74.1037565, 15.3529067 ], [ 74.10371, 15.3528931 ], [ 74.1036606, 15.3528906 ], [ 74.103533, 15.352884 ], [ 74.1034724, 15.3528932 ], [ 74.1034314, 15.352914 ], [ 74.1033747, 15.3529428 ], [ 74.1033129, 15.3529903 ], [ 74.1032629, 15.3530287 ], [ 74.1032135, 15.3530766 ], [ 74.103154, 15.3531378 ], [ 74.103077, 15.3532305 ], [ 74.103016, 15.3532999 ], [ 74.102912, 15.3534452 ], [ 74.1028995, 15.3534628 ], [ 74.1027645, 15.3536705 ], [ 74.1025968, 15.3538422 ], [ 74.1024897, 15.3539281 ], [ 74.1023826, 15.3540275 ], [ 74.1023572, 15.3540406 ], [ 74.1023127, 15.3540636 ], [ 74.1022009, 15.3540863 ], [ 74.1021217, 15.3540863 ], [ 74.1020332, 15.3540761 ], [ 74.1018468, 15.3540547 ], [ 74.1016851, 15.3540516 ], [ 74.1016093, 15.3540501 ], [ 74.1015249, 15.3540607 ], [ 74.1012833, 15.3540909 ], [ 74.1012181, 15.3540909 ], [ 74.1011885, 15.354096 ], [ 74.1011668, 15.3540998 ], [ 74.1011024, 15.3540999 ], [ 74.1010458, 15.3540999 ], [ 74.1008966, 15.3540728 ], [ 74.1007821, 15.3540172 ], [ 74.100757, 15.354005 ], [ 74.1007289, 15.3539846 ], [ 74.1007011, 15.3539644 ], [ 74.1004589, 15.3537158 ], [ 74.1004217, 15.3536617 ], [ 74.1003843, 15.3536073 ], [ 74.1003618, 15.3535386 ], [ 74.1003517, 15.3535078 ], [ 74.1003359, 15.3532917 ], [ 74.1002865, 15.3531916 ], [ 74.1002865, 15.3531778 ], [ 74.1002865, 15.3531508 ], [ 74.1003284, 15.3529746 ], [ 74.100389, 15.3527667 ], [ 74.1004021, 15.3526905 ], [ 74.1004029, 15.3526628 ], [ 74.1004029, 15.3525724 ], [ 74.1004215, 15.3524097 ], [ 74.1004215, 15.3523731 ], [ 74.1004214, 15.3523507 ], [ 74.1003983, 15.3523057 ], [ 74.1003656, 15.3520707 ], [ 74.1003284, 15.3519985 ], [ 74.1003003, 15.3519562 ], [ 74.1001932, 15.3517951 ], [ 74.1001141, 15.3517002 ], [ 74.1000344, 15.3516229 ], [ 74.100021, 15.3516098 ], [ 74.0999431, 15.3515076 ], [ 74.0995598, 15.3510043 ], [ 74.0995501, 15.3509886 ], [ 74.0995038, 15.350914 ], [ 74.0994188, 15.3507552 ], [ 74.0993828, 15.350688 ], [ 74.0993497, 15.350602 ], [ 74.0992803, 15.3504214 ], [ 74.0992245, 15.3502135 ], [ 74.0992197, 15.350105 ], [ 74.0992384, 15.3499152 ], [ 74.0992663, 15.349852 ], [ 74.0993639, 15.3496837 ], [ 74.0993921, 15.349635 ], [ 74.0994146, 15.3496004 ], [ 74.0995365, 15.3494135 ], [ 74.099646, 15.3492816 ], [ 74.0996716, 15.3492508 ], [ 74.0996962, 15.3492269 ], [ 74.0997601, 15.3491649 ], [ 74.0998353, 15.3491049 ], [ 74.0998802, 15.3490744 ], [ 74.1000488, 15.3489616 ], [ 74.1001391, 15.3488782 ], [ 74.100151, 15.3488691 ], [ 74.1002025, 15.3488442 ], [ 74.1004075, 15.3488035 ], [ 74.1006031, 15.3487763 ], [ 74.1007848, 15.3487673 ], [ 74.1009245, 15.3487808 ], [ 74.1010456, 15.3487809 ], [ 74.1012326, 15.3487587 ], [ 74.1014276, 15.3487356 ], [ 74.1017396, 15.348713 ], [ 74.1017696, 15.3487075 ], [ 74.1018375, 15.3486949 ], [ 74.1022394, 15.3485625 ], [ 74.1023451, 15.3485277 ], [ 74.1024065, 15.3485132 ], [ 74.1025548, 15.348478 ], [ 74.1027052, 15.3484557 ], [ 74.1028295, 15.3484372 ], [ 74.1029506, 15.3484372 ], [ 74.1030422, 15.3484514 ], [ 74.1031556, 15.3484689 ], [ 74.1032535, 15.3484689 ], [ 74.1033621, 15.3484569 ], [ 74.1034583, 15.3484463 ], [ 74.1036493, 15.3483966 ], [ 74.1036869, 15.3483838 ], [ 74.1037425, 15.3483649 ], [ 74.1038497, 15.3483062 ], [ 74.1039754, 15.3481842 ], [ 74.1040046, 15.348147 ], [ 74.1040498, 15.3480892 ], [ 74.1042516, 15.3477774 ], [ 74.104348, 15.3476283 ], [ 74.1043829, 15.3475511 ], [ 74.1043992, 15.3475153 ], [ 74.1044198, 15.3474785 ], [ 74.1044877, 15.3473571 ], [ 74.1046088, 15.3471944 ], [ 74.1046825, 15.3471229 ], [ 74.1047299, 15.3470769 ], [ 74.1049907, 15.346869 ], [ 74.1050759, 15.3467833 ], [ 74.1052515, 15.3466069 ], [ 74.1052972, 15.3465455 ], [ 74.1053121, 15.3465255 ], [ 74.1053441, 15.346491 ], [ 74.1053959, 15.3464352 ], [ 74.1054286, 15.3463765 ], [ 74.1055962, 15.3460013 ], [ 74.1056691, 15.345823 ], [ 74.1057218, 15.345694 ], [ 74.10568, 15.3456444 ], [ 74.1055588, 15.3455403 ], [ 74.1055179, 15.3455113 ], [ 74.1052981, 15.345355 ], [ 74.1051885, 15.3452864 ], [ 74.1050744, 15.345215 ], [ 74.1049068, 15.3451226 ], [ 74.1044922, 15.3448625 ], [ 74.1043164, 15.3448293 ], [ 74.1043013, 15.3448264 ], [ 74.1041755, 15.3448173 ], [ 74.1041243, 15.3448219 ], [ 74.1039007, 15.3449485 ], [ 74.1038811, 15.3449641 ], [ 74.1034862, 15.3452784 ], [ 74.1033558, 15.3453688 ], [ 74.1031647, 15.3454631 ], [ 74.1030996, 15.3454953 ], [ 74.1030717, 15.345527 ], [ 74.1030018, 15.3455541 ], [ 74.1029538, 15.3455593 ], [ 74.102918, 15.3455631 ], [ 74.10289, 15.3455857 ], [ 74.1028608, 15.3455934 ], [ 74.1028388, 15.3455992 ], [ 74.1027689, 15.3456444 ], [ 74.1026801, 15.3456626 ], [ 74.1024289, 15.3456851 ], [ 74.1021215, 15.3456716 ], [ 74.1019938, 15.345649 ], [ 74.1019678, 15.3456445 ], [ 74.1015812, 15.345527 ], [ 74.1015479, 15.3455141 ], [ 74.101488, 15.3454909 ], [ 74.1013669, 15.3454276 ], [ 74.1011527, 15.3453372 ], [ 74.101113, 15.3453183 ], [ 74.1009058, 15.3452198 ], [ 74.1006408, 15.3451341 ], [ 74.1005917, 15.3451245 ], [ 74.1003143, 15.3450706 ], [ 74.1002731, 15.3450653 ], [ 74.1001746, 15.3450525 ], [ 74.1000302, 15.3450526 ], [ 74.0998054, 15.3450639 ], [ 74.0996716, 15.3450707 ], [ 74.0996263, 15.3450765 ], [ 74.0996017, 15.3450797 ], [ 74.0991872, 15.3451836 ], [ 74.0990055, 15.3452379 ], [ 74.098929, 15.3452503 ], [ 74.0988099, 15.3452695 ], [ 74.0986934, 15.3452695 ], [ 74.098593, 15.3452577 ], [ 74.0985397, 15.3452514 ], [ 74.0983534, 15.3451882 ], [ 74.0981524, 15.3450802 ], [ 74.0979668, 15.3449804 ], [ 74.0978359, 15.3448945 ], [ 74.0976501, 15.3447725 ], [ 74.0974731, 15.3446775 ], [ 74.0974415, 15.3446545 ], [ 74.0973427, 15.3445826 ], [ 74.0972625, 15.3444989 ], [ 74.0972216, 15.3444561 ], [ 74.0971956, 15.3444374 ], [ 74.0971144, 15.3443793 ], [ 74.0970729, 15.3443447 ], [ 74.0970166, 15.3442979 ], [ 74.0965881, 15.3438731 ], [ 74.0965576, 15.3438184 ], [ 74.0965276, 15.3437647 ], [ 74.0964948, 15.3436883 ], [ 74.096481, 15.3436563 ], [ 74.0964751, 15.3436042 ], [ 74.0964717, 15.3435749 ], [ 74.0964736, 15.3435559 ], [ 74.096481, 15.34348 ], [ 74.096509, 15.3433851 ], [ 74.0965322, 15.3433444 ], [ 74.0965881, 15.3432811 ], [ 74.0966347, 15.3432405 ], [ 74.0966859, 15.3432134 ], [ 74.0967107, 15.3432042 ], [ 74.0967837, 15.3431772 ], [ 74.0969331, 15.3431348 ], [ 74.0969747, 15.343123 ], [ 74.0970306, 15.3430823 ], [ 74.0970912, 15.3430688 ], [ 74.0971046, 15.3430613 ], [ 74.0971238, 15.3430507 ], [ 74.0972029, 15.3429784 ], [ 74.0972901, 15.3429334 ], [ 74.0973007, 15.3429197 ], [ 74.0973551, 15.3427586 ], [ 74.0973846, 15.342671 ], [ 74.0974312, 15.3424813 ], [ 74.0974312, 15.3424245 ], [ 74.0974312, 15.3424 ], [ 74.0974078, 15.3422146 ], [ 74.0973846, 15.3421558 ], [ 74.0973753, 15.3421062 ], [ 74.0973686, 15.3420932 ], [ 74.0973427, 15.3420429 ], [ 74.0973382, 15.342021 ], [ 74.0973308, 15.342008 ], [ 74.0972635, 15.3418938 ], [ 74.0971084, 15.3416893 ], [ 74.0970818, 15.3416543 ], [ 74.0970724, 15.3416451 ], [ 74.0970306, 15.3416045 ], [ 74.0969151, 15.3414713 ], [ 74.0968583, 15.3414057 ], [ 74.0967779, 15.3412898 ], [ 74.0966767, 15.3411436 ], [ 74.0966591, 15.3411126 ], [ 74.0966254, 15.3410532 ], [ 74.0966021, 15.3409267 ], [ 74.0965975, 15.340746 ], [ 74.0966114, 15.3406465 ], [ 74.0966357, 15.3405838 ], [ 74.0966673, 15.3405019 ], [ 74.0966813, 15.340407 ], [ 74.0966813, 15.3402669 ], [ 74.0966714, 15.3402022 ], [ 74.0966626, 15.3401449 ], [ 74.0966557, 15.3400681 ], [ 74.0966394, 15.3398873 ], [ 74.0966179, 15.3397889 ], [ 74.0966068, 15.3397382 ], [ 74.0965602, 15.339589 ], [ 74.0964018, 15.3392591 ], [ 74.0963739, 15.3391823 ], [ 74.0961969, 15.3388886 ], [ 74.0961837, 15.3388716 ], [ 74.0960385, 15.3386852 ], [ 74.0957731, 15.3383734 ], [ 74.0957341, 15.3383321 ], [ 74.0955216, 15.3381068 ], [ 74.0954191, 15.3379667 ], [ 74.0954085, 15.3379576 ], [ 74.0953446, 15.3379035 ], [ 74.0952981, 15.3377769 ], [ 74.0952897, 15.3377627 ], [ 74.0952607, 15.3377137 ], [ 74.0952514, 15.3376775 ], [ 74.0952607, 15.3375826 ], [ 74.0952887, 15.3374741 ], [ 74.0954667, 15.3373712 ], [ 74.0957498, 15.3372075 ], [ 74.0958197, 15.3371804 ], [ 74.0958477, 15.3371533 ], [ 74.0958891, 15.3370581 ], [ 74.0959361, 15.3369499 ], [ 74.0959503, 15.3368778 ], [ 74.0959548, 15.336855 ], [ 74.0959547, 15.3367511 ], [ 74.0958942, 15.3366245 ], [ 74.0958756, 15.3365703 ], [ 74.0957917, 15.336489 ], [ 74.0956287, 15.3363624 ], [ 74.0954099, 15.336263 ], [ 74.0952561, 15.3362223 ], [ 74.0951257, 15.3362087 ], [ 74.094986, 15.3361636 ], [ 74.0947531, 15.3360641 ], [ 74.094646, 15.3359919 ], [ 74.0946134, 15.3359512 ], [ 74.0945062, 15.3357207 ], [ 74.0944876, 15.3356529 ], [ 74.094469, 15.3354631 ], [ 74.0944365, 15.3353049 ], [ 74.0943946, 15.3351558 ], [ 74.094362, 15.33507 ], [ 74.0943339, 15.3350203 ], [ 74.094345, 15.3350113 ], [ 74.0943587, 15.3349952 ], [ 74.0943387, 15.3349796 ], [ 74.0941383, 15.334957 ], [ 74.0940499, 15.3349389 ], [ 74.0939857, 15.3349098 ], [ 74.0939102, 15.3348757 ], [ 74.0938077, 15.3348124 ], [ 74.0937967, 15.334791 ], [ 74.0937797, 15.3347581 ], [ 74.0937798, 15.3347106 ], [ 74.0937798, 15.3346859 ], [ 74.0937891, 15.3346362 ], [ 74.0938449, 15.334469 ], [ 74.0939615, 15.3342023 ], [ 74.09398, 15.3340667 ], [ 74.0939847, 15.3339718 ], [ 74.0939521, 15.3337639 ], [ 74.0938952, 15.3335792 ], [ 74.0938171, 15.3333257 ], [ 74.0937238, 15.3330771 ], [ 74.0935946, 15.3328431 ], [ 74.0935423, 15.3327924 ], [ 74.0933839, 15.3326929 ], [ 74.0930327, 15.3325265 ], [ 74.0929804, 15.3325021 ], [ 74.0927459, 15.3324263 ], [ 74.0925922, 15.3323359 ], [ 74.0925705, 15.3323211 ], [ 74.0924663, 15.33225 ], [ 74.0923508, 15.3321503 ], [ 74.0923221, 15.3321145 ], [ 74.0923041, 15.3320798 ], [ 74.0922755, 15.3320241 ], [ 74.0921824, 15.3318749 ], [ 74.0921636, 15.3318319 ], [ 74.0921451, 15.3317892 ], [ 74.0920819, 15.3316052 ], [ 74.0920008, 15.3314366 ], [ 74.0919212, 15.3312547 ], [ 74.0918703, 15.3311384 ], [ 74.0917213, 15.3308401 ], [ 74.0916749, 15.3308032 ], [ 74.0916142, 15.3307135 ], [ 74.0915024, 15.3306142 ], [ 74.0914554, 15.3305921 ], [ 74.0913673, 15.3305509 ], [ 74.0912183, 15.3305056 ], [ 74.0910506, 15.3305147 ], [ 74.0909652, 15.3304944 ], [ 74.090841, 15.3304651 ], [ 74.090756, 15.3304265 ], [ 74.0907013, 15.3304017 ], [ 74.0905989, 15.3303746 ], [ 74.0905664, 15.3303624 ], [ 74.0905151, 15.330343 ], [ 74.0904745, 15.330343 ], [ 74.0904172, 15.330343 ], [ 74.0903287, 15.3303521 ], [ 74.0901937, 15.3304243 ], [ 74.0901239, 15.3304469 ], [ 74.0900885, 15.3304424 ], [ 74.090054, 15.3304379 ], [ 74.0900075, 15.3304256 ], [ 74.0899515, 15.3304107 ], [ 74.0898628, 15.3303708 ], [ 74.0898211, 15.330352 ], [ 74.0895184, 15.330108 ], [ 74.0891365, 15.3296968 ], [ 74.0889884, 15.3295143 ], [ 74.0888246, 15.3293126 ], [ 74.0887174, 15.3292131 ], [ 74.0885823, 15.3291137 ], [ 74.0883449, 15.3289872 ], [ 74.0881446, 15.3288968 ], [ 74.0879444, 15.328829 ], [ 74.0879069, 15.3288095 ], [ 74.0878139, 15.3287613 ], [ 74.0877441, 15.3287342 ], [ 74.0877323, 15.3287251 ], [ 74.0877207, 15.328716 ], [ 74.0877111, 15.3287037 ], [ 74.0876183, 15.328585 ], [ 74.087597, 15.3285669 ], [ 74.0875811, 15.3285534 ], [ 74.0875054, 15.3284628 ], [ 74.0874413, 15.3283862 ], [ 74.0873639, 15.328286 ], [ 74.0872737, 15.3281692 ], [ 74.0870502, 15.3279026 ], [ 74.0867941, 15.3276224 ], [ 74.086771, 15.3276032 ], [ 74.0866963, 15.3275411 ], [ 74.0864774, 15.3273783 ], [ 74.0864372, 15.3273255 ], [ 74.0864122, 15.3272926 ], [ 74.0863915, 15.3272578 ], [ 74.086361, 15.3272066 ], [ 74.0863366, 15.3271801 ], [ 74.0863236, 15.327166 ], [ 74.0862343, 15.3271098 ], [ 74.0860723, 15.3270078 ], [ 74.0860566, 15.3269997 ], [ 74.0859931, 15.326967 ], [ 74.0859663, 15.3269601 ], [ 74.0859233, 15.326949 ], [ 74.085871, 15.3269575 ], [ 74.0858395, 15.3269625 ], [ 74.0857746, 15.3269909 ], [ 74.0857465, 15.3270031 ], [ 74.0856394, 15.3270619 ], [ 74.0854112, 15.3271387 ], [ 74.0853694, 15.3271342 ], [ 74.0852156, 15.3270754 ], [ 74.0851579, 15.3270485 ], [ 74.0851087, 15.3270256 ], [ 74.0850416, 15.3269775 ], [ 74.0849131, 15.3268855 ], [ 74.0847448, 15.3267443 ], [ 74.0846759, 15.3266865 ], [ 74.0845978, 15.326632 ], [ 74.0845269, 15.3265826 ], [ 74.0844152, 15.3264696 ], [ 74.0843454, 15.326361 ], [ 74.0843372, 15.3263329 ], [ 74.0843176, 15.3262661 ], [ 74.0843134, 15.326069 ], [ 74.084313, 15.3260491 ], [ 74.0843294, 15.3259095 ], [ 74.0843597, 15.3256515 ], [ 74.084376, 15.3255644 ], [ 74.084397, 15.3254527 ], [ 74.084401, 15.3253257 ], [ 74.0844015, 15.3253016 ], [ 74.0843923, 15.3252086 ], [ 74.0843551, 15.3251183 ], [ 74.0843508, 15.3250361 ], [ 74.0843366, 15.3249871 ], [ 74.084304, 15.3249283 ], [ 74.0842715, 15.3248877 ], [ 74.0842615, 15.324869 ], [ 74.0842109, 15.3247747 ], [ 74.0841934, 15.3247552 ], [ 74.0841763, 15.3247334 ], [ 74.0841598, 15.3246934 ], [ 74.0841551, 15.3246617 ], [ 74.0841179, 15.324612 ], [ 74.0841132, 15.3245623 ], [ 74.0841056, 15.3245423 ], [ 74.0840994, 15.3245261 ], [ 74.0840761, 15.3244944 ], [ 74.0840761, 15.3244755 ], [ 74.084076, 15.3244537 ], [ 74.0841226, 15.3243634 ], [ 74.0841226, 15.3243137 ], [ 74.0841052, 15.3242561 ], [ 74.0840994, 15.3242368 ], [ 74.0840483, 15.3240877 ], [ 74.0840297, 15.3240651 ], [ 74.0839413, 15.3238933 ], [ 74.0839288, 15.3238867 ], [ 74.0838901, 15.3238662 ], [ 74.0838657, 15.323837 ], [ 74.0838249, 15.3237623 ], [ 74.0836386, 15.3235595 ], [ 74.0835922, 15.3235091 ], [ 74.0834573, 15.3233282 ], [ 74.0834547, 15.3233099 ], [ 74.0834481, 15.323265 ], [ 74.0834574, 15.3232243 ], [ 74.0834727, 15.3231903 ], [ 74.0835366, 15.3230482 ], [ 74.0836018, 15.3228718 ], [ 74.0836158, 15.3227996 ], [ 74.0836158, 15.3227766 ], [ 74.0836157, 15.3227317 ], [ 74.0835786, 15.3225555 ], [ 74.0835693, 15.3224742 ], [ 74.0835507, 15.3224108 ], [ 74.0835334, 15.3223797 ], [ 74.0834903, 15.3223024 ], [ 74.0833507, 15.3220899 ], [ 74.0833472, 15.3220489 ], [ 74.0833464, 15.3220298 ], [ 74.0833508, 15.3219588 ], [ 74.0833715, 15.3218414 ], [ 74.0833787, 15.3218006 ], [ 74.0833895, 15.3217589 ], [ 74.0834114, 15.3216742 ], [ 74.083416, 15.3215704 ], [ 74.08343, 15.3214707 ], [ 74.0834301, 15.3213578 ], [ 74.0834524, 15.3212358 ], [ 74.083486, 15.3210753 ], [ 74.0835838, 15.3209194 ], [ 74.0837561, 15.3207071 ], [ 74.0838011, 15.3206423 ], [ 74.0839097, 15.3204857 ], [ 74.0839249, 15.3204465 ], [ 74.0839378, 15.3204134 ], [ 74.0839478, 15.320355 ], [ 74.0839564, 15.3203048 ], [ 74.0839611, 15.3201829 ], [ 74.083924, 15.3199162 ], [ 74.0839234, 15.3199006 ], [ 74.0839194, 15.3197761 ], [ 74.0839462, 15.3196718 ], [ 74.0839985, 15.3195772 ], [ 74.0840683, 15.3195185 ], [ 74.0842127, 15.3194416 ], [ 74.0842685, 15.3193875 ], [ 74.0843943, 15.3193152 ], [ 74.0844268, 15.3192881 ], [ 74.0844401, 15.3192573 ], [ 74.0844502, 15.3192339 ], [ 74.0844891, 15.3191708 ], [ 74.0845758, 15.3190305 ], [ 74.084638, 15.3189161 ], [ 74.0846505, 15.318904 ], [ 74.084697, 15.3188136 ], [ 74.0847689, 15.3187108 ], [ 74.0847855, 15.3186871 ], [ 74.0849158, 15.318547 ], [ 74.0850469, 15.3184278 ], [ 74.0852417, 15.3182669 ], [ 74.0852661, 15.3182392 ], [ 74.0852976, 15.3182036 ], [ 74.0853535, 15.3181177 ], [ 74.0854265, 15.3180321 ], [ 74.085442, 15.3180139 ], [ 74.0854595, 15.3179855 ], [ 74.0854839, 15.317946 ], [ 74.0854901, 15.3179219 ], [ 74.0855072, 15.3178557 ], [ 74.0855072, 15.317833 ], [ 74.0855072, 15.3178151 ], [ 74.0854984, 15.3177663 ], [ 74.0854933, 15.3177381 ], [ 74.0854608, 15.3176568 ], [ 74.0853714, 15.3175245 ], [ 74.085363, 15.3175122 ], [ 74.0853491, 15.3174443 ], [ 74.0853493, 15.3174069 ], [ 74.0853631, 15.3173404 ], [ 74.0853956, 15.3172862 ], [ 74.0854654, 15.3172275 ], [ 74.0854922, 15.3172217 ], [ 74.0855492, 15.3172094 ], [ 74.0856052, 15.3172094 ], [ 74.0856936, 15.317223 ], [ 74.0858006, 15.3172502 ], [ 74.0858937, 15.3172502 ], [ 74.0860107, 15.3172298 ], [ 74.0860752, 15.3172186 ], [ 74.0862801, 15.3171553 ], [ 74.0863462, 15.3171164 ], [ 74.0864105, 15.3170786 ], [ 74.08646, 15.3170365 ], [ 74.086489, 15.3170126 ], [ 74.0865455, 15.3169746 ], [ 74.08662, 15.3169385 ], [ 74.0866577, 15.3169282 ], [ 74.0867689, 15.3168979 ], [ 74.0867885, 15.3168959 ], [ 74.0868993, 15.3168844 ], [ 74.0870755, 15.3168869 ], [ 74.0872111, 15.3168889 ], [ 74.0872408, 15.3168962 ], [ 74.087267, 15.3169025 ], [ 74.0872903, 15.3168997 ], [ 74.0873042, 15.316898 ], [ 74.0875091, 15.3168347 ], [ 74.0876394, 15.3167805 ], [ 74.0877325, 15.3167263 ], [ 74.0882028, 15.316288 ], [ 74.0884263, 15.3160305 ], [ 74.0878167, 15.3153524 ], [ 74.0875765, 15.314986 ], [ 74.0873189, 15.314593 ], [ 74.0872182, 15.3141786 ], [ 74.0871422, 15.3138654 ], [ 74.0873567, 15.3130067 ], [ 74.0875305, 15.3124652 ], [ 74.0877106, 15.3119041 ], [ 74.0879249, 15.3112127 ], [ 74.0878693, 15.3110968 ], [ 74.0877948, 15.3109415 ], [ 74.0875388, 15.3106973 ], [ 74.0871992, 15.3103719 ], [ 74.0872915, 15.3099539 ], [ 74.0873109, 15.3098657 ], [ 74.0877343, 15.3094248 ], [ 74.0878837, 15.3092692 ], [ 74.088275, 15.3080672 ], [ 74.0886007, 15.3074895 ], [ 74.0892482, 15.306341 ], [ 74.0902285, 15.3050611 ], [ 74.0905287, 15.3046691 ], [ 74.0910037, 15.3038692 ], [ 74.0912132, 15.303589 ], [ 74.0912877, 15.303336 ], [ 74.0912324, 15.3031208 ], [ 74.0912239, 15.3030877 ], [ 74.0906291, 15.3026725 ], [ 74.0904316, 15.3025359 ], [ 74.0896405, 15.3021652 ], [ 74.0891989, 15.3015156 ], [ 74.0891333, 15.3014193 ], [ 74.0891291, 15.3013647 ], [ 74.0890684, 15.3005787 ], [ 74.0887199, 15.2986941 ], [ 74.0905166, 15.2981821 ], [ 74.091224, 15.2979805 ], [ 74.0913809, 15.2978777 ], [ 74.0917547, 15.2976327 ], [ 74.0917769, 15.297198 ], [ 74.0917817, 15.2971054 ], [ 74.0918296, 15.296191 ], [ 74.0919089, 15.2956216 ], [ 74.0922796, 15.2956455 ], [ 74.0926117, 15.2956669 ], [ 74.0934217, 15.2946547 ], [ 74.094883, 15.295003 ], [ 74.0951763, 15.2948855 ], [ 74.0952228, 15.2948539 ], [ 74.0952507, 15.2948404 ], [ 74.095288, 15.2948223 ], [ 74.0953624, 15.2948087 ], [ 74.0955439, 15.2948087 ], [ 74.0957115, 15.2947726 ], [ 74.0958815, 15.2947121 ], [ 74.0959907, 15.2946733 ], [ 74.0960198, 15.2946553 ], [ 74.096042, 15.2946416 ], [ 74.0961677, 15.29447 ], [ 74.0962163, 15.294383 ], [ 74.0962282, 15.2943615 ], [ 74.0962794, 15.2943208 ], [ 74.0962888, 15.2942896 ], [ 74.0963819, 15.2941446 ], [ 74.0965757, 15.2939085 ], [ 74.0966193, 15.2938553 ], [ 74.0967031, 15.2937785 ], [ 74.0967729, 15.2937379 ], [ 74.096789, 15.2937053 ], [ 74.0968288, 15.2936882 ], [ 74.0968893, 15.2936295 ], [ 74.0969353, 15.2935721 ], [ 74.0969545, 15.2935481 ], [ 74.0970289, 15.2934216 ], [ 74.0970569, 15.2933583 ], [ 74.097063, 15.2933346 ], [ 74.0970802, 15.2932679 ], [ 74.0971007, 15.2931445 ], [ 74.0971035, 15.2931279 ], [ 74.097164, 15.2930284 ], [ 74.0971877, 15.2929988 ], [ 74.0971966, 15.2929877 ], [ 74.0972292, 15.2929651 ], [ 74.0972431, 15.2929426 ], [ 74.0972783, 15.292917 ], [ 74.0973548, 15.2928612 ], [ 74.0974945, 15.2928025 ], [ 74.0975783, 15.29278 ], [ 74.0978157, 15.292658 ], [ 74.0980252, 15.2924952 ], [ 74.0981043, 15.2924185 ], [ 74.0982952, 15.2921564 ], [ 74.0984581, 15.2919802 ], [ 74.0984737, 15.2919548 ], [ 74.098486, 15.2919349 ], [ 74.0985399, 15.2918826 ], [ 74.0985791, 15.2918446 ], [ 74.0986464, 15.2917639 ], [ 74.0986582, 15.2917497 ], [ 74.098683, 15.2917272 ], [ 74.0987328, 15.2916819 ], [ 74.0988021, 15.2916334 ], [ 74.0988205, 15.2916214 ], [ 74.099026, 15.2915283 ], [ 74.0992215, 15.2914832 ], [ 74.0993045, 15.2914575 ], [ 74.0993238, 15.2914515 ], [ 74.1005574, 15.2901502 ], [ 74.1012813, 15.2897389 ], [ 74.1024952, 15.2890492 ], [ 74.1029034, 15.2888173 ], [ 74.1045559, 15.2869872 ], [ 74.1059103, 15.2860926 ], [ 74.1052499, 15.2839729 ], [ 74.1061035, 15.2824711 ], [ 74.1065907, 15.281614 ], [ 74.1058322, 15.2811167 ], [ 74.1039808, 15.277153 ], [ 74.1031854, 15.2754131 ], [ 74.1026085, 15.2744187 ], [ 74.1023946, 15.2738221 ], [ 74.1024137, 15.2715263 ], [ 74.1022463, 15.2711421 ], [ 74.1001339, 15.270021 ], [ 74.099892, 15.2696279 ], [ 74.0998921, 15.2691172 ], [ 74.1002693, 15.2682857 ], [ 74.1001135, 15.2683302 ], [ 74.0999527, 15.268376 ], [ 74.0998039, 15.2684167 ], [ 74.0997604, 15.2684316 ], [ 74.0996595, 15.2684664 ], [ 74.0994422, 15.2684834 ], [ 74.0993152, 15.2684934 ], [ 74.09905, 15.2683759 ], [ 74.0987289, 15.2684391 ], [ 74.0984024, 15.2684022 ], [ 74.0981937, 15.2683757 ], [ 74.0979286, 15.2683214 ], [ 74.0977704, 15.2682852 ], [ 74.0975843, 15.268222 ], [ 74.0973562, 15.2681812 ], [ 74.0973341, 15.2681796 ], [ 74.0971701, 15.2681677 ], [ 74.0969711, 15.2681129 ], [ 74.0968909, 15.2680908 ], [ 74.0968062, 15.2680729 ], [ 74.0966349, 15.2680366 ], [ 74.0965071, 15.2680434 ], [ 74.0963837, 15.26805 ], [ 74.0961697, 15.2680365 ], [ 74.0961264, 15.2680308 ], [ 74.0959975, 15.2680138 ], [ 74.0958346, 15.2679596 ], [ 74.0954903, 15.2678419 ], [ 74.0952045, 15.2677864 ], [ 74.0950202, 15.2677494 ], [ 74.0947412, 15.2676249 ], [ 74.0945893, 15.267601 ], [ 74.0943968, 15.2675706 ], [ 74.0942107, 15.2675209 ], [ 74.0941736, 15.2675104 ], [ 74.0938896, 15.2674304 ], [ 74.0935825, 15.2673626 ], [ 74.0935207, 15.2673509 ], [ 74.0933173, 15.2673128 ], [ 74.0930815, 15.2672599 ], [ 74.0928718, 15.2671957 ], [ 74.0927822, 15.267168 ], [ 74.0926738, 15.2671754 ], [ 74.0925822, 15.2671816 ], [ 74.092542, 15.267184 ], [ 74.0923588, 15.2671951 ], [ 74.0921586, 15.2671815 ], [ 74.0921117, 15.2671893 ], [ 74.0919958, 15.2672086 ], [ 74.0918606, 15.2673103 ], [ 74.0918096, 15.2673486 ], [ 74.0916654, 15.2674164 ], [ 74.0914883, 15.2675283 ], [ 74.0914652, 15.2675429 ], [ 74.0912511, 15.2678411 ], [ 74.091099, 15.2679125 ], [ 74.0910788, 15.267936 ], [ 74.0909718, 15.268076 ], [ 74.0908507, 15.2682433 ], [ 74.0908507, 15.2682671 ], [ 74.0908507, 15.268415 ], [ 74.0907949, 15.2685687 ], [ 74.0907436, 15.2686319 ], [ 74.0907018, 15.2687223 ], [ 74.0905435, 15.2689573 ], [ 74.0904718, 15.2690873 ], [ 74.0904364, 15.2691515 ], [ 74.0903808, 15.2692523 ], [ 74.0903293, 15.2693458 ], [ 74.0901989, 15.269617 ], [ 74.0901152, 15.2697209 ], [ 74.0900664, 15.269824 ], [ 74.090036, 15.2698882 ], [ 74.0899864, 15.269978 ], [ 74.0899289, 15.2700824 ], [ 74.0898056, 15.2702453 ], [ 74.0896449, 15.2704574 ], [ 74.0894726, 15.2707285 ], [ 74.0894045, 15.2708609 ], [ 74.0893516, 15.2709635 ], [ 74.0891235, 15.2713114 ], [ 74.0890482, 15.27143 ], [ 74.0889512, 15.2715827 ], [ 74.0888209, 15.2717543 ], [ 74.0885137, 15.2719982 ], [ 74.0884683, 15.2720424 ], [ 74.0883927, 15.2721158 ], [ 74.0883212, 15.2721158 ], [ 74.0881507, 15.2721157 ], [ 74.0879954, 15.2722136 ], [ 74.0878854, 15.2722829 ], [ 74.0874199, 15.2725178 ], [ 74.0870057, 15.2728521 ], [ 74.0869927, 15.2728748 ], [ 74.0869824, 15.2728927 ], [ 74.0869391, 15.2729415 ], [ 74.086866, 15.2730237 ], [ 74.086638, 15.2732316 ], [ 74.0865169, 15.2733853 ], [ 74.0863167, 15.2736563 ], [ 74.0861817, 15.2737739 ], [ 74.0860513, 15.2740721 ], [ 74.085845, 15.2743852 ], [ 74.0857953, 15.2744606 ], [ 74.0855578, 15.2747046 ], [ 74.0853577, 15.2749668 ], [ 74.0850644, 15.2753643 ], [ 74.0849984, 15.275476 ], [ 74.0848641, 15.2757033 ], [ 74.0847911, 15.2758174 ], [ 74.0847571, 15.2758705 ], [ 74.0846898, 15.2759358 ], [ 74.08465, 15.2759744 ], [ 74.0845455, 15.2761084 ], [ 74.0845197, 15.2761416 ], [ 74.0843568, 15.2762861 ], [ 74.0841427, 15.2764307 ], [ 74.0841207, 15.2764389 ], [ 74.0838773, 15.27653 ], [ 74.0837679, 15.2765204 ], [ 74.0835982, 15.2764802 ], [ 74.0834866, 15.2764803 ], [ 74.0834492, 15.2764803 ], [ 74.0832398, 15.2764802 ], [ 74.0831618, 15.2764801 ], [ 74.0830258, 15.27648 ], [ 74.0828909, 15.2764529 ], [ 74.0827186, 15.2764393 ], [ 74.0826116, 15.2764302 ], [ 74.0825046, 15.2764031 ], [ 74.082331, 15.2763385 ], [ 74.0822254, 15.2762992 ], [ 74.0819462, 15.2761951 ], [ 74.0817322, 15.2761047 ], [ 74.0816255, 15.2760591 ], [ 74.0814251, 15.2759735 ], [ 74.0812018, 15.2758198 ], [ 74.0808528, 15.2756751 ], [ 74.0803363, 15.275458 ], [ 74.0797501, 15.2749924 ], [ 74.0795658, 15.274882 ], [ 74.0794709, 15.2748252 ], [ 74.0792832, 15.2747592 ], [ 74.079136, 15.2747075 ], [ 74.0789629, 15.2745533 ], [ 74.0786428, 15.2743865 ], [ 74.0785219, 15.2742147 ], [ 74.0783014, 15.2741076 ], [ 74.0781995, 15.2740584 ], [ 74.0780566, 15.2739977 ], [ 74.0779153, 15.2738841 ], [ 74.0778147, 15.2738033 ], [ 74.0776428, 15.2737232 ], [ 74.0775882, 15.2736971 ], [ 74.0774704, 15.2736179 ], [ 74.0773509, 15.2735686 ], [ 74.0772842, 15.273541 ], [ 74.0771121, 15.2733873 ], [ 74.0770006, 15.273342 ], [ 74.0768562, 15.2732833 ], [ 74.076712, 15.273229 ], [ 74.0766311, 15.2731863 ], [ 74.076498, 15.273116 ], [ 74.0763258, 15.2731024 ], [ 74.0762493, 15.2731093 ], [ 74.0761768, 15.2731159 ], [ 74.0759396, 15.2731384 ], [ 74.0758893, 15.2731384 ], [ 74.0757906, 15.2731384 ], [ 74.0756323, 15.2732287 ], [ 74.0755534, 15.2732963 ], [ 74.0754043, 15.2734003 ], [ 74.0753388, 15.2734639 ], [ 74.0751249, 15.2736715 ], [ 74.0750407, 15.2737691 ], [ 74.0749807, 15.2738386 ], [ 74.0749034, 15.2739421 ], [ 74.0748829, 15.2739697 ], [ 74.0747897, 15.2741368 ], [ 74.0747478, 15.2741958 ], [ 74.0746967, 15.2742678 ], [ 74.074665, 15.2743 ], [ 74.0745942, 15.2743718 ], [ 74.0744632, 15.274483 ], [ 74.0744453, 15.2744982 ], [ 74.0744014, 15.2745956 ], [ 74.0743603, 15.2746866 ], [ 74.0743474, 15.2747152 ], [ 74.0743985, 15.2750044 ], [ 74.0743379, 15.2752982 ], [ 74.0742447, 15.2754925 ], [ 74.0741609, 15.2758042 ], [ 74.0741097, 15.2759714 ], [ 74.0739606, 15.2763194 ], [ 74.0738348, 15.2766628 ], [ 74.0737138, 15.2768797 ], [ 74.0736764, 15.2770107 ], [ 74.0736345, 15.2771509 ], [ 74.0735693, 15.277309 ], [ 74.0735274, 15.2773994 ], [ 74.0734342, 15.2775937 ], [ 74.0733039, 15.2778377 ], [ 74.0731176, 15.2780997 ], [ 74.0729965, 15.2783031 ], [ 74.0729685, 15.2784748 ], [ 74.0727358, 15.2787459 ], [ 74.0727078, 15.2787956 ], [ 74.0725868, 15.2789402 ], [ 74.0724936, 15.2791209 ], [ 74.0724145, 15.2791842 ], [ 74.0722282, 15.2793648 ], [ 74.0721883, 15.2794482 ], [ 74.0721351, 15.2795592 ], [ 74.072056, 15.2796631 ], [ 74.0719209, 15.2798574 ], [ 74.0718138, 15.2800291 ], [ 74.0716276, 15.2802324 ], [ 74.0715345, 15.2804674 ], [ 74.0713761, 15.2806752 ], [ 74.0712039, 15.2808424 ], [ 74.0710689, 15.2810638 ], [ 74.0709477, 15.2812716 ], [ 74.0707615, 15.2815021 ], [ 74.0706032, 15.2817099 ], [ 74.0703843, 15.2820759 ], [ 74.0702121, 15.2822566 ], [ 74.0701609, 15.2823877 ], [ 74.0701189, 15.2825006 ], [ 74.0700537, 15.2826453 ], [ 74.0699978, 15.2827492 ], [ 74.0698814, 15.2828667 ], [ 74.0697882, 15.283201 ], [ 74.0697323, 15.2833456 ], [ 74.0696904, 15.2834359 ], [ 74.0696251, 15.2836665 ], [ 74.0695319, 15.2840053 ], [ 74.0695598, 15.2842765 ], [ 74.0696108, 15.2845884 ], [ 74.0696386, 15.2848596 ], [ 74.0696664, 15.2851986 ], [ 74.0696803, 15.2853115 ], [ 74.0696896, 15.2854561 ], [ 74.0697313, 15.285637 ], [ 74.0698104, 15.2858042 ], [ 74.0698663, 15.2859488 ], [ 74.0699313, 15.2861025 ], [ 74.0699591, 15.2862336 ], [ 74.0700243, 15.2863104 ], [ 74.0701173, 15.2865183 ], [ 74.0701964, 15.2866991 ], [ 74.0703172, 15.2869432 ], [ 74.0704752, 15.2874404 ], [ 74.070559, 15.2876709 ], [ 74.070759, 15.2879421 ], [ 74.070838, 15.2880867 ], [ 74.070931, 15.2883309 ], [ 74.0709589, 15.288489 ], [ 74.0710518, 15.2888099 ], [ 74.0711169, 15.289045 ], [ 74.0712099, 15.2891851 ], [ 74.0712099, 15.289289 ], [ 74.0712516, 15.2898495 ], [ 74.0712654, 15.2900935 ], [ 74.0712886, 15.2903285 ], [ 74.0712885, 15.2904957 ], [ 74.0712791, 15.290663 ], [ 74.0712651, 15.290794 ], [ 74.0712511, 15.2909251 ], [ 74.0711952, 15.2910922 ], [ 74.0710788, 15.2913227 ], [ 74.0710648, 15.291413 ], [ 74.0710088, 15.291517 ], [ 74.0708785, 15.2916752 ], [ 74.0707714, 15.2918559 ], [ 74.0706503, 15.2919733 ], [ 74.0704501, 15.2921766 ], [ 74.0703058, 15.2923212 ], [ 74.0702779, 15.292398 ], [ 74.0701428, 15.2925291 ], [ 74.0699706, 15.2926691 ], [ 74.0698122, 15.2928001 ], [ 74.0695375, 15.2930757 ], [ 74.0694584, 15.2931751 ], [ 74.0692164, 15.2933603 ], [ 74.0690581, 15.2934642 ], [ 74.0686856, 15.2936675 ], [ 74.0685507, 15.293785 ], [ 74.0683225, 15.2939521 ], [ 74.0681782, 15.2940334 ], [ 74.0679361, 15.2941869 ], [ 74.0677499, 15.294318 ], [ 74.0674426, 15.294589 ], [ 74.0671633, 15.2947832 ], [ 74.0669771, 15.2949504 ], [ 74.0666372, 15.2951852 ], [ 74.066544, 15.2952756 ], [ 74.066302, 15.2954427 ], [ 74.0661018, 15.2955873 ], [ 74.0659435, 15.2956098 ], [ 74.0657015, 15.2957002 ], [ 74.065492, 15.2958447 ], [ 74.065236, 15.295935 ], [ 74.0650777, 15.2960525 ], [ 74.0648217, 15.2961564 ], [ 74.0644772, 15.2962963 ], [ 74.0641979, 15.2964273 ], [ 74.0638767, 15.2965447 ], [ 74.0636579, 15.2967118 ], [ 74.0632158, 15.2968156 ], [ 74.0630714, 15.2968517 ], [ 74.0627781, 15.2969691 ], [ 74.0626292, 15.2970233 ], [ 74.0624057, 15.2971362 ], [ 74.0621637, 15.2972174 ], [ 74.0618705, 15.2972173 ], [ 74.0616424, 15.2972805 ], [ 74.0614329, 15.2973302 ], [ 74.0611397, 15.2973978 ], [ 74.0608558, 15.2975016 ], [ 74.0605253, 15.2975512 ], [ 74.0604, 15.297612 ], [ 74.0603391, 15.2976416 ], [ 74.0594267, 15.2979531 ], [ 74.0591567, 15.2980434 ], [ 74.0587704, 15.2980839 ], [ 74.0584633, 15.298147 ], [ 74.0581327, 15.2982238 ], [ 74.0579465, 15.2982643 ], [ 74.0577324, 15.2982778 ], [ 74.0575974, 15.2982913 ], [ 74.057146, 15.2983679 ], [ 74.0567969, 15.2984175 ], [ 74.0565316, 15.2984988 ], [ 74.056094, 15.298589 ], [ 74.0556146, 15.2986249 ], [ 74.0553447, 15.2986655 ], [ 74.0549211, 15.2987286 ], [ 74.0544929, 15.2987827 ], [ 74.0539204, 15.2988051 ], [ 74.0535062, 15.2988455 ], [ 74.0529197, 15.2988588 ], [ 74.0526405, 15.2988588 ], [ 74.0523752, 15.298845 ], [ 74.0521239, 15.2988314 ], [ 74.0517748, 15.2988177 ], [ 74.0515747, 15.2987679 ], [ 74.0513513, 15.2987407 ], [ 74.0509744, 15.298727 ], [ 74.0507649, 15.2986637 ], [ 74.050616, 15.2986635 ], [ 74.0503647, 15.298677 ], [ 74.0502297, 15.2986905 ], [ 74.0500715, 15.2986769 ], [ 74.0498946, 15.2986362 ], [ 74.0497503, 15.2985999 ], [ 74.0496015, 15.2985456 ], [ 74.0494013, 15.2985184 ], [ 74.0492012, 15.2984957 ], [ 74.0491221, 15.2984686 ], [ 74.0490569, 15.2984821 ], [ 74.0487777, 15.2984548 ], [ 74.0486148, 15.2984277 ], [ 74.0484427, 15.2983372 ], [ 74.0481774, 15.29831 ], [ 74.0479912, 15.2982873 ], [ 74.0477632, 15.2982601 ], [ 74.0476189, 15.2982193 ], [ 74.047363, 15.2981695 ], [ 74.0471395, 15.2982101 ], [ 74.0468556, 15.298219 ], [ 74.0466974, 15.2981828 ], [ 74.0465777, 15.298178 ], [ 74.046353, 15.298169 ], [ 74.046246, 15.298169 ], [ 74.0459807, 15.2982096 ], [ 74.0458084, 15.2982185 ], [ 74.0456595, 15.2982185 ], [ 74.0454873, 15.2982998 ], [ 74.0453289, 15.2983765 ], [ 74.0451288, 15.2984396 ], [ 74.0451009, 15.2984397 ], [ 74.0449799, 15.2985029 ], [ 74.0448588, 15.2985977 ], [ 74.0446074, 15.2987648 ], [ 74.044449, 15.2988416 ], [ 74.0442722, 15.2989455 ], [ 74.0440207, 15.2990357 ], [ 74.0438718, 15.2991531 ], [ 74.0436483, 15.2992796 ], [ 74.0434853, 15.2994513 ], [ 74.0433131, 15.2995642 ], [ 74.0432338, 15.2997088 ], [ 74.0430476, 15.2998668 ], [ 74.0429405, 15.2999933 ], [ 74.0428333, 15.3001379 ], [ 74.0427541, 15.3003051 ], [ 74.042647, 15.3004722 ], [ 74.0425399, 15.3005762 ], [ 74.0423815, 15.3009015 ], [ 74.0422185, 15.3010957 ], [ 74.0422184, 15.3012494 ], [ 74.0421671, 15.3013669 ], [ 74.0420879, 15.3015747 ], [ 74.0420599, 15.3017012 ], [ 74.0418736, 15.3019361 ], [ 74.0418875, 15.302013 ], [ 74.0417942, 15.3022344 ], [ 74.0417244, 15.3024287 ], [ 74.0416173, 15.3025552 ], [ 74.041538, 15.3026863 ], [ 74.0414587, 15.3029438 ], [ 74.0414075, 15.3030748 ], [ 74.0413795, 15.3032194 ], [ 74.0412863, 15.303477 ], [ 74.0412862, 15.3035674 ], [ 74.0412582, 15.303721 ], [ 74.0411276, 15.3040599 ], [ 74.0410205, 15.3042271 ], [ 74.0409646, 15.3043807 ], [ 74.0408853, 15.3045886 ], [ 74.0407783, 15.3046564 ], [ 74.0407502, 15.3049275 ], [ 74.040657, 15.3051082 ], [ 74.0405406, 15.3052257 ], [ 74.0403496, 15.3054968 ], [ 74.0402425, 15.3055871 ], [ 74.0401121, 15.3056909 ], [ 74.040019, 15.3057948 ], [ 74.0398979, 15.3059077 ], [ 74.0396418, 15.3060116 ], [ 74.0395487, 15.3060251 ], [ 74.0393718, 15.3060657 ], [ 74.0392927, 15.3060521 ], [ 74.0391857, 15.3060249 ], [ 74.0389715, 15.3060113 ], [ 74.0388273, 15.3059977 ], [ 74.0387482, 15.3060112 ], [ 74.0386132, 15.3059749 ], [ 74.0383852, 15.3058166 ], [ 74.0381758, 15.3058075 ], [ 74.0379199, 15.3056221 ], [ 74.0376407, 15.3055225 ], [ 74.0374825, 15.3054411 ], [ 74.0371614, 15.3053144 ], [ 74.0365472, 15.3050429 ], [ 74.0363332, 15.3048485 ], [ 74.0360028, 15.3047308 ], [ 74.0355096, 15.3044593 ], [ 74.0351095, 15.3043146 ], [ 74.0345744, 15.3039888 ], [ 74.0342673, 15.3038622 ], [ 74.0341091, 15.3037943 ], [ 74.0337601, 15.3036134 ], [ 74.033574, 15.3035093 ], [ 74.033239, 15.3034097 ], [ 74.0330669, 15.3032514 ], [ 74.0326295, 15.3030569 ], [ 74.0324526, 15.3029799 ], [ 74.0321874, 15.3028261 ], [ 74.0320572, 15.3027447 ], [ 74.0317734, 15.3025503 ], [ 74.0313081, 15.3023964 ], [ 74.0309359, 15.3020708 ], [ 74.0306708, 15.3019034 ], [ 74.0303915, 15.3018264 ], [ 74.0301356, 15.3017494 ], [ 74.0298704, 15.301686 ], [ 74.0295912, 15.3014779 ], [ 74.029312, 15.3014236 ], [ 74.0288978, 15.301333 ], [ 74.0282695, 15.3012061 ], [ 74.027753, 15.3010883 ], [ 74.0275762, 15.3009843 ], [ 74.0272318, 15.3009434 ], [ 74.0270829, 15.3009433 ], [ 74.0268036, 15.3009568 ], [ 74.0262173, 15.3007891 ], [ 74.0259939, 15.300789 ], [ 74.0256448, 15.3007753 ], [ 74.0252725, 15.3007751 ], [ 74.0250723, 15.3007614 ], [ 74.0246348, 15.3008245 ], [ 74.0243788, 15.3008153 ], [ 74.0240996, 15.3008151 ], [ 74.0238482, 15.3008646 ], [ 74.0236714, 15.300851 ], [ 74.0233502, 15.3009322 ], [ 74.0230849, 15.3008823 ], [ 74.022908, 15.3008957 ], [ 74.0227498, 15.3009001 ], [ 74.0225776, 15.300882 ], [ 74.02241, 15.3008819 ], [ 74.0223123, 15.3008999 ], [ 74.0221494, 15.3009134 ], [ 74.0220284, 15.3008998 ], [ 74.0217816, 15.3009313 ], [ 74.0216327, 15.300913 ], [ 74.0213442, 15.3009265 ], [ 74.0208369, 15.3009261 ], [ 74.0206693, 15.3009487 ], [ 74.0204971, 15.3009938 ], [ 74.0202458, 15.3009394 ], [ 74.0200922, 15.3009438 ], [ 74.0198455, 15.3009482 ], [ 74.0196267, 15.3009752 ], [ 74.0193801, 15.3009931 ], [ 74.019273, 15.3010021 ], [ 74.0190729, 15.301002 ], [ 74.0189053, 15.3010289 ], [ 74.0183746, 15.3011055 ], [ 74.0181885, 15.3010692 ], [ 74.0179232, 15.3011323 ], [ 74.0177369, 15.3011684 ], [ 74.0174158, 15.3012089 ], [ 74.0172064, 15.3012494 ], [ 74.0168293, 15.3012989 ], [ 74.0165919, 15.301362 ], [ 74.0164849, 15.3013755 ], [ 74.0162195, 15.3014296 ], [ 74.0159913, 15.301547 ], [ 74.0158331, 15.3016101 ], [ 74.0157121, 15.3016236 ], [ 74.0155398, 15.3017003 ], [ 74.0153908, 15.301777 ], [ 74.0151673, 15.3018944 ], [ 74.0148367, 15.3021157 ], [ 74.0146225, 15.3022059 ], [ 74.0144224, 15.3022872 ], [ 74.0142221, 15.3024136 ], [ 74.0140777, 15.3025942 ], [ 74.0139427, 15.3026981 ], [ 74.0137844, 15.3027251 ], [ 74.0136493, 15.302829 ], [ 74.0134491, 15.3030096 ], [ 74.0133838, 15.3031136 ], [ 74.0131696, 15.3032535 ], [ 74.01296, 15.3034342 ], [ 74.012783, 15.3036961 ], [ 74.0125967, 15.3038362 ], [ 74.0124802, 15.304044 ], [ 74.0124243, 15.3042112 ], [ 74.012345, 15.3044235 ], [ 74.0122797, 15.3045003 ], [ 74.0122004, 15.3048121 ], [ 74.0121304, 15.3049928 ], [ 74.0121303, 15.305264 ], [ 74.0121859, 15.3055217 ], [ 74.0121998, 15.3057024 ], [ 74.0121857, 15.3058199 ], [ 74.0122507, 15.3060143 ], [ 74.0123017, 15.3063216 ], [ 74.0124503, 15.306724 ], [ 74.0124222, 15.3068956 ], [ 74.0124222, 15.3069861 ], [ 74.0124499, 15.3072573 ], [ 74.0124359, 15.3073884 ], [ 74.0124358, 15.3074922 ], [ 74.0125288, 15.3076324 ], [ 74.0125426, 15.30775 ], [ 74.0125285, 15.3079578 ], [ 74.0125284, 15.3080979 ], [ 74.0125283, 15.3082696 ], [ 74.0124629, 15.3085272 ], [ 74.0123183, 15.3090468 ], [ 74.0121272, 15.3093179 ], [ 74.0120899, 15.3095755 ], [ 74.0118476, 15.3098239 ], [ 74.0117451, 15.3100046 ], [ 74.0115306, 15.3104429 ], [ 74.0113442, 15.3107817 ], [ 74.0110088, 15.3111838 ], [ 74.0109716, 15.311238 ], [ 74.0108923, 15.3114051 ], [ 74.010799, 15.3116491 ], [ 74.010729, 15.3118299 ], [ 74.0106498, 15.3120241 ], [ 74.0105425, 15.3124263 ], [ 74.0104352, 15.3126477 ], [ 74.0103978, 15.3129549 ], [ 74.0103045, 15.3130995 ], [ 74.0102346, 15.3132803 ], [ 74.0102112, 15.3134339 ], [ 74.0101178, 15.3137456 ], [ 74.0100898, 15.3139806 ], [ 74.0100477, 15.3142111 ], [ 74.0099824, 15.3143647 ], [ 74.0099311, 15.3145093 ], [ 74.009889, 15.3147398 ], [ 74.0098378, 15.3148844 ], [ 74.0098096, 15.3151556 ], [ 74.0097675, 15.3154267 ], [ 74.0097673, 15.3156843 ], [ 74.0096367, 15.3161 ], [ 74.0091975, 15.3182419 ], [ 74.0091417, 15.3182329 ], [ 74.0090904, 15.318373 ], [ 74.0090623, 15.3185401 ], [ 74.0090203, 15.3187209 ], [ 74.0090061, 15.3189559 ], [ 74.0089687, 15.3192406 ], [ 74.0089267, 15.3194485 ], [ 74.0088752, 15.3197829 ], [ 74.0088331, 15.3200811 ], [ 74.0087818, 15.3202212 ], [ 74.0087164, 15.320533 ], [ 74.0087255, 15.3207409 ], [ 74.008688, 15.3210528 ], [ 74.0086459, 15.321351 ], [ 74.0085244, 15.3219339 ], [ 74.0084592, 15.3221418 ], [ 74.0084311, 15.3222999 ], [ 74.0084077, 15.3224943 ], [ 74.0083796, 15.3226976 ], [ 74.0083376, 15.3228693 ], [ 74.0082723, 15.3230726 ], [ 74.0082349, 15.3232444 ], [ 74.0081369, 15.3236058 ], [ 74.0080995, 15.3238364 ], [ 74.0080341, 15.3240848 ], [ 74.0079781, 15.3243288 ], [ 74.0078847, 15.3245864 ], [ 74.0078334, 15.3248214 ], [ 74.0077914, 15.3250157 ], [ 74.0077633, 15.3251965 ], [ 74.007712, 15.3254043 ], [ 74.0074973, 15.326055 ], [ 74.0074319, 15.3263261 ], [ 74.0073107, 15.3266876 ], [ 74.0072826, 15.3268322 ], [ 74.0071752, 15.3272299 ], [ 74.0070165, 15.3278671 ], [ 74.0069652, 15.3279845 ], [ 74.0068578, 15.3284137 ], [ 74.0068436, 15.3287075 ], [ 74.0067641, 15.3290465 ], [ 74.0067082, 15.3292408 ], [ 74.0066288, 15.3294847 ], [ 74.0065635, 15.3297062 ], [ 74.0064702, 15.3300179 ], [ 74.0064141, 15.3303026 ], [ 74.0063906, 15.3305738 ], [ 74.0062973, 15.3308449 ], [ 74.0062041, 15.3309759 ], [ 74.0061198, 15.3315589 ], [ 74.0060826, 15.3316763 ], [ 74.0060265, 15.3318707 ], [ 74.0059472, 15.3321689 ], [ 74.005947, 15.3323632 ], [ 74.005933, 15.3325168 ], [ 74.0059095, 15.3326615 ], [ 74.0058955, 15.3327745 ], [ 74.0058814, 15.3329055 ], [ 74.0058021, 15.3331496 ], [ 74.0057601, 15.333267 ], [ 74.0056949, 15.3333981 ], [ 74.0056808, 15.3335382 ], [ 74.0056666, 15.333746 ], [ 74.0056246, 15.3339132 ], [ 74.0055314, 15.3340713 ], [ 74.00548, 15.3342385 ], [ 74.0053868, 15.3345142 ], [ 74.0053075, 15.3346813 ], [ 74.0053075, 15.3347084 ], [ 74.0053074, 15.3348395 ], [ 74.0053072, 15.3349661 ], [ 74.0052933, 15.3349796 ], [ 74.0052792, 15.3351106 ], [ 74.0052512, 15.335305 ], [ 74.005251, 15.3354316 ], [ 74.0052276, 15.3355761 ], [ 74.0052415, 15.3357163 ], [ 74.0052646, 15.3358202 ], [ 74.0052785, 15.3360416 ], [ 74.0052783, 15.3361953 ], [ 74.0052783, 15.3363264 ], [ 74.0051989, 15.3365207 ], [ 74.0051848, 15.3368055 ], [ 74.0052404, 15.3370676 ], [ 74.0052913, 15.3375557 ], [ 74.0053843, 15.3377004 ], [ 74.0054492, 15.3380349 ], [ 74.0055282, 15.3382971 ], [ 74.0055839, 15.3384643 ], [ 74.0056488, 15.3387085 ], [ 74.0057045, 15.3389164 ], [ 74.0057417, 15.3390701 ], [ 74.0058621, 15.3394489 ], [ 74.0059136, 15.3395809 ], [ 74.0059394, 15.3396591 ], [ 74.0059554, 15.3397075 ], [ 74.0059971, 15.3398521 ], [ 74.0060217, 15.339963 ], [ 74.0060482, 15.3400827 ], [ 74.0061131, 15.3403106 ], [ 74.0061549, 15.3404579 ], [ 74.0062478, 15.3406658 ], [ 74.0063268, 15.340824 ], [ 74.0064058, 15.3410275 ], [ 74.0064155, 15.34109 ], [ 74.0064337, 15.3412083 ], [ 74.0065126, 15.3414162 ], [ 74.0065265, 15.3415971 ], [ 74.0065915, 15.3418321 ], [ 74.0066751, 15.3420898 ], [ 74.006726, 15.3424559 ], [ 74.0067425, 15.3425877 ], [ 74.0067538, 15.3426774 ], [ 74.0067907, 15.3429622 ], [ 74.0068009, 15.3430276 ], [ 74.0068047, 15.3430525 ], [ 74.0068047, 15.3431036 ], [ 74.0068045, 15.3432831 ], [ 74.0067672, 15.3434412 ], [ 74.0067672, 15.3434582 ], [ 74.0067671, 15.3435814 ], [ 74.006767, 15.3436391 ], [ 74.0067669, 15.3437486 ], [ 74.0066829, 15.3440241 ], [ 74.0066827, 15.3442298 ], [ 74.0066827, 15.3442682 ], [ 74.0066722, 15.3443226 ], [ 74.0066454, 15.3444626 ], [ 74.0066162, 15.3445956 ], [ 74.0065799, 15.3447608 ], [ 74.0065561, 15.3449673 ], [ 74.0065518, 15.3450049 ], [ 74.0064585, 15.345276 ], [ 74.0063619, 15.3454136 ], [ 74.0063, 15.3455019 ], [ 74.0062474, 15.3455964 ], [ 74.0062348, 15.3456192 ], [ 74.0061932, 15.3456937 ], [ 74.0060482, 15.3459536 ], [ 74.0060382, 15.3460087 ], [ 74.0060203, 15.3461073 ], [ 74.0059795, 15.3461747 ], [ 74.005941, 15.3462382 ], [ 74.0058478, 15.3463692 ], [ 74.0057546, 15.3465229 ], [ 74.0056613, 15.3465996 ], [ 74.0055542, 15.3467307 ], [ 74.00534, 15.3468706 ], [ 74.0052188, 15.3469383 ], [ 74.0050745, 15.3470422 ], [ 74.0048868, 15.3471858 ], [ 74.0048089, 15.3472454 ], [ 74.0047068, 15.3473006 ], [ 74.0045667, 15.3473763 ], [ 74.0043876, 15.347492 ], [ 74.0043292, 15.3475298 ], [ 74.0039799, 15.347647 ], [ 74.0037517, 15.3478005 ], [ 74.0035933, 15.3479044 ], [ 74.0033791, 15.3480489 ], [ 74.0033107, 15.3480798 ], [ 74.0031789, 15.3481392 ], [ 74.0030984, 15.3481865 ], [ 74.0030485, 15.3482158 ], [ 74.0027829, 15.3483061 ], [ 74.0026922, 15.3483307 ], [ 74.0025828, 15.3483603 ], [ 74.0023965, 15.3484641 ], [ 74.0021962, 15.3485543 ], [ 74.0021589, 15.3485821 ], [ 74.002075, 15.3486446 ], [ 74.0019399, 15.3488253 ], [ 74.0016324, 15.3490827 ], [ 74.0015253, 15.3491977 ], [ 74.001502, 15.3492227 ], [ 74.0014228, 15.3493673 ], [ 74.0012898, 15.3495661 ], [ 74.0012556, 15.3496146 ], [ 74.0010593, 15.3497828 ], [ 74.0008771, 15.3499921 ], [ 74.0008588, 15.3500132 ], [ 74.0007284, 15.3500763 ], [ 74.0005281, 15.350257 ], [ 74.0003684, 15.3504018 ], [ 74.0003138, 15.3504512 ], [ 74.0001694, 15.3505686 ], [ 73.9998991, 15.3508531 ], [ 73.9996755, 15.3511377 ], [ 73.9994092, 15.3511323 ], [ 73.9992133, 15.3511283 ], [ 73.9976954, 15.3512987 ], [ 73.9967319, 15.3515825 ], [ 73.9965888, 15.3516873 ], [ 73.9962844, 15.35191 ], [ 73.995249, 15.3521919 ], [ 73.9951671, 15.3522142 ], [ 73.9947257, 15.3523822 ], [ 73.9925302, 15.3532182 ], [ 73.9905211, 15.3539787 ], [ 73.9894299, 15.3545713 ], [ 73.9892016, 15.3546953 ], [ 73.9883107, 15.3553912 ], [ 73.9877454, 15.3559894 ], [ 73.987591, 15.3561528 ], [ 73.9868282, 15.3570073 ], [ 73.9855813, 15.3584039 ], [ 73.9847687, 15.3593139 ], [ 73.9806898, 15.3638821 ], [ 73.9794842, 15.3650339 ], [ 73.9787892, 15.365701 ], [ 73.9777805, 15.3664854 ], [ 73.9770265, 15.3667587 ], [ 73.9759261, 15.3671578 ], [ 73.9745655, 15.3675213 ], [ 73.9745095, 15.3675295 ], [ 73.9730676, 15.3677382 ], [ 73.9719735, 15.3677399 ], [ 73.9709699, 15.3676119 ], [ 73.9696268, 15.3674606 ], [ 73.9683299, 15.3673327 ], [ 73.9671431, 15.3673104 ], [ 73.9657777, 15.3673937 ], [ 73.9633671, 15.3682021 ], [ 73.9620899, 15.3688739 ], [ 73.9604405, 15.3698292 ], [ 73.9591872, 15.371048 ], [ 73.9583353, 15.3722005 ], [ 73.9576869, 15.3734374 ], [ 73.9576183, 15.3736532 ], [ 73.9575543, 15.3738691 ], [ 73.9575332, 15.3740224 ], [ 73.9575323, 15.3746547 ], [ 73.9573115, 15.3765215 ], [ 73.9570651, 15.3779451 ], [ 73.9563552, 15.3815661 ], [ 73.9559973, 15.3832637 ], [ 73.9553048, 15.3878155 ], [ 73.9550815, 15.3886794 ], [ 73.9548439, 15.3891995 ], [ 73.9546327, 15.3896619 ], [ 73.9541839, 15.3906399 ], [ 73.9532703, 15.3930201 ], [ 73.9525341, 15.3947797 ], [ 73.9513066, 15.3981445 ], [ 73.9505001, 15.3999436 ], [ 73.9496253, 15.4009146 ], [ 73.9495565, 15.4009909 ], [ 73.9481056, 15.4020305 ], [ 73.9472143, 15.402437 ], [ 73.9448908, 15.4030026 ], [ 73.9419634, 15.4034822 ], [ 73.9386031, 15.403657 ], [ 73.9371072, 15.4037246 ], [ 73.9344459, 15.4041584 ], [ 73.9309367, 15.4046153 ], [ 73.9283442, 15.4051134 ], [ 73.9258638, 15.405875 ], [ 73.9219048, 15.4070703 ], [ 73.9181845, 15.4081879 ], [ 73.9179927, 15.4082437 ], [ 73.9189756, 15.4105083 ], [ 73.9205166, 15.4133913 ], [ 73.9214543, 15.4152983 ], [ 73.9221824, 15.4163394 ], [ 73.9236587, 15.418056 ], [ 73.9246211, 15.4190148 ], [ 73.925713, 15.4200298 ], [ 73.9267154, 15.4214003 ], [ 73.9272747, 15.42252 ], [ 73.9274429, 15.4233448 ], [ 73.9273814, 15.4242654 ], [ 73.9271256, 15.4259645 ], [ 73.9270608, 15.4273728 ], [ 73.9271239, 15.4280786 ], [ 73.9273902, 15.4288867 ], [ 73.9278371, 15.4297608 ], [ 73.9282247, 15.4302727 ], [ 73.9292909, 15.4314408 ], [ 73.9304897, 15.4324755 ], [ 73.9319892, 15.4333477 ], [ 73.9336748, 15.4342361 ], [ 73.935023, 15.4346723 ], [ 73.9365375, 15.4349124 ], [ 73.9373551, 15.435042 ], [ 73.9381871, 15.435145 ], [ 73.9391276, 15.4351683 ], [ 73.9400247, 15.4352723 ], [ 73.9408592, 15.4355199 ], [ 73.9420404, 15.4359127 ], [ 73.9430857, 15.4364462 ], [ 73.9438743, 15.4368486 ], [ 73.9450031, 15.437322 ], [ 73.9458534, 15.4377369 ], [ 73.946522, 15.4381536 ], [ 73.9468208, 15.4386911 ], [ 73.9469042, 15.4392933 ], [ 73.9470775, 15.4406827 ], [ 73.9470091, 15.4414541 ], [ 73.946713, 15.4424886 ], [ 73.9462864, 15.4438147 ], [ 73.945535, 15.4453528 ], [ 73.945301, 15.4462843 ], [ 73.9452163, 15.4474937 ], [ 73.9452622, 15.4486915 ], [ 73.9456027, 15.4512671 ], [ 73.9459458, 15.4530928 ], [ 73.9465851, 15.4547513 ], [ 73.9473107, 15.4562621 ], [ 73.9481451, 15.4576707 ], [ 73.9487908, 15.4586471 ], [ 73.9493647, 15.4591663 ], [ 73.949919, 15.4594593 ], [ 73.9504972, 15.4597075 ], [ 73.9511568, 15.4598258 ], [ 73.9521619, 15.4598907 ], [ 73.9540485, 15.4598877 ], [ 73.9548789, 15.460099 ], [ 73.9559885, 15.4606171 ], [ 73.9570372, 15.4614462 ], [ 73.9578305, 15.4625243 ], [ 73.9580434, 15.4634807 ], [ 73.9581542, 15.464702 ], [ 73.9578989, 15.4663832 ], [ 73.9571708, 15.4684999 ], [ 73.9564847, 15.4694518 ], [ 73.9553966, 15.4704924 ], [ 73.9546895, 15.4710102 ], [ 73.9538556, 15.4715894 ], [ 73.9533854, 15.4718624 ], [ 73.9529781, 15.4722764 ], [ 73.9524893, 15.4728382 ], [ 73.9520393, 15.4735858 ], [ 73.9516084, 15.4746002 ], [ 73.9511437, 15.4759711 ], [ 73.9511446, 15.4763083 ], [ 73.951145, 15.476468 ], [ 73.9513362, 15.4779029 ], [ 73.9515927, 15.4793343 ], [ 73.951995, 15.480393 ], [ 73.9527903, 15.4813446 ], [ 73.954311, 15.4826686 ], [ 73.954928, 15.4834144 ], [ 73.9555475, 15.4842865 ], [ 73.9555557, 15.4843499 ], [ 73.9556966, 15.4854453 ], [ 73.9558708, 15.4861978 ], [ 73.955783, 15.487606 ], [ 73.9558306, 15.4884153 ], [ 73.9558077, 15.4892642 ], [ 73.9558282, 15.4900099 ], [ 73.9557011, 15.4906767 ], [ 73.955466, 15.4922542 ], [ 73.9552212, 15.4930037 ], [ 73.9546526, 15.4947447 ], [ 73.9545557, 15.4950994 ], [ 73.9543308, 15.4959234 ], [ 73.9542039, 15.496572 ], [ 73.9540977, 15.4970899 ], [ 73.954119, 15.497359 ], [ 73.9541403, 15.4976282 ], [ 73.9542588, 15.4977926 ], [ 73.9543773, 15.4979569 ], [ 73.9552315, 15.4984352 ], [ 73.9561328, 15.4988915 ], [ 73.9567734, 15.4993259 ], [ 73.9570739, 15.4994704 ], [ 73.9575793, 15.4996827 ], [ 73.9590319, 15.5006262 ], [ 73.9596834, 15.5009613 ], [ 73.9604611, 15.5009865 ], [ 73.961606, 15.5007735 ], [ 73.962199, 15.5009857 ], [ 73.9624193, 15.5014859 ], [ 73.9624204, 15.5019964 ], [ 73.9622021, 15.5025397 ], [ 73.9615532, 15.5037814 ], [ 73.9605901, 15.5054383 ], [ 73.9598752, 15.5070087 ], [ 73.9591678, 15.5078339 ], [ 73.9582974, 15.5086474 ], [ 73.9570875, 15.5091351 ], [ 73.9565268, 15.509226 ], [ 73.9554379, 15.5091373 ], [ 73.9549715, 15.5091664 ], [ 73.9544453, 15.5094386 ], [ 73.9539787, 15.5097703 ], [ 73.9530504, 15.5107049 ], [ 73.9520836, 15.5114313 ], [ 73.9516184, 15.5116727 ], [ 73.9506225, 15.5124572 ], [ 73.9498499, 15.5132768 ], [ 73.9496621, 15.5139425 ], [ 73.9496361, 15.5143939 ], [ 73.9498846, 15.5148765 ], [ 73.9501038, 15.5154446 ], [ 73.9500723, 15.5159591 ], [ 73.9496685, 15.5170191 ], [ 73.9489246, 15.5180695 ], [ 73.94765, 15.5196721 ], [ 73.9474188, 15.5198493 ], [ 73.9467189, 15.5204847 ], [ 73.9462838, 15.5208892 ], [ 73.9453852, 15.5217024 ], [ 73.9449198, 15.5222465 ], [ 73.9447345, 15.5227586 ], [ 73.9447629, 15.5233057 ], [ 73.9451998, 15.5236647 ], [ 73.9457012, 15.5237808 ], [ 73.9462267, 15.5238429 ], [ 73.947439, 15.5235089 ], [ 73.948404, 15.5234829 ], [ 73.9494592, 15.5239326 ], [ 73.9506079, 15.5246547 ], [ 73.9511422, 15.5250468 ], [ 73.9516544, 15.5252104 ], [ 73.9521666, 15.525374 ], [ 73.953472, 15.5259178 ], [ 73.9540526, 15.5263286 ], [ 73.9543649, 15.5268981 ], [ 73.9547679, 15.5279206 ], [ 73.9550791, 15.5294298 ], [ 73.9556083, 15.5304271 ], [ 73.9567785, 15.5321345 ], [ 73.9580565, 15.5338027 ], [ 73.9582295, 15.5343475 ], [ 73.9581011, 15.5348018 ], [ 73.958008, 15.5353741 ], [ 73.9581377, 15.536004 ], [ 73.9585363, 15.5364257 ], [ 73.9606219, 15.5377221 ], [ 73.9622125, 15.5387942 ], [ 73.9630624, 15.5381068 ], [ 73.9642284, 15.5374603 ], [ 73.9651257, 15.5367238 ], [ 73.9652549, 15.536521 ], [ 73.9661343, 15.5351397 ], [ 73.9671652, 15.5336237 ], [ 73.9680362, 15.5319066 ], [ 73.9690013, 15.5295447 ], [ 73.9702368, 15.5260079 ], [ 73.9708289, 15.5248241 ], [ 73.9712086, 15.5243961 ], [ 73.9720988, 15.5237951 ] ] ] } },
{ "type": "Feature", "properties": { "taluka": "Dharbandora", "subdt_lgd": 5931, "district_in_lgd_file": "South Goa", "district_2026": "Kushavati" }, "geometry": { "type": "Polygon", "coordinates": [ [ [ 74.251538, 15.4907662 ], [ 74.2544738, 15.4869001 ], [ 74.2582938, 15.4820581 ], [ 74.2608036, 15.4775994 ], [ 74.2623711, 15.475011 ], [ 74.2639757, 15.4723592 ], [ 74.2645448, 15.4713247 ], [ 74.2650076, 15.4701509 ], [ 74.2658702, 15.4679634 ], [ 74.2662169, 15.4671176 ], [ 74.266976, 15.4652661 ], [ 74.2670313, 15.4651451 ], [ 74.2674752, 15.4641728 ], [ 74.2683661, 15.4625963 ], [ 74.2707122, 15.4586164 ], [ 74.2720601, 15.4561949 ], [ 74.2731471, 15.4537147 ], [ 74.2748216, 15.450367 ], [ 74.2754512, 15.4491879 ], [ 74.2754799, 15.448832 ], [ 74.2756246, 15.4470415 ], [ 74.2761059, 15.4440728 ], [ 74.2762975, 15.442916 ], [ 74.2768342, 15.4416994 ], [ 74.2773657, 15.4404945 ], [ 74.2773544, 15.4404375 ], [ 74.2768619, 15.4379485 ], [ 74.27686, 15.4379468 ], [ 74.2750636, 15.4364557 ], [ 74.2750648, 15.4364549 ], [ 74.2762641, 15.4356392 ], [ 74.2768928, 15.4352116 ], [ 74.2768902, 15.4352079 ], [ 74.27642, 15.4345633 ], [ 74.2749604, 15.4325624 ], [ 74.2722482, 15.4290843 ], [ 74.2711002, 15.427612 ], [ 74.2699176, 15.4260478 ], [ 74.2699174, 15.4260469 ], [ 74.2699152, 15.4260439 ], [ 74.2690231, 15.4209733 ], [ 74.2687818, 15.4190978 ], [ 74.2693692, 15.417968 ], [ 74.270414, 15.4159582 ], [ 74.2721727, 15.4148901 ], [ 74.274324, 15.4135835 ], [ 74.2747342, 15.4129556 ], [ 74.2749746, 15.4121284 ], [ 74.2749912, 15.4120712 ], [ 74.2754996, 15.4103215 ], [ 74.2762366, 15.4083878 ], [ 74.2763561, 15.4081954 ], [ 74.2766415, 15.4077362 ], [ 74.2768007, 15.40748 ], [ 74.2777982, 15.4063643 ], [ 74.278297, 15.4056913 ], [ 74.2782027, 15.4051897 ], [ 74.2777114, 15.4025775 ], [ 74.2771306, 15.3991836 ], [ 74.2767003, 15.3965872 ], [ 74.2758717, 15.3915868 ], [ 74.2765202, 15.3907713 ], [ 74.2805232, 15.3857375 ], [ 74.2829932, 15.3829418 ], [ 74.2865753, 15.3827537 ], [ 74.2869761, 15.3827268 ], [ 74.2987051, 15.381937 ], [ 74.2987075, 15.3819408 ], [ 74.3000913, 15.3807439 ], [ 74.3004594, 15.3803871 ], [ 74.3016102, 15.3795833 ], [ 74.3071496, 15.3755412 ], [ 74.3081187, 15.3748141 ], [ 74.3085985, 15.3744527 ], [ 74.3097678, 15.3738205 ], [ 74.3138718, 15.371992 ], [ 74.3209709, 15.3687499 ], [ 74.3224905, 15.3680209 ], [ 74.3232021, 15.3676796 ], [ 74.3231978, 15.3676767 ], [ 74.3222596, 15.3670445 ], [ 74.3162587, 15.3630007 ], [ 74.3162588, 15.3629985 ], [ 74.3162821, 15.3625127 ], [ 74.3160405, 15.3599731 ], [ 74.3168701, 15.3574203 ], [ 74.3177369, 15.3547456 ], [ 74.3201695, 15.3479685 ], [ 74.3218422, 15.343595 ], [ 74.3210602, 15.3420134 ], [ 74.3210583, 15.3420105 ], [ 74.3198032, 15.3400745 ], [ 74.3198026, 15.3400733 ], [ 74.3198008, 15.3400706 ], [ 74.3172174, 15.3351717 ], [ 74.3172198, 15.3351652 ], [ 74.3176723, 15.3339959 ], [ 74.3177037, 15.3339148 ], [ 74.3170232, 15.3291167 ], [ 74.3244283, 15.3099104 ], [ 74.3245079, 15.309811 ], [ 74.3337983, 15.2982041 ], [ 74.335947, 15.2955185 ], [ 74.3364371, 15.2949429 ], [ 74.336167, 15.2945904 ], [ 74.3307399, 15.2875097 ], [ 74.3263664, 15.2837375 ], [ 74.3205678, 15.2847044 ], [ 74.319629, 15.2834449 ], [ 74.3079576, 15.2833342 ], [ 74.296376, 15.2888371 ], [ 74.2944568, 15.2891653 ], [ 74.2943296, 15.289187 ], [ 74.2942604, 15.2888553 ], [ 74.2942202, 15.2886627 ], [ 74.2936022, 15.2891129 ], [ 74.2924845, 15.2899077 ], [ 74.2914784, 15.2906711 ], [ 74.2903886, 15.2913844 ], [ 74.2889168, 15.2923283 ], [ 74.2875474, 15.293385 ], [ 74.28622, 15.2944554 ], [ 74.2859498, 15.2946631 ], [ 74.2855959, 15.2949612 ], [ 74.2852558, 15.2954309 ], [ 74.285018, 15.295937 ], [ 74.2848456, 15.2963752 ], [ 74.2845615, 15.2965422 ], [ 74.2841423, 15.2966189 ], [ 74.2831318, 15.2968669 ], [ 74.2826894, 15.2970429 ], [ 74.28234, 15.2972688 ], [ 74.2819954, 15.2974267 ], [ 74.281702, 15.2976119 ], [ 74.2816087, 15.2979009 ], [ 74.2814083, 15.298416 ], [ 74.2815058, 15.2991346 ], [ 74.281496, 15.3001468 ], [ 74.2813653, 15.3008969 ], [ 74.2813466, 15.3011996 ], [ 74.2813742, 15.3019227 ], [ 74.2814951, 15.3024831 ], [ 74.2815973, 15.3029711 ], [ 74.2817461, 15.3034186 ], [ 74.2819924, 15.304684 ], [ 74.2820761, 15.3050773 ], [ 74.2820946, 15.3054974 ], [ 74.2821037, 15.3056421 ], [ 74.2819406, 15.3062204 ], [ 74.2817726, 15.3067897 ], [ 74.2816468, 15.3071014 ], [ 74.2815349, 15.3073996 ], [ 74.2813858, 15.307621 ], [ 74.2810271, 15.3079507 ], [ 74.2805846, 15.3082442 ], [ 74.2804215, 15.3083254 ], [ 74.2799046, 15.3085963 ], [ 74.2791313, 15.3091878 ], [ 74.2790008, 15.3093821 ], [ 74.2789541, 15.3096578 ], [ 74.2789352, 15.3101143 ], [ 74.2788324, 15.3111173 ], [ 74.2787064, 15.3115555 ], [ 74.2785014, 15.3119305 ], [ 74.2782266, 15.3122693 ], [ 74.2778957, 15.3126442 ], [ 74.2773886, 15.3113876 ], [ 74.277049, 15.3106283 ], [ 74.2764068, 15.3096294 ], [ 74.2758809, 15.3090958 ], [ 74.2752619, 15.3082143 ], [ 74.275104, 15.3072381 ], [ 74.2748762, 15.3065285 ], [ 74.2746109, 15.3059139 ], [ 74.274169, 15.3050821 ], [ 74.2737642, 15.3044673 ], [ 74.2730099, 15.3039744 ], [ 74.272861, 15.3039245 ], [ 74.2724093, 15.3038158 ], [ 74.2719203, 15.3037884 ], [ 74.27145, 15.3038425 ], [ 74.2709657, 15.3039777 ], [ 74.2704393, 15.3041537 ], [ 74.2695824, 15.3042209 ], [ 74.2686885, 15.3042023 ], [ 74.2682041, 15.3041569 ], [ 74.2674359, 15.3039757 ], [ 74.2664069, 15.303731 ], [ 74.265634, 15.3035002 ], [ 74.2648984, 15.3032511 ], [ 74.2646143, 15.3031245 ], [ 74.2641907, 15.3028847 ], [ 74.2636926, 15.3025772 ], [ 74.2633249, 15.3023509 ], [ 74.2628642, 15.301935 ], [ 74.2624079, 15.3015144 ], [ 74.2623335, 15.3014149 ], [ 74.2622866, 15.3019662 ], [ 74.2621002, 15.302305 ], [ 74.2616995, 15.3027476 ], [ 74.2612429, 15.3031993 ], [ 74.2608609, 15.3035063 ], [ 74.2604696, 15.3037817 ], [ 74.2601016, 15.3038944 ], [ 74.2597244, 15.3039575 ], [ 74.2593845, 15.3039482 ], [ 74.2591144, 15.3038712 ], [ 74.2589282, 15.3037988 ], [ 74.2585419, 15.3035681 ], [ 74.2583371, 15.3033691 ], [ 74.2581044, 15.3030436 ], [ 74.2578857, 15.3026187 ], [ 74.2577322, 15.3023023 ], [ 74.257574, 15.3020175 ], [ 74.2573926, 15.3017282 ], [ 74.2573043, 15.3015745 ], [ 74.2571367, 15.3014388 ], [ 74.2569644, 15.3013619 ], [ 74.2568481, 15.3012895 ], [ 74.256671, 15.3014114 ], [ 74.2563775, 15.3016643 ], [ 74.2560096, 15.3018764 ], [ 74.2556928, 15.302066 ], [ 74.2552269, 15.3023188 ], [ 74.2548449, 15.3025941 ], [ 74.2546494, 15.3026709 ], [ 74.2542535, 15.30277 ], [ 74.2538529, 15.3029144 ], [ 74.2537318, 15.3029639 ], [ 74.253443, 15.3030768 ], [ 74.2529727, 15.3031849 ], [ 74.2525255, 15.3033021 ], [ 74.2523206, 15.3033517 ], [ 74.2518456, 15.3034644 ], [ 74.2514683, 15.3035454 ], [ 74.2507837, 15.3036806 ], [ 74.2502761, 15.303757 ], [ 74.2499567, 15.3076062 ], [ 74.2498473, 15.3076152 ], [ 74.249568, 15.3084446 ], [ 74.2495388, 15.3101477 ], [ 74.2495062, 15.31022 ], [ 74.2494597, 15.3102833 ], [ 74.2494458, 15.310333 ], [ 74.2494226, 15.3103782 ], [ 74.249418, 15.3105002 ], [ 74.2494321, 15.3108346 ], [ 74.2494323, 15.3111149 ], [ 74.2494186, 15.311508 ], [ 74.2494093, 15.3115532 ], [ 74.2493627, 15.3116706 ], [ 74.2492604, 15.3118831 ], [ 74.2491581, 15.3121318 ], [ 74.2491209, 15.3122674 ], [ 74.2491025, 15.3123894 ], [ 74.2490977, 15.3124844 ], [ 74.2490512, 15.3126199 ], [ 74.2490467, 15.3126605 ], [ 74.2490328, 15.3126878 ], [ 74.2490141, 15.312769 ], [ 74.2488699, 15.312995 ], [ 74.2488094, 15.3130675 ], [ 74.2487629, 15.3131081 ], [ 74.2486512, 15.3131715 ], [ 74.2484649, 15.3132439 ], [ 74.248125, 15.3133254 ], [ 74.247785, 15.3133574 ], [ 74.2475615, 15.3134162 ], [ 74.2474079, 15.313448 ], [ 74.2470866, 15.3135341 ], [ 74.2467421, 15.3136608 ], [ 74.246444, 15.3137468 ], [ 74.2464068, 15.3137785 ], [ 74.2463369, 15.3137876 ], [ 74.2462951, 15.3138148 ], [ 74.246174, 15.3138374 ], [ 74.2459459, 15.3139054 ], [ 74.2458388, 15.3139099 ], [ 74.2455594, 15.3138875 ], [ 74.2454056, 15.313865 ], [ 74.2452985, 15.3138289 ], [ 74.2451821, 15.3137703 ], [ 74.2450609, 15.3137433 ], [ 74.2447116, 15.3137434 ], [ 74.2444835, 15.3137165 ], [ 74.2443624, 15.3137256 ], [ 74.2442879, 15.3137077 ], [ 74.2440736, 15.3137168 ], [ 74.2439805, 15.3137033 ], [ 74.2438175, 15.3137712 ], [ 74.2437617, 15.3137848 ], [ 74.2436219, 15.3137893 ], [ 74.2434404, 15.3137759 ], [ 74.2433612, 15.3137624 ], [ 74.2430584, 15.3136677 ], [ 74.2428908, 15.3136452 ], [ 74.2427557, 15.3136588 ], [ 74.2426161, 15.3136996 ], [ 74.2425136, 15.3137494 ], [ 74.2424298, 15.3138037 ], [ 74.2423786, 15.3138489 ], [ 74.2423367, 15.3138648 ], [ 74.2423087, 15.3138761 ], [ 74.2422529, 15.3139349 ], [ 74.2420529, 15.314179 ], [ 74.242011, 15.3142559 ], [ 74.2419132, 15.3144005 ], [ 74.241741, 15.3147034 ], [ 74.2415829, 15.3149069 ], [ 74.2415549, 15.3149566 ], [ 74.2414991, 15.3150289 ], [ 74.2413595, 15.3151782 ], [ 74.2412664, 15.315264 ], [ 74.2410802, 15.3154133 ], [ 74.2406613, 15.3159152 ], [ 74.240303, 15.3162724 ], [ 74.2401634, 15.3164352 ], [ 74.2401215, 15.3164939 ], [ 74.2400702, 15.3165437 ], [ 74.2398374, 15.3167021 ], [ 74.239614, 15.3168694 ], [ 74.2394092, 15.3170818 ], [ 74.2393394, 15.3171181 ], [ 74.2392928, 15.3171633 ], [ 74.2391857, 15.317204 ], [ 74.239074, 15.3172221 ], [ 74.2389063, 15.3172313 ], [ 74.2387805, 15.3172495 ], [ 74.238599, 15.3172993 ], [ 74.2384919, 15.3173536 ], [ 74.2384128, 15.3174124 ], [ 74.2383476, 15.3174756 ], [ 74.2382964, 15.3175797 ], [ 74.2382406, 15.3177333 ], [ 74.2382267, 15.3178147 ], [ 74.2381431, 15.3181356 ], [ 74.2381059, 15.3183118 ], [ 74.2380408, 15.3184881 ], [ 74.2378874, 15.3191209 ], [ 74.2378689, 15.3192022 ], [ 74.2378224, 15.3193378 ], [ 74.2377154, 15.3195458 ], [ 74.2375431, 15.3198125 ], [ 74.2375153, 15.3198352 ], [ 74.2375012, 15.3198803 ], [ 74.2374826, 15.3198939 ], [ 74.2374734, 15.3200113 ], [ 74.2374548, 15.3200295 ], [ 74.2374455, 15.3200521 ], [ 74.2374036, 15.3200928 ], [ 74.2373757, 15.320138 ], [ 74.2373431, 15.3202285 ], [ 74.2373059, 15.3204363 ], [ 74.2372734, 15.3205086 ], [ 74.2372642, 15.3205809 ], [ 74.2372363, 15.3206351 ], [ 74.2372503, 15.3206668 ], [ 74.2372783, 15.3209153 ], [ 74.237297, 15.3209876 ], [ 74.2375114, 15.3214349 ], [ 74.237558, 15.3215117 ], [ 74.2376186, 15.3215884 ], [ 74.2376606, 15.3216697 ], [ 74.2377165, 15.3217239 ], [ 74.2377398, 15.3217782 ], [ 74.2377398, 15.3218098 ], [ 74.2377492, 15.3218369 ], [ 74.2377493, 15.321986 ], [ 74.237726, 15.3220764 ], [ 74.2377074, 15.322099 ], [ 74.2376375, 15.3221533 ], [ 74.2375538, 15.322203 ], [ 74.2375212, 15.3222121 ], [ 74.2371998, 15.3221671 ], [ 74.2370461, 15.3221627 ], [ 74.2369622, 15.3221763 ], [ 74.2368645, 15.3222306 ], [ 74.2366876, 15.3223617 ], [ 74.2365946, 15.3224612 ], [ 74.2365386, 15.3225065 ], [ 74.2360778, 15.3229541 ], [ 74.2358265, 15.3231712 ], [ 74.2357146, 15.3232571 ], [ 74.2353912, 15.3234652 ], [ 74.2353282, 15.3234969 ], [ 74.2352817, 15.3235059 ], [ 74.2349976, 15.323497 ], [ 74.234951, 15.3234881 ], [ 74.2348719, 15.3234474 ], [ 74.2347786, 15.3233526 ], [ 74.2347042, 15.323321 ], [ 74.2345598, 15.3233212 ], [ 74.2345178, 15.3233302 ], [ 74.2343037, 15.3234613 ], [ 74.2341546, 15.3235202 ], [ 74.2340569, 15.3235338 ], [ 74.2338054, 15.3235384 ], [ 74.2336703, 15.323552 ], [ 74.2335027, 15.3236109 ], [ 74.2334003, 15.3236652 ], [ 74.2332932, 15.3237331 ], [ 74.2330558, 15.3239502 ], [ 74.2330232, 15.3239728 ], [ 74.2329767, 15.324027 ], [ 74.2329348, 15.3240993 ], [ 74.2328743, 15.3242485 ], [ 74.2328372, 15.3244474 ], [ 74.2328418, 15.3245649 ], [ 74.2328559, 15.3246371 ], [ 74.2329446, 15.3248946 ], [ 74.232991, 15.324994 ], [ 74.2329912, 15.3250529 ], [ 74.2329819, 15.3250979 ], [ 74.2329539, 15.3251387 ], [ 74.2328886, 15.3251839 ], [ 74.2328375, 15.325202 ], [ 74.2326931, 15.3251976 ], [ 74.2325487, 15.3251389 ], [ 74.2324089, 15.3250576 ], [ 74.2322599, 15.3249493 ], [ 74.2319709, 15.3246738 ], [ 74.2318406, 15.3246015 ], [ 74.2317707, 15.3245745 ], [ 74.231603, 15.3245927 ], [ 74.2315518, 15.3246108 ], [ 74.231468, 15.324656 ], [ 74.2314214, 15.3247012 ], [ 74.2314029, 15.324769 ], [ 74.2313703, 15.3248143 ], [ 74.231347, 15.3248911 ], [ 74.2313191, 15.3249362 ], [ 74.2313098, 15.3250086 ], [ 74.2312866, 15.3250312 ], [ 74.2312773, 15.3251397 ], [ 74.2311516, 15.3253205 ], [ 74.2310957, 15.3253341 ], [ 74.2310259, 15.3253295 ], [ 74.2309327, 15.3253116 ], [ 74.2307929, 15.3251625 ], [ 74.2307789, 15.3251354 ], [ 74.2307649, 15.3249772 ], [ 74.2307974, 15.3247378 ], [ 74.2307927, 15.3246699 ], [ 74.2307601, 15.3244711 ], [ 74.230746, 15.3242858 ], [ 74.2307458, 15.3240599 ], [ 74.2307644, 15.323852 ], [ 74.2307596, 15.3235764 ], [ 74.2307502, 15.3234724 ], [ 74.2306942, 15.3232917 ], [ 74.2306104, 15.3231652 ], [ 74.2304939, 15.3230297 ], [ 74.2301304, 15.3226684 ], [ 74.2299161, 15.3224064 ], [ 74.2297576, 15.3221489 ], [ 74.2296132, 15.3218507 ], [ 74.2295898, 15.3218237 ], [ 74.2295851, 15.321792 ], [ 74.2295619, 15.3217695 ], [ 74.2295571, 15.3217468 ], [ 74.2295385, 15.3217243 ], [ 74.2295338, 15.3216972 ], [ 74.2294826, 15.3216338 ], [ 74.2293893, 15.3214759 ], [ 74.2292216, 15.3212409 ], [ 74.2291796, 15.3211505 ], [ 74.2291469, 15.3210331 ], [ 74.2291562, 15.3207936 ], [ 74.229184, 15.3206218 ], [ 74.2291746, 15.3205902 ], [ 74.2290862, 15.3204592 ], [ 74.2290069, 15.3203914 ], [ 74.2289231, 15.3203508 ], [ 74.2288346, 15.3202921 ], [ 74.228802, 15.3202831 ], [ 74.2287228, 15.3202967 ], [ 74.2285319, 15.3203736 ], [ 74.2283969, 15.3205047 ], [ 74.2283364, 15.3205319 ], [ 74.2282944, 15.3205635 ], [ 74.2282339, 15.3205862 ], [ 74.2279499, 15.3205863 ], [ 74.2278846, 15.3205728 ], [ 74.2276704, 15.3204871 ], [ 74.2276425, 15.3204555 ], [ 74.2275492, 15.3204239 ], [ 74.2275213, 15.3203877 ], [ 74.2274468, 15.3203697 ], [ 74.2273583, 15.3202974 ], [ 74.227335, 15.3202704 ], [ 74.2272698, 15.320162 ], [ 74.2271858, 15.3199722 ], [ 74.2271205, 15.3198727 ], [ 74.22706, 15.3197643 ], [ 74.2269295, 15.3196062 ], [ 74.2268223, 15.319421 ], [ 74.226757, 15.3193443 ], [ 74.2267058, 15.3192629 ], [ 74.2266591, 15.3191319 ], [ 74.2266545, 15.3190732 ], [ 74.2266358, 15.3189873 ], [ 74.226482, 15.3186395 ], [ 74.2264633, 15.3185491 ], [ 74.22644, 15.318531 ], [ 74.2264306, 15.3184904 ], [ 74.2264027, 15.3184632 ], [ 74.2263188, 15.3182961 ], [ 74.2262443, 15.3182464 ], [ 74.2261977, 15.3182012 ], [ 74.2260906, 15.3181199 ], [ 74.2260393, 15.3180839 ], [ 74.2258623, 15.3179484 ], [ 74.2256852, 15.317831 ], [ 74.2255408, 15.3177814 ], [ 74.225443, 15.3177407 ], [ 74.2253033, 15.3176368 ], [ 74.2252195, 15.3175963 ], [ 74.2250936, 15.3174879 ], [ 74.2249259, 15.3172845 ], [ 74.224651, 15.3170182 ], [ 74.2243901, 15.3166884 ], [ 74.2242643, 15.3165619 ], [ 74.2242224, 15.3165303 ], [ 74.2241851, 15.3164896 ], [ 74.2240779, 15.3163993 ], [ 74.2237611, 15.3161058 ], [ 74.2237472, 15.3160787 ], [ 74.2237471, 15.3160606 ], [ 74.2237284, 15.3160335 ], [ 74.2236679, 15.3159838 ], [ 74.2235607, 15.3158663 ], [ 74.2233977, 15.3157128 ], [ 74.223244, 15.3155954 ], [ 74.2231321, 15.3155412 ], [ 74.2229551, 15.3154373 ], [ 74.2229132, 15.3154012 ], [ 74.2228806, 15.3153561 ], [ 74.2228014, 15.3153335 ], [ 74.2226617, 15.3152387 ], [ 74.2226058, 15.3152116 ], [ 74.2225593, 15.3151981 ], [ 74.2222005, 15.3149994 ], [ 74.2220142, 15.314882 ], [ 74.2219116, 15.3148007 ], [ 74.221553, 15.3144619 ], [ 74.2214132, 15.3143581 ], [ 74.2212641, 15.3142723 ], [ 74.2209009, 15.3141053 ], [ 74.220421, 15.3139113 ], [ 74.2203465, 15.3138706 ], [ 74.2203232, 15.3138525 ], [ 74.2187165, 15.3136771 ], [ 74.2178736, 15.313429 ], [ 74.2152137, 15.3117629 ], [ 74.2139283, 15.3112528 ], [ 74.2125449, 15.3105394 ], [ 74.2117019, 15.3102913 ], [ 74.2113526, 15.310305 ], [ 74.2095833, 15.3109249 ], [ 74.2081204, 15.3093348 ], [ 74.2073564, 15.308558 ], [ 74.2064483, 15.3082963 ], [ 74.2055262, 15.3082334 ], [ 74.2040454, 15.3084194 ], [ 74.201694, 15.3093151 ], [ 74.1984019, 15.3100982 ], [ 74.1977174, 15.310347 ], [ 74.1969863, 15.3103609 ], [ 74.1957754, 15.3098688 ], [ 74.194518, 15.3098331 ], [ 74.1915609, 15.3100647 ], [ 74.1907786, 15.3101418 ], [ 74.1898706, 15.3105759 ], [ 74.1883898, 15.3108972 ], [ 74.1873886, 15.3108343 ], [ 74.1859729, 15.3105728 ], [ 74.1855264, 15.313569 ], [ 74.1856712, 15.315128 ], [ 74.1858158, 15.3161402 ], [ 74.1854014, 15.3168362 ], [ 74.1845728, 15.3181787 ], [ 74.1831761, 15.3199868 ], [ 74.1826359, 15.3205518 ], [ 74.1838284, 15.321401 ], [ 74.1844665, 15.3218798 ], [ 74.1845597, 15.3222187 ], [ 74.1846064, 15.3225305 ], [ 74.1843689, 15.3229147 ], [ 74.1838148, 15.323055 ], [ 74.1805039, 15.3254783 ], [ 74.1785624, 15.3281314 ], [ 74.1776545, 15.3291937 ], [ 74.17697, 15.33064 ], [ 74.176798, 15.3321088 ], [ 74.1766071, 15.3332792 ], [ 74.1767004, 15.3336 ], [ 74.1780559, 15.334603 ], [ 74.179076, 15.3354025 ], [ 74.1792344, 15.3357279 ], [ 74.1790902, 15.3362702 ], [ 74.1789925, 15.3366227 ], [ 74.1792161, 15.3373818 ], [ 74.1796774, 15.3379467 ], [ 74.1797427, 15.3382404 ], [ 74.1796449, 15.3386877 ], [ 74.1795518, 15.3391668 ], [ 74.1789464, 15.3395691 ], [ 74.1787882, 15.34022 ], [ 74.1792308, 15.340961 ], [ 74.1797759, 15.3415302 ], [ 74.1796968, 15.3420364 ], [ 74.1789796, 15.3423756 ], [ 74.1773075, 15.3423127 ], [ 74.1760032, 15.342051 ], [ 74.1756865, 15.3417574 ], [ 74.1746056, 15.339968 ], [ 74.1739533, 15.3392271 ], [ 74.1731895, 15.3388658 ], [ 74.1727284, 15.3387846 ], [ 74.1722673, 15.3388072 ], [ 74.1717131, 15.3388435 ], [ 74.1712333, 15.338943 ], [ 74.1709958, 15.3390878 ], [ 74.1707862, 15.3393002 ], [ 74.1707443, 15.3394945 ], [ 74.1708514, 15.3396708 ], [ 74.1713779, 15.3401045 ], [ 74.1717598, 15.340475 ], [ 74.1717831, 15.3406196 ], [ 74.1717785, 15.340719 ], [ 74.1717691, 15.3407868 ], [ 74.1717272, 15.340859 ], [ 74.1715317, 15.3410354 ], [ 74.1713919, 15.3411213 ], [ 74.1712802, 15.3411575 ], [ 74.1711823, 15.3411756 ], [ 74.1709634, 15.3411531 ], [ 74.1703719, 15.3405838 ], [ 74.1696871, 15.3398699 ], [ 74.1691142, 15.3396712 ], [ 74.1685412, 15.3394545 ], [ 74.1680475, 15.338962 ], [ 74.1669157, 15.3388538 ], [ 74.1658304, 15.3387139 ], [ 74.1652808, 15.3383525 ], [ 74.1650665, 15.337738 ], [ 74.164689, 15.3362602 ], [ 74.1644561, 15.3356909 ], [ 74.164349, 15.3355283 ], [ 74.1641767, 15.3355418 ], [ 74.1639065, 15.3356639 ], [ 74.1636457, 15.3357996 ], [ 74.1629518, 15.3361386 ], [ 74.1624254, 15.3362246 ], [ 74.1621973, 15.3362427 ], [ 74.1617595, 15.3363423 ], [ 74.161508, 15.3364643 ], [ 74.1610748, 15.3366632 ], [ 74.1606137, 15.3367537 ], [ 74.1604834, 15.3368577 ], [ 74.1601946, 15.337278 ], [ 74.159985, 15.3374994 ], [ 74.159496, 15.3376351 ], [ 74.1590907, 15.337477 ], [ 74.1587647, 15.3371381 ], [ 74.158378, 15.3365688 ], [ 74.158094, 15.3363384 ], [ 74.1576468, 15.3362572 ], [ 74.1572044, 15.3362617 ], [ 74.1570181, 15.3363884 ], [ 74.1569901, 15.3366188 ], [ 74.1570228, 15.3368719 ], [ 74.157074, 15.3373282 ], [ 74.1571253, 15.3377847 ], [ 74.1571672, 15.3382727 ], [ 74.1571626, 15.3387744 ], [ 74.1571998, 15.3392489 ], [ 74.1572558, 15.3395246 ], [ 74.1573164, 15.3397596 ], [ 74.1575167, 15.340017 ], [ 74.1579359, 15.3402656 ], [ 74.1587184, 15.3405501 ], [ 74.1590351, 15.3406765 ], [ 74.1591748, 15.3409206 ], [ 74.1591702, 15.3410201 ], [ 74.1591609, 15.3412324 ], [ 74.1589932, 15.3415171 ], [ 74.1588954, 15.3416392 ], [ 74.1584996, 15.3418923 ], [ 74.1582807, 15.3420325 ], [ 74.1580524, 15.3420958 ], [ 74.1579267, 15.3420597 ], [ 74.1577869, 15.3419151 ], [ 74.1574795, 15.3414541 ], [ 74.1572512, 15.3411424 ], [ 74.1569439, 15.3408984 ], [ 74.1563197, 15.3404556 ], [ 74.1557095, 15.3399902 ], [ 74.1551412, 15.339543 ], [ 74.1544752, 15.3390324 ], [ 74.1539628, 15.3389376 ], [ 74.1536088, 15.3389241 ], [ 74.1532363, 15.3390101 ], [ 74.1529101, 15.3390778 ], [ 74.1525097, 15.3393355 ], [ 74.1521975, 15.3394847 ], [ 74.1518344, 15.3397513 ], [ 74.1516573, 15.3392882 ], [ 74.1516107, 15.339078 ], [ 74.1516014, 15.3390012 ], [ 74.1515921, 15.3387481 ], [ 74.1515408, 15.3384996 ], [ 74.1514896, 15.33812 ], [ 74.1514803, 15.3379483 ], [ 74.1514803, 15.3375596 ], [ 74.1514942, 15.3374195 ], [ 74.1515175, 15.3373201 ], [ 74.1516013, 15.3370761 ], [ 74.1516246, 15.3369857 ], [ 74.1516805, 15.3368546 ], [ 74.1517644, 15.3367597 ], [ 74.1518808, 15.3366467 ], [ 74.1524396, 15.3361405 ], [ 74.1525048, 15.3360546 ], [ 74.1526538, 15.3358195 ], [ 74.1526959, 15.3357382 ], [ 74.1528123, 15.3354581 ], [ 74.1528867, 15.335318 ], [ 74.1529426, 15.3352456 ], [ 74.1530218, 15.3351733 ], [ 74.1531336, 15.3350286 ], [ 74.1532314, 15.3349564 ], [ 74.1533059, 15.3349111 ], [ 74.1535015, 15.3348388 ], [ 74.1536366, 15.3348072 ], [ 74.1537158, 15.3348072 ], [ 74.1540232, 15.3348658 ], [ 74.1542142, 15.3348703 ], [ 74.1543306, 15.3348523 ], [ 74.1548894, 15.3347031 ], [ 74.1550292, 15.3346534 ], [ 74.1552342, 15.3345629 ], [ 74.1555369, 15.3344047 ], [ 74.1556067, 15.3343595 ], [ 74.1558768, 15.3341515 ], [ 74.15597, 15.3340611 ], [ 74.1563007, 15.3337854 ], [ 74.1563426, 15.3337358 ], [ 74.1564078, 15.3336137 ], [ 74.1564544, 15.3334917 ], [ 74.1565008, 15.3333967 ], [ 74.1565567, 15.3331754 ], [ 74.1566452, 15.3329358 ], [ 74.1566638, 15.3328544 ], [ 74.1566453, 15.3325517 ], [ 74.156622, 15.3324296 ], [ 74.1565613, 15.3322128 ], [ 74.1565194, 15.3320998 ], [ 74.1564915, 15.3319236 ], [ 74.1563145, 15.3315802 ], [ 74.1561701, 15.3314084 ], [ 74.1560211, 15.3312819 ], [ 74.1558814, 15.331178 ], [ 74.1557882, 15.3311192 ], [ 74.1557277, 15.3310695 ], [ 74.1556159, 15.3309204 ], [ 74.1555693, 15.33083 ], [ 74.1554854, 15.3306177 ], [ 74.1553457, 15.3301749 ], [ 74.1552432, 15.3299399 ], [ 74.1551128, 15.3297727 ], [ 74.1550383, 15.3297003 ], [ 74.1547356, 15.329497 ], [ 74.1544188, 15.3293479 ], [ 74.1540742, 15.329217 ], [ 74.1540089, 15.3291854 ], [ 74.1539717, 15.3291582 ], [ 74.1539298, 15.3290951 ], [ 74.153888, 15.329 ], [ 74.1538087, 15.3289233 ], [ 74.1537667, 15.3288691 ], [ 74.1537481, 15.3288329 ], [ 74.1537341, 15.3287742 ], [ 74.1536411, 15.3286024 ], [ 74.153613, 15.3285257 ], [ 74.1535618, 15.3283088 ], [ 74.1535571, 15.328259 ], [ 74.1535665, 15.328006 ], [ 74.1534734, 15.3279472 ], [ 74.1531986, 15.3278614 ], [ 74.1530402, 15.3278253 ], [ 74.1527374, 15.3277801 ], [ 74.1526537, 15.3277757 ], [ 74.152593, 15.3277621 ], [ 74.1523369, 15.3276582 ], [ 74.1522205, 15.3275452 ], [ 74.1521926, 15.3275046 ], [ 74.1521599, 15.3274278 ], [ 74.1521552, 15.327265 ], [ 74.1521646, 15.3271837 ], [ 74.1522112, 15.3270662 ], [ 74.1522252, 15.3270481 ], [ 74.1523136, 15.3268538 ], [ 74.1523462, 15.3268176 ], [ 74.1523788, 15.3267498 ], [ 74.1524114, 15.3267227 ], [ 74.1524207, 15.3265194 ], [ 74.1524114, 15.3264154 ], [ 74.1523975, 15.3264063 ], [ 74.1523555, 15.326316 ], [ 74.1523182, 15.3262799 ], [ 74.1522995, 15.3262437 ], [ 74.1522018, 15.3261714 ], [ 74.1520528, 15.3261083 ], [ 74.1518012, 15.326054 ], [ 74.1516801, 15.3260404 ], [ 74.1512983, 15.3259365 ], [ 74.1512052, 15.3258778 ], [ 74.1511446, 15.3258507 ], [ 74.1509257, 15.3257151 ], [ 74.1508419, 15.3256881 ], [ 74.1507301, 15.32567 ], [ 74.1505903, 15.3256701 ], [ 74.1500129, 15.3257514 ], [ 74.1499151, 15.3257515 ], [ 74.1498266, 15.3257424 ], [ 74.1497521, 15.3256702 ], [ 74.149645, 15.3255346 ], [ 74.1495331, 15.3254216 ], [ 74.1493562, 15.3252183 ], [ 74.1491652, 15.3250466 ], [ 74.1490861, 15.3250059 ], [ 74.148583, 15.3248795 ], [ 74.1484108, 15.3248478 ], [ 74.1483828, 15.3248253 ], [ 74.1483362, 15.3248207 ], [ 74.1482897, 15.3247891 ], [ 74.1482245, 15.3247756 ], [ 74.1481919, 15.3247575 ], [ 74.1481779, 15.3247395 ], [ 74.1481127, 15.3247169 ], [ 74.1480895, 15.3246671 ], [ 74.1480615, 15.324658 ], [ 74.1479497, 15.3244231 ], [ 74.1478891, 15.324265 ], [ 74.1478425, 15.3240978 ], [ 74.1476702, 15.3236956 ], [ 74.1474514, 15.3232302 ], [ 74.1474048, 15.3231081 ], [ 74.1473675, 15.3230675 ], [ 74.1473535, 15.3230087 ], [ 74.1473116, 15.3229591 ], [ 74.1472697, 15.3228822 ], [ 74.1471951, 15.3228054 ], [ 74.1470834, 15.3227195 ], [ 74.1466177, 15.3224891 ], [ 74.1465851, 15.3224801 ], [ 74.1463336, 15.3223626 ], [ 74.1461567, 15.3222994 ], [ 74.1460822, 15.3222226 ], [ 74.1460309, 15.3221368 ], [ 74.1459936, 15.3220193 ], [ 74.1459704, 15.3218836 ], [ 74.1459657, 15.3216713 ], [ 74.1459332, 15.3214046 ], [ 74.1459052, 15.321251 ], [ 74.1458632, 15.3211109 ], [ 74.1454348, 15.3206183 ], [ 74.145011, 15.3198456 ], [ 74.1446385, 15.3192131 ], [ 74.1440517, 15.3186483 ], [ 74.1433904, 15.3181151 ], [ 74.1429759, 15.3180473 ], [ 74.1433019, 15.317514 ], [ 74.1436977, 15.3161763 ], [ 74.1443078, 15.3139936 ], [ 74.1445268, 15.3131305 ], [ 74.1460169, 15.3103465 ], [ 74.1461892, 15.3088192 ], [ 74.146003, 15.3070251 ], [ 74.1455512, 15.3067902 ], [ 74.1446898, 15.3063565 ], [ 74.1437166, 15.3059318 ], [ 74.1429296, 15.305742 ], [ 74.1429529, 15.305227 ], [ 74.1432555, 15.3042056 ], [ 74.1434511, 15.3031346 ], [ 74.1439122, 15.3020815 ], [ 74.1439634, 15.3008931 ], [ 74.1437352, 15.2995509 ], [ 74.1431811, 15.2983716 ], [ 74.1426456, 15.2978429 ], [ 74.141584, 15.2971878 ], [ 74.1405689, 15.2968625 ], [ 74.1394746, 15.2964604 ], [ 74.1384921, 15.2959182 ], [ 74.1373559, 15.2953805 ], [ 74.1367553, 15.2952811 ], [ 74.1361965, 15.2954529 ], [ 74.1362199, 15.2945627 ], [ 74.1358707, 15.2939526 ], [ 74.1357496, 15.293433 ], [ 74.1352234, 15.2926783 ], [ 74.1345484, 15.2916932 ], [ 74.1341526, 15.2910922 ], [ 74.1339757, 15.291038 ], [ 74.1330584, 15.2908799 ], [ 74.132644, 15.2905546 ], [ 74.1316477, 15.2893571 ], [ 74.1309073, 15.2888193 ], [ 74.1300646, 15.2883495 ], [ 74.1294221, 15.2881099 ], [ 74.1294732, 15.2885573 ], [ 74.1292869, 15.2897006 ], [ 74.1290261, 15.2905908 ], [ 74.1285557, 15.2913456 ], [ 74.1280434, 15.2917025 ], [ 74.127331, 15.2920188 ], [ 74.126721, 15.2918607 ], [ 74.1259899, 15.2919239 ], [ 74.1247653, 15.2919014 ], [ 74.1243777, 15.2920209 ], [ 74.1238136, 15.2921052 ], [ 74.1231618, 15.2922907 ], [ 74.1224075, 15.2924399 ], [ 74.1218721, 15.2924399 ], [ 74.1212947, 15.2926254 ], [ 74.1202331, 15.2931677 ], [ 74.1196558, 15.2933757 ], [ 74.1190039, 15.2936379 ], [ 74.1181565, 15.2936154 ], [ 74.1168667, 15.2936381 ], [ 74.116117, 15.2936383 ], [ 74.1157724, 15.2933943 ], [ 74.1146364, 15.2935255 ], [ 74.1135001, 15.2934308 ], [ 74.1127692, 15.2934307 ], [ 74.1121545, 15.2935077 ], [ 74.1111906, 15.2936162 ], [ 74.1100778, 15.2939553 ], [ 74.1093654, 15.2939733 ], [ 74.1087275, 15.2939734 ], [ 74.1082851, 15.2938424 ], [ 74.1079777, 15.2938063 ], [ 74.1074795, 15.2938787 ], [ 74.1068323, 15.2933138 ], [ 74.1065855, 15.2930292 ], [ 74.1064272, 15.29274 ], [ 74.1061152, 15.2924553 ], [ 74.1057613, 15.2921435 ], [ 74.1053561, 15.2917187 ], [ 74.1049278, 15.2914567 ], [ 74.1047136, 15.2912353 ], [ 74.1037826, 15.290467 ], [ 74.1035779, 15.2899427 ], [ 74.1032568, 15.2896353 ], [ 74.1027775, 15.2893325 ], [ 74.1024952, 15.2890492 ], [ 74.1012813, 15.2897389 ], [ 74.1005574, 15.2901502 ], [ 74.0993238, 15.2914515 ], [ 74.0993045, 15.2914575 ], [ 74.0992215, 15.2914832 ], [ 74.099026, 15.2915283 ], [ 74.0988205, 15.2916214 ], [ 74.0988021, 15.2916334 ], [ 74.0987328, 15.2916819 ], [ 74.098683, 15.2917272 ], [ 74.0986582, 15.2917497 ], [ 74.0986464, 15.2917639 ], [ 74.0985791, 15.2918446 ], [ 74.0985399, 15.2918826 ], [ 74.098486, 15.2919349 ], [ 74.0984737, 15.2919548 ], [ 74.0984581, 15.2919802 ], [ 74.0982952, 15.2921564 ], [ 74.0981043, 15.2924185 ], [ 74.0980252, 15.2924952 ], [ 74.0978157, 15.292658 ], [ 74.0975783, 15.29278 ], [ 74.0974945, 15.2928025 ], [ 74.0973548, 15.2928612 ], [ 74.0972783, 15.292917 ], [ 74.0972431, 15.2929426 ], [ 74.0972292, 15.2929651 ], [ 74.0971966, 15.2929877 ], [ 74.0971877, 15.2929988 ], [ 74.097164, 15.2930284 ], [ 74.0971035, 15.2931279 ], [ 74.0971007, 15.2931445 ], [ 74.0970802, 15.2932679 ], [ 74.097063, 15.2933346 ], [ 74.0970569, 15.2933583 ], [ 74.0970289, 15.2934216 ], [ 74.0969545, 15.2935481 ], [ 74.0969353, 15.2935721 ], [ 74.0968893, 15.2936295 ], [ 74.0968288, 15.2936882 ], [ 74.096789, 15.2937053 ], [ 74.0967729, 15.2937379 ], [ 74.0967031, 15.2937785 ], [ 74.0966193, 15.2938553 ], [ 74.0965757, 15.2939085 ], [ 74.0963819, 15.2941446 ], [ 74.0962888, 15.2942896 ], [ 74.0962794, 15.2943208 ], [ 74.0962282, 15.2943615 ], [ 74.0962163, 15.294383 ], [ 74.0961677, 15.29447 ], [ 74.096042, 15.2946416 ], [ 74.0960198, 15.2946553 ], [ 74.0959907, 15.2946733 ], [ 74.0958815, 15.2947121 ], [ 74.0957115, 15.2947726 ], [ 74.0955439, 15.2948087 ], [ 74.0953624, 15.2948087 ], [ 74.095288, 15.2948223 ], [ 74.0952507, 15.2948404 ], [ 74.0952228, 15.2948539 ], [ 74.0951763, 15.2948855 ], [ 74.094883, 15.295003 ], [ 74.0934217, 15.2946547 ], [ 74.0926117, 15.2956669 ], [ 74.0922796, 15.2956455 ], [ 74.0919089, 15.2956216 ], [ 74.0918296, 15.296191 ], [ 74.0917817, 15.2971054 ], [ 74.0917769, 15.297198 ], [ 74.0917547, 15.2976327 ], [ 74.0913809, 15.2978777 ], [ 74.091224, 15.2979805 ], [ 74.0905166, 15.2981821 ], [ 74.0887199, 15.2986941 ], [ 74.0890684, 15.3005787 ], [ 74.0891291, 15.3013647 ], [ 74.0891333, 15.3014193 ], [ 74.0891989, 15.3015156 ], [ 74.0896405, 15.3021652 ], [ 74.0904316, 15.3025359 ], [ 74.0906291, 15.3026725 ], [ 74.0912239, 15.3030877 ], [ 74.0912324, 15.3031208 ], [ 74.0912877, 15.303336 ], [ 74.0912132, 15.303589 ], [ 74.0910037, 15.3038692 ], [ 74.0905287, 15.3046691 ], [ 74.0902285, 15.3050611 ], [ 74.0892482, 15.306341 ], [ 74.0886007, 15.3074895 ], [ 74.088275, 15.3080672 ], [ 74.0878837, 15.3092692 ], [ 74.0877343, 15.3094248 ], [ 74.0873109, 15.3098657 ], [ 74.0872915, 15.3099539 ], [ 74.0871992, 15.3103719 ], [ 74.0875388, 15.3106973 ], [ 74.0877948, 15.3109415 ], [ 74.0878693, 15.3110968 ], [ 74.0879249, 15.3112127 ], [ 74.0877106, 15.3119041 ], [ 74.0875305, 15.3124652 ], [ 74.0873567, 15.3130067 ], [ 74.0871422, 15.3138654 ], [ 74.0872182, 15.3141786 ], [ 74.0873189, 15.314593 ], [ 74.0875765, 15.314986 ], [ 74.0878167, 15.3153524 ], [ 74.0884263, 15.3160305 ], [ 74.0882028, 15.316288 ], [ 74.0877325, 15.3167263 ], [ 74.0876394, 15.3167805 ], [ 74.0875091, 15.3168347 ], [ 74.0873042, 15.316898 ], [ 74.0872903, 15.3168997 ], [ 74.087267, 15.3169025 ], [ 74.0872408, 15.3168962 ], [ 74.0872111, 15.3168889 ], [ 74.0870755, 15.3168869 ], [ 74.0868993, 15.3168844 ], [ 74.0867885, 15.3168959 ], [ 74.0867689, 15.3168979 ], [ 74.0866577, 15.3169282 ], [ 74.08662, 15.3169385 ], [ 74.0865455, 15.3169746 ], [ 74.086489, 15.3170126 ], [ 74.08646, 15.3170365 ], [ 74.0864105, 15.3170786 ], [ 74.0863462, 15.3171164 ], [ 74.0862801, 15.3171553 ], [ 74.0860752, 15.3172186 ], [ 74.0860107, 15.3172298 ], [ 74.0858937, 15.3172502 ], [ 74.0858006, 15.3172502 ], [ 74.0856936, 15.317223 ], [ 74.0856052, 15.3172094 ], [ 74.0855492, 15.3172094 ], [ 74.0854922, 15.3172217 ], [ 74.0854654, 15.3172275 ], [ 74.0853956, 15.3172862 ], [ 74.0853631, 15.3173404 ], [ 74.0853493, 15.3174069 ], [ 74.0853491, 15.3174443 ], [ 74.085363, 15.3175122 ], [ 74.0853714, 15.3175245 ], [ 74.0854608, 15.3176568 ], [ 74.0854933, 15.3177381 ], [ 74.0854984, 15.3177663 ], [ 74.0855072, 15.3178151 ], [ 74.0855072, 15.317833 ], [ 74.0855072, 15.3178557 ], [ 74.0854901, 15.3179219 ], [ 74.0854839, 15.317946 ], [ 74.0854595, 15.3179855 ], [ 74.085442, 15.3180139 ], [ 74.0854265, 15.3180321 ], [ 74.0853535, 15.3181177 ], [ 74.0852976, 15.3182036 ], [ 74.0852661, 15.3182392 ], [ 74.0852417, 15.3182669 ], [ 74.0850469, 15.3184278 ], [ 74.0849158, 15.318547 ], [ 74.0847855, 15.3186871 ], [ 74.0847689, 15.3187108 ], [ 74.084697, 15.3188136 ], [ 74.0846505, 15.318904 ], [ 74.084638, 15.3189161 ], [ 74.0845758, 15.3190305 ], [ 74.0844891, 15.3191708 ], [ 74.0844502, 15.3192339 ], [ 74.0844401, 15.3192573 ], [ 74.0844268, 15.3192881 ], [ 74.0843943, 15.3193152 ], [ 74.0842685, 15.3193875 ], [ 74.0842127, 15.3194416 ], [ 74.0840683, 15.3195185 ], [ 74.0839985, 15.3195772 ], [ 74.0839462, 15.3196718 ], [ 74.0839194, 15.3197761 ], [ 74.0839234, 15.3199006 ], [ 74.083924, 15.3199162 ], [ 74.0839611, 15.3201829 ], [ 74.0839564, 15.3203048 ], [ 74.0839478, 15.320355 ], [ 74.0839378, 15.3204134 ], [ 74.0839249, 15.3204465 ], [ 74.0839097, 15.3204857 ], [ 74.0838011, 15.3206423 ], [ 74.0837561, 15.3207071 ], [ 74.0835838, 15.3209194 ], [ 74.083486, 15.3210753 ], [ 74.0834524, 15.3212358 ], [ 74.0834301, 15.3213578 ], [ 74.08343, 15.3214707 ], [ 74.083416, 15.3215704 ], [ 74.0834114, 15.3216742 ], [ 74.0833895, 15.3217589 ], [ 74.0833787, 15.3218006 ], [ 74.0833715, 15.3218414 ], [ 74.0833508, 15.3219588 ], [ 74.0833464, 15.3220298 ], [ 74.0833472, 15.3220489 ], [ 74.0833507, 15.3220899 ], [ 74.0834903, 15.3223024 ], [ 74.0835334, 15.3223797 ], [ 74.0835507, 15.3224108 ], [ 74.0835693, 15.3224742 ], [ 74.0835786, 15.3225555 ], [ 74.0836157, 15.3227317 ], [ 74.0836158, 15.3227766 ], [ 74.0836158, 15.3227996 ], [ 74.0836018, 15.3228718 ], [ 74.0835366, 15.3230482 ], [ 74.0834727, 15.3231903 ], [ 74.0834574, 15.3232243 ], [ 74.0834481, 15.323265 ], [ 74.0834547, 15.3233099 ], [ 74.0834573, 15.3233282 ], [ 74.0835922, 15.3235091 ], [ 74.0836386, 15.3235595 ], [ 74.0838249, 15.3237623 ], [ 74.0838657, 15.323837 ], [ 74.0838901, 15.3238662 ], [ 74.0839288, 15.3238867 ], [ 74.0839413, 15.3238933 ], [ 74.0840297, 15.3240651 ], [ 74.0840483, 15.3240877 ], [ 74.0840994, 15.3242368 ], [ 74.0841052, 15.3242561 ], [ 74.0841226, 15.3243137 ], [ 74.0841226, 15.3243634 ], [ 74.084076, 15.3244537 ], [ 74.0840761, 15.3244755 ], [ 74.0840761, 15.3244944 ], [ 74.0840994, 15.3245261 ], [ 74.0841056, 15.3245423 ], [ 74.0841132, 15.3245623 ], [ 74.0841179, 15.324612 ], [ 74.0841551, 15.3246617 ], [ 74.0841598, 15.3246934 ], [ 74.0841763, 15.3247334 ], [ 74.0841934, 15.3247552 ], [ 74.0842109, 15.3247747 ], [ 74.0842615, 15.324869 ], [ 74.0842715, 15.3248877 ], [ 74.084304, 15.3249283 ], [ 74.0843366, 15.3249871 ], [ 74.0843508, 15.3250361 ], [ 74.0843551, 15.3251183 ], [ 74.0843923, 15.3252086 ], [ 74.0844015, 15.3253016 ], [ 74.084401, 15.3253257 ], [ 74.084397, 15.3254527 ], [ 74.084376, 15.3255644 ], [ 74.0843597, 15.3256515 ], [ 74.0843294, 15.3259095 ], [ 74.084313, 15.3260491 ], [ 74.0843134, 15.326069 ], [ 74.0843176, 15.3262661 ], [ 74.0843372, 15.3263329 ], [ 74.0843454, 15.326361 ], [ 74.0844152, 15.3264696 ], [ 74.0845269, 15.3265826 ], [ 74.0845978, 15.326632 ], [ 74.0846759, 15.3266865 ], [ 74.0847448, 15.3267443 ], [ 74.0849131, 15.3268855 ], [ 74.0850416, 15.3269775 ], [ 74.0851087, 15.3270256 ], [ 74.0851579, 15.3270485 ], [ 74.0852156, 15.3270754 ], [ 74.0853694, 15.3271342 ], [ 74.0854112, 15.3271387 ], [ 74.0856394, 15.3270619 ], [ 74.0857465, 15.3270031 ], [ 74.0857746, 15.3269909 ], [ 74.0858395, 15.3269625 ], [ 74.085871, 15.3269575 ], [ 74.0859233, 15.326949 ], [ 74.0859663, 15.3269601 ], [ 74.0859931, 15.326967 ], [ 74.0860566, 15.3269997 ], [ 74.0860723, 15.3270078 ], [ 74.0862343, 15.3271098 ], [ 74.0863236, 15.327166 ], [ 74.0863366, 15.3271801 ], [ 74.086361, 15.3272066 ], [ 74.0863915, 15.3272578 ], [ 74.0864122, 15.3272926 ], [ 74.0864372, 15.3273255 ], [ 74.0864774, 15.3273783 ], [ 74.0866963, 15.3275411 ], [ 74.086771, 15.3276032 ], [ 74.0867941, 15.3276224 ], [ 74.0870502, 15.3279026 ], [ 74.0872737, 15.3281692 ], [ 74.0873639, 15.328286 ], [ 74.0874413, 15.3283862 ], [ 74.0875054, 15.3284628 ], [ 74.0875811, 15.3285534 ], [ 74.087597, 15.3285669 ], [ 74.0876183, 15.328585 ], [ 74.0877111, 15.3287037 ], [ 74.0877207, 15.328716 ], [ 74.0877323, 15.3287251 ], [ 74.0877441, 15.3287342 ], [ 74.0878139, 15.3287613 ], [ 74.0879069, 15.3288095 ], [ 74.0879444, 15.328829 ], [ 74.0881446, 15.3288968 ], [ 74.0883449, 15.3289872 ], [ 74.0885823, 15.3291137 ], [ 74.0887174, 15.3292131 ], [ 74.0888246, 15.3293126 ], [ 74.0889884, 15.3295143 ], [ 74.0891365, 15.3296968 ], [ 74.0895184, 15.330108 ], [ 74.0898211, 15.330352 ], [ 74.0898628, 15.3303708 ], [ 74.0899515, 15.3304107 ], [ 74.0900075, 15.3304256 ], [ 74.090054, 15.3304379 ], [ 74.0900885, 15.3304424 ], [ 74.0901239, 15.3304469 ], [ 74.0901937, 15.3304243 ], [ 74.0903287, 15.3303521 ], [ 74.0904172, 15.330343 ], [ 74.0904745, 15.330343 ], [ 74.0905151, 15.330343 ], [ 74.0905664, 15.3303624 ], [ 74.0905989, 15.3303746 ], [ 74.0907013, 15.3304017 ], [ 74.090756, 15.3304265 ], [ 74.090841, 15.3304651 ], [ 74.0909652, 15.3304944 ], [ 74.0910506, 15.3305147 ], [ 74.0912183, 15.3305056 ], [ 74.0913673, 15.3305509 ], [ 74.0914554, 15.3305921 ], [ 74.0915024, 15.3306142 ], [ 74.0916142, 15.3307135 ], [ 74.0916749, 15.3308032 ], [ 74.0917213, 15.3308401 ], [ 74.0918703, 15.3311384 ], [ 74.0919212, 15.3312547 ], [ 74.0920008, 15.3314366 ], [ 74.0920819, 15.3316052 ], [ 74.0921451, 15.3317892 ], [ 74.0921636, 15.3318319 ], [ 74.0921824, 15.3318749 ], [ 74.0922755, 15.3320241 ], [ 74.0923041, 15.3320798 ], [ 74.0923221, 15.3321145 ], [ 74.0923508, 15.3321503 ], [ 74.0924663, 15.33225 ], [ 74.0925705, 15.3323211 ], [ 74.0925922, 15.3323359 ], [ 74.0927459, 15.3324263 ], [ 74.0929804, 15.3325021 ], [ 74.0930327, 15.3325265 ], [ 74.0933839, 15.3326929 ], [ 74.0935423, 15.3327924 ], [ 74.0935946, 15.3328431 ], [ 74.0937238, 15.3330771 ], [ 74.0938171, 15.3333257 ], [ 74.0938952, 15.3335792 ], [ 74.0939521, 15.3337639 ], [ 74.0939847, 15.3339718 ], [ 74.09398, 15.3340667 ], [ 74.0939615, 15.3342023 ], [ 74.0938449, 15.334469 ], [ 74.0937891, 15.3346362 ], [ 74.0937798, 15.3346859 ], [ 74.0937798, 15.3347106 ], [ 74.0937797, 15.3347581 ], [ 74.0937967, 15.334791 ], [ 74.0938077, 15.3348124 ], [ 74.0939102, 15.3348757 ], [ 74.0939857, 15.3349098 ], [ 74.0940499, 15.3349389 ], [ 74.0941383, 15.334957 ], [ 74.0943387, 15.3349796 ], [ 74.0943587, 15.3349952 ], [ 74.094345, 15.3350113 ], [ 74.0943339, 15.3350203 ], [ 74.094362, 15.33507 ], [ 74.0943946, 15.3351558 ], [ 74.0944365, 15.3353049 ], [ 74.094469, 15.3354631 ], [ 74.0944876, 15.3356529 ], [ 74.0945062, 15.3357207 ], [ 74.0946134, 15.3359512 ], [ 74.094646, 15.3359919 ], [ 74.0947531, 15.3360641 ], [ 74.094986, 15.3361636 ], [ 74.0951257, 15.3362087 ], [ 74.0952561, 15.3362223 ], [ 74.0954099, 15.336263 ], [ 74.0956287, 15.3363624 ], [ 74.0957917, 15.336489 ], [ 74.0958756, 15.3365703 ], [ 74.0958942, 15.3366245 ], [ 74.0959547, 15.3367511 ], [ 74.0959548, 15.336855 ], [ 74.0959503, 15.3368778 ], [ 74.0959361, 15.3369499 ], [ 74.0958891, 15.3370581 ], [ 74.0958477, 15.3371533 ], [ 74.0958197, 15.3371804 ], [ 74.0957498, 15.3372075 ], [ 74.0954667, 15.3373712 ], [ 74.0952887, 15.3374741 ], [ 74.0952607, 15.3375826 ], [ 74.0952514, 15.3376775 ], [ 74.0952607, 15.3377137 ], [ 74.0952897, 15.3377627 ], [ 74.0952981, 15.3377769 ], [ 74.0953446, 15.3379035 ], [ 74.0954085, 15.3379576 ], [ 74.0954191, 15.3379667 ], [ 74.0955216, 15.3381068 ], [ 74.0957341, 15.3383321 ], [ 74.0957731, 15.3383734 ], [ 74.0960385, 15.3386852 ], [ 74.0961837, 15.3388716 ], [ 74.0961969, 15.3388886 ], [ 74.0963739, 15.3391823 ], [ 74.0964018, 15.3392591 ], [ 74.0965602, 15.339589 ], [ 74.0966068, 15.3397382 ], [ 74.0966179, 15.3397889 ], [ 74.0966394, 15.3398873 ], [ 74.0966557, 15.3400681 ], [ 74.0966626, 15.3401449 ], [ 74.0966714, 15.3402022 ], [ 74.0966813, 15.3402669 ], [ 74.0966813, 15.340407 ], [ 74.0966673, 15.3405019 ], [ 74.0966357, 15.3405838 ], [ 74.0966114, 15.3406465 ], [ 74.0965975, 15.340746 ], [ 74.0966021, 15.3409267 ], [ 74.0966254, 15.3410532 ], [ 74.0966591, 15.3411126 ], [ 74.0966767, 15.3411436 ], [ 74.0967779, 15.3412898 ], [ 74.0968583, 15.3414057 ], [ 74.0969151, 15.3414713 ], [ 74.0970306, 15.3416045 ], [ 74.0970724, 15.3416451 ], [ 74.0970818, 15.3416543 ], [ 74.0971084, 15.3416893 ], [ 74.0972635, 15.3418938 ], [ 74.0973308, 15.342008 ], [ 74.0973382, 15.342021 ], [ 74.0973427, 15.3420429 ], [ 74.0973686, 15.3420932 ], [ 74.0973753, 15.3421062 ], [ 74.0973846, 15.3421558 ], [ 74.0974078, 15.3422146 ], [ 74.0974312, 15.3424 ], [ 74.0974312, 15.3424245 ], [ 74.0974312, 15.3424813 ], [ 74.0973846, 15.342671 ], [ 74.0973551, 15.3427586 ], [ 74.0973007, 15.3429197 ], [ 74.0972901, 15.3429334 ], [ 74.0972029, 15.3429784 ], [ 74.0971238, 15.3430507 ], [ 74.0971046, 15.3430613 ], [ 74.0970912, 15.3430688 ], [ 74.0970306, 15.3430823 ], [ 74.0969747, 15.343123 ], [ 74.0969331, 15.3431348 ], [ 74.0967837, 15.3431772 ], [ 74.0967107, 15.3432042 ], [ 74.0966859, 15.3432134 ], [ 74.0966347, 15.3432405 ], [ 74.0965881, 15.3432811 ], [ 74.0965322, 15.3433444 ], [ 74.096509, 15.3433851 ], [ 74.096481, 15.34348 ], [ 74.0964736, 15.3435559 ], [ 74.0964717, 15.3435749 ], [ 74.0964751, 15.3436042 ], [ 74.096481, 15.3436563 ], [ 74.0964948, 15.3436883 ], [ 74.0965276, 15.3437647 ], [ 74.0965576, 15.3438184 ], [ 74.0965881, 15.3438731 ], [ 74.0970166, 15.3442979 ], [ 74.0970729, 15.3443447 ], [ 74.0971144, 15.3443793 ], [ 74.0971956, 15.3444374 ], [ 74.0972216, 15.3444561 ], [ 74.0972625, 15.3444989 ], [ 74.0973427, 15.3445826 ], [ 74.0974415, 15.3446545 ], [ 74.0974731, 15.3446775 ], [ 74.0976501, 15.3447725 ], [ 74.0978359, 15.3448945 ], [ 74.0979668, 15.3449804 ], [ 74.0981524, 15.3450802 ], [ 74.0983534, 15.3451882 ], [ 74.0985397, 15.3452514 ], [ 74.098593, 15.3452577 ], [ 74.0986934, 15.3452695 ], [ 74.0988099, 15.3452695 ], [ 74.098929, 15.3452503 ], [ 74.0990055, 15.3452379 ], [ 74.0991872, 15.3451836 ], [ 74.0996017, 15.3450797 ], [ 74.0996263, 15.3450765 ], [ 74.0996716, 15.3450707 ], [ 74.0998054, 15.3450639 ], [ 74.1000302, 15.3450526 ], [ 74.1001746, 15.3450525 ], [ 74.1002731, 15.3450653 ], [ 74.1003143, 15.3450706 ], [ 74.1005917, 15.3451245 ], [ 74.1006408, 15.3451341 ], [ 74.1009058, 15.3452198 ], [ 74.101113, 15.3453183 ], [ 74.1011527, 15.3453372 ], [ 74.1013669, 15.3454276 ], [ 74.101488, 15.3454909 ], [ 74.1015479, 15.3455141 ], [ 74.1015812, 15.345527 ], [ 74.1019678, 15.3456445 ], [ 74.1019938, 15.345649 ], [ 74.1021215, 15.3456716 ], [ 74.1024289, 15.3456851 ], [ 74.1026801, 15.3456626 ], [ 74.1027689, 15.3456444 ], [ 74.1028388, 15.3455992 ], [ 74.1028608, 15.3455934 ], [ 74.10289, 15.3455857 ], [ 74.102918, 15.3455631 ], [ 74.1029538, 15.3455593 ], [ 74.1030018, 15.3455541 ], [ 74.1030717, 15.345527 ], [ 74.1030996, 15.3454953 ], [ 74.1031647, 15.3454631 ], [ 74.1033558, 15.3453688 ], [ 74.1034862, 15.3452784 ], [ 74.1038811, 15.3449641 ], [ 74.1039007, 15.3449485 ], [ 74.1041243, 15.3448219 ], [ 74.1041755, 15.3448173 ], [ 74.1043013, 15.3448264 ], [ 74.1043164, 15.3448293 ], [ 74.1044922, 15.3448625 ], [ 74.1049068, 15.3451226 ], [ 74.1050744, 15.345215 ], [ 74.1051885, 15.3452864 ], [ 74.1052981, 15.345355 ], [ 74.1055179, 15.3455113 ], [ 74.1055588, 15.3455403 ], [ 74.10568, 15.3456444 ], [ 74.1057218, 15.345694 ], [ 74.1056691, 15.345823 ], [ 74.1055962, 15.3460013 ], [ 74.1054286, 15.3463765 ], [ 74.1053959, 15.3464352 ], [ 74.1053441, 15.346491 ], [ 74.1053121, 15.3465255 ], [ 74.1052972, 15.3465455 ], [ 74.1052515, 15.3466069 ], [ 74.1050759, 15.3467833 ], [ 74.1049907, 15.346869 ], [ 74.1047299, 15.3470769 ], [ 74.1046825, 15.3471229 ], [ 74.1046088, 15.3471944 ], [ 74.1044877, 15.3473571 ], [ 74.1044198, 15.3474785 ], [ 74.1043992, 15.3475153 ], [ 74.1043829, 15.3475511 ], [ 74.104348, 15.3476283 ], [ 74.1042516, 15.3477774 ], [ 74.1040498, 15.3480892 ], [ 74.1040046, 15.348147 ], [ 74.1039754, 15.3481842 ], [ 74.1038497, 15.3483062 ], [ 74.1037425, 15.3483649 ], [ 74.1036869, 15.3483838 ], [ 74.1036493, 15.3483966 ], [ 74.1034583, 15.3484463 ], [ 74.1033621, 15.3484569 ], [ 74.1032535, 15.3484689 ], [ 74.1031556, 15.3484689 ], [ 74.1030422, 15.3484514 ], [ 74.1029506, 15.3484372 ], [ 74.1028295, 15.3484372 ], [ 74.1027052, 15.3484557 ], [ 74.1025548, 15.348478 ], [ 74.1024065, 15.3485132 ], [ 74.1023451, 15.3485277 ], [ 74.1022394, 15.3485625 ], [ 74.1018375, 15.3486949 ], [ 74.1017696, 15.3487075 ], [ 74.1017396, 15.348713 ], [ 74.1014276, 15.3487356 ], [ 74.1012326, 15.3487587 ], [ 74.1010456, 15.3487809 ], [ 74.1009245, 15.3487808 ], [ 74.1007848, 15.3487673 ], [ 74.1006031, 15.3487763 ], [ 74.1004075, 15.3488035 ], [ 74.1002025, 15.3488442 ], [ 74.100151, 15.3488691 ], [ 74.1001391, 15.3488782 ], [ 74.1000488, 15.3489616 ], [ 74.0998802, 15.3490744 ], [ 74.0998353, 15.3491049 ], [ 74.0997601, 15.3491649 ], [ 74.0996962, 15.3492269 ], [ 74.0996716, 15.3492508 ], [ 74.099646, 15.3492816 ], [ 74.0995365, 15.3494135 ], [ 74.0994146, 15.3496004 ], [ 74.0993921, 15.349635 ], [ 74.0993639, 15.3496837 ], [ 74.0992663, 15.349852 ], [ 74.0992384, 15.3499152 ], [ 74.0992197, 15.350105 ], [ 74.0992245, 15.3502135 ], [ 74.0992803, 15.3504214 ], [ 74.0993497, 15.350602 ], [ 74.0993828, 15.350688 ], [ 74.0994188, 15.3507552 ], [ 74.0995038, 15.350914 ], [ 74.0995501, 15.3509886 ], [ 74.0995598, 15.3510043 ], [ 74.0999431, 15.3515076 ], [ 74.100021, 15.3516098 ], [ 74.1000344, 15.3516229 ], [ 74.1001141, 15.3517002 ], [ 74.1001932, 15.3517951 ], [ 74.1003003, 15.3519562 ], [ 74.1003284, 15.3519985 ], [ 74.1003656, 15.3520707 ], [ 74.1003983, 15.3523057 ], [ 74.1004214, 15.3523507 ], [ 74.1004215, 15.3523731 ], [ 74.1004215, 15.3524097 ], [ 74.1004029, 15.3525724 ], [ 74.1004029, 15.3526628 ], [ 74.1004021, 15.3526905 ], [ 74.100389, 15.3527667 ], [ 74.1003284, 15.3529746 ], [ 74.1002865, 15.3531508 ], [ 74.1002865, 15.3531778 ], [ 74.1002865, 15.3531916 ], [ 74.1003359, 15.3532917 ], [ 74.1003517, 15.3535078 ], [ 74.1003618, 15.3535386 ], [ 74.1003843, 15.3536073 ], [ 74.1004217, 15.3536617 ], [ 74.1004589, 15.3537158 ], [ 74.1007011, 15.3539644 ], [ 74.1007289, 15.3539846 ], [ 74.100757, 15.354005 ], [ 74.1007821, 15.3540172 ], [ 74.1008966, 15.3540728 ], [ 74.1010458, 15.3540999 ], [ 74.1011024, 15.3540999 ], [ 74.1011668, 15.3540998 ], [ 74.1011885, 15.354096 ], [ 74.1012181, 15.3540909 ], [ 74.1012833, 15.3540909 ], [ 74.1015249, 15.3540607 ], [ 74.1016093, 15.3540501 ], [ 74.1016851, 15.3540516 ], [ 74.1018468, 15.3540547 ], [ 74.1020332, 15.3540761 ], [ 74.1021217, 15.3540863 ], [ 74.1022009, 15.3540863 ], [ 74.1023127, 15.3540636 ], [ 74.1023572, 15.3540406 ], [ 74.1023826, 15.3540275 ], [ 74.1024897, 15.3539281 ], [ 74.1025968, 15.3538422 ], [ 74.1027645, 15.3536705 ], [ 74.1028995, 15.3534628 ], [ 74.102912, 15.3534452 ], [ 74.103016, 15.3532999 ], [ 74.103077, 15.3532305 ], [ 74.103154, 15.3531378 ], [ 74.1032135, 15.3530766 ], [ 74.1032629, 15.3530287 ], [ 74.1033129, 15.3529903 ], [ 74.1033747, 15.3529428 ], [ 74.1034314, 15.352914 ], [ 74.1034724, 15.3528932 ], [ 74.103533, 15.352884 ], [ 74.1036606, 15.3528906 ], [ 74.10371, 15.3528931 ], [ 74.1037565, 15.3529067 ], [ 74.1038637, 15.3529699 ], [ 74.1039234, 15.3530216 ], [ 74.1042132, 15.3532727 ], [ 74.1042675, 15.3533563 ], [ 74.1042775, 15.353368 ], [ 74.1043342, 15.3534309 ], [ 74.1046742, 15.3537652 ], [ 74.1046894, 15.3537868 ], [ 74.1047442, 15.3538647 ], [ 74.1047668, 15.3539528 ], [ 74.1047721, 15.3539731 ], [ 74.1047721, 15.3540771 ], [ 74.1047603, 15.354144 ], [ 74.1047442, 15.3542352 ], [ 74.1047255, 15.3542759 ], [ 74.1046929, 15.3543121 ], [ 74.1044694, 15.3544658 ], [ 74.1043761, 15.3544974 ], [ 74.104315, 15.3545118 ], [ 74.1042224, 15.3545335 ], [ 74.1040795, 15.3545798 ], [ 74.1040408, 15.3545923 ], [ 74.1039656, 15.3546241 ], [ 74.1039337, 15.3546375 ], [ 74.1039015, 15.354656 ], [ 74.1038078, 15.3547099 ], [ 74.1036744, 15.3548002 ], [ 74.1036076, 15.3548454 ], [ 74.103533, 15.3549131 ], [ 74.1035099, 15.3549402 ], [ 74.1034866, 15.3549675 ], [ 74.103412, 15.355112 ], [ 74.1033727, 15.3552092 ], [ 74.1033607, 15.3552386 ], [ 74.1033426, 15.3552951 ], [ 74.1032909, 15.3554555 ], [ 74.103258, 15.3555763 ], [ 74.1032257, 15.355695 ], [ 74.1031864, 15.3558094 ], [ 74.1031698, 15.3558578 ], [ 74.1030254, 15.356156 ], [ 74.1029863, 15.3562243 ], [ 74.1029323, 15.3563187 ], [ 74.1028717, 15.3564 ], [ 74.1026994, 15.3565718 ], [ 74.1026105, 15.3566435 ], [ 74.1023408, 15.356861 ], [ 74.1021962, 15.3569462 ], [ 74.1019494, 15.3570915 ], [ 74.1018144, 15.3571955 ], [ 74.1017265, 15.3573051 ], [ 74.101642, 15.3574441 ], [ 74.1016374, 15.3574666 ], [ 74.1016327, 15.3574892 ], [ 74.1016327, 15.3576104 ], [ 74.1016327, 15.357688 ], [ 74.101641, 15.3577304 ], [ 74.1016513, 15.3577829 ], [ 74.1016694, 15.3578127 ], [ 74.101712, 15.3578824 ], [ 74.1019728, 15.3581625 ], [ 74.1019868, 15.3584066 ], [ 74.1019682, 15.3585241 ], [ 74.1019592, 15.3585371 ], [ 74.1019448, 15.3585964 ], [ 74.1019443, 15.3586379 ], [ 74.1019402, 15.3589399 ], [ 74.1019579, 15.3590142 ], [ 74.1019682, 15.3590574 ], [ 74.1020287, 15.3591387 ], [ 74.10216, 15.3592496 ], [ 74.1021732, 15.3592607 ], [ 74.102434, 15.3594641 ], [ 74.1025271, 15.3595545 ], [ 74.1027094, 15.3597055 ], [ 74.1027833, 15.3597668 ], [ 74.102831, 15.3598224 ], [ 74.1028764, 15.3598753 ], [ 74.1029105, 15.3599275 ], [ 74.1029332, 15.359964 ], [ 74.1029463, 15.3600108 ], [ 74.102951, 15.3601555 ], [ 74.1029391, 15.3602421 ], [ 74.1029138, 15.3604267 ], [ 74.1029184, 15.3606526 ], [ 74.1029418, 15.360761 ], [ 74.1029651, 15.3608153 ], [ 74.1029926, 15.3608555 ], [ 74.1030269, 15.3608837 ], [ 74.1033283, 15.3610232 ], [ 74.1033749, 15.3610367 ], [ 74.1037104, 15.3610864 ], [ 74.1040271, 15.3611677 ], [ 74.1042517, 15.3612515 ], [ 74.1043904, 15.3613032 ], [ 74.1044373, 15.361317 ], [ 74.1045441, 15.3613485 ], [ 74.1046353, 15.3613856 ], [ 74.1046886, 15.3614072 ], [ 74.1047929, 15.3614688 ], [ 74.1049698, 15.3615946 ], [ 74.1051124, 15.3616964 ], [ 74.1050701, 15.3619593 ], [ 74.1050659, 15.3619856 ], [ 74.1050629, 15.3620433 ], [ 74.1050472, 15.3623472 ], [ 74.1050658, 15.3626409 ], [ 74.1050894, 15.3627633 ], [ 74.1051171, 15.3629075 ], [ 74.105148, 15.3631468 ], [ 74.1051637, 15.3632691 ], [ 74.1051032, 15.3637978 ], [ 74.1050128, 15.3639496 ], [ 74.1049308, 15.3640871 ], [ 74.1047176, 15.3641868 ], [ 74.1045442, 15.3642679 ], [ 74.1041763, 15.3643312 ], [ 74.1034588, 15.3642634 ], [ 74.1030126, 15.3641932 ], [ 74.1029418, 15.3641821 ], [ 74.102448, 15.3643583 ], [ 74.10231, 15.3645284 ], [ 74.1022059, 15.3646567 ], [ 74.1020894, 15.3649233 ], [ 74.1021081, 15.3655108 ], [ 74.1023317, 15.3662429 ], [ 74.1024079, 15.3664949 ], [ 74.1025272, 15.3668891 ], [ 74.102723, 15.3675082 ], [ 74.10274, 15.367665 ], [ 74.1027836, 15.3680687 ], [ 74.1027137, 15.3683218 ], [ 74.1022666, 15.36895 ], [ 74.1017355, 15.3695194 ], [ 74.1015351, 15.3698222 ], [ 74.1015103, 15.3699024 ], [ 74.1014093, 15.370229 ], [ 74.1013582, 15.3705905 ], [ 74.1014322, 15.3709384 ], [ 74.1014794, 15.3711598 ], [ 74.1015632, 15.371779 ], [ 74.1015259, 15.3722536 ], [ 74.1013734, 15.3724883 ], [ 74.1013116, 15.3725835 ], [ 74.1010647, 15.3727191 ], [ 74.1009399, 15.3727466 ], [ 74.1007992, 15.3727777 ], [ 74.1004643, 15.3727976 ], [ 74.1000352, 15.372823 ], [ 74.0995408, 15.372823 ], [ 74.0991175, 15.3728229 ], [ 74.0987817, 15.3729092 ], [ 74.0987122, 15.372927 ], [ 74.0986586, 15.3729682 ], [ 74.0984421, 15.3731349 ], [ 74.0983023, 15.373632 ], [ 74.0981346, 15.3741336 ], [ 74.0979016, 15.3743641 ], [ 74.0973519, 15.374572 ], [ 74.0972879, 15.3745916 ], [ 74.096821, 15.3747347 ], [ 74.0964576, 15.374789 ], [ 74.0959871, 15.3747257 ], [ 74.0955958, 15.3745133 ], [ 74.0952463, 15.3740975 ], [ 74.0951983, 15.3740181 ], [ 74.0949016, 15.3735281 ], [ 74.0948042, 15.373345 ], [ 74.094678, 15.3731078 ], [ 74.0945196, 15.372927 ], [ 74.0944335, 15.3729448 ], [ 74.0942355, 15.3729859 ], [ 74.0941225, 15.3731759 ], [ 74.0940957, 15.3732208 ], [ 74.0940332, 15.3734289 ], [ 74.0939979, 15.3735462 ], [ 74.0939903, 15.3736481 ], [ 74.0939326, 15.3744183 ], [ 74.0939522, 15.3746344 ], [ 74.0939699, 15.3748296 ], [ 74.0940491, 15.3750556 ], [ 74.0941426, 15.3752291 ], [ 74.0942074, 15.3753494 ], [ 74.0943426, 15.3756477 ], [ 74.0943504, 15.3757674 ], [ 74.0943612, 15.3759323 ], [ 74.0943854, 15.3763995 ], [ 74.0945195, 15.3766599 ], [ 74.0946142, 15.3767901 ], [ 74.0947432, 15.3769673 ], [ 74.095039, 15.3776699 ], [ 74.0950553, 15.3777084 ], [ 74.0950661, 15.3777508 ], [ 74.0951718, 15.3781649 ], [ 74.0954186, 15.3784902 ], [ 74.0954806, 15.3785059 ], [ 74.0957401, 15.3785716 ], [ 74.0959466, 15.3784884 ], [ 74.0960429, 15.3784496 ], [ 74.0962429, 15.378315 ], [ 74.0962712, 15.3782959 ], [ 74.096574, 15.3778711 ], [ 74.096615, 15.3778011 ], [ 74.0968069, 15.3774734 ], [ 74.0972414, 15.3769276 ], [ 74.0973286, 15.3768181 ], [ 74.097397, 15.376766 ], [ 74.09772, 15.3765198 ], [ 74.0978549, 15.376493 ], [ 74.0982883, 15.3764068 ], [ 74.0983492, 15.3764113 ], [ 74.0986611, 15.3764339 ], [ 74.0991222, 15.3767231 ], [ 74.0992768, 15.3770754 ], [ 74.0993086, 15.3771479 ], [ 74.0993039, 15.3774598 ], [ 74.0992154, 15.3776813 ], [ 74.0991186, 15.3778003 ], [ 74.0990243, 15.3779162 ], [ 74.0988333, 15.3781919 ], [ 74.098501, 15.378637 ], [ 74.0982697, 15.3789466 ], [ 74.0979543, 15.3793418 ], [ 74.0977106, 15.3796471 ], [ 74.0973895, 15.3802871 ], [ 74.0973659, 15.3803341 ], [ 74.0972356, 15.3807137 ], [ 74.0971051, 15.3810209 ], [ 74.0968581, 15.38136 ], [ 74.0966181, 15.3815099 ], [ 74.0965181, 15.3815724 ], [ 74.0957116, 15.3818505 ], [ 74.0948735, 15.3822458 ], [ 74.0941954, 15.3824202 ], [ 74.0940303, 15.3824627 ], [ 74.0932337, 15.3825395 ], [ 74.0927258, 15.3825757 ], [ 74.0926091, 15.3825537 ], [ 74.0923892, 15.382511 ], [ 74.092274, 15.3823768 ], [ 74.0922833, 15.3819791 ], [ 74.0923019, 15.3813826 ], [ 74.0922304, 15.3811989 ], [ 74.0921576, 15.381012 ], [ 74.0918921, 15.3806685 ], [ 74.0917689, 15.3806346 ], [ 74.0915799, 15.3805827 ], [ 74.0913561, 15.3806607 ], [ 74.0912817, 15.3806866 ], [ 74.091058, 15.3811069 ], [ 74.0910262, 15.3813088 ], [ 74.0909883, 15.3815497 ], [ 74.09093, 15.3817735 ], [ 74.090918, 15.3818196 ], [ 74.0908717, 15.3819972 ], [ 74.0907512, 15.3822508 ], [ 74.0905689, 15.3826344 ], [ 74.0903126, 15.3833304 ], [ 74.0901478, 15.3840603 ], [ 74.0900983, 15.3842794 ], [ 74.0900795, 15.3848805 ], [ 74.0900505, 15.3853666 ], [ 74.0900377, 15.3855811 ], [ 74.0899374, 15.3858327 ], [ 74.0897767, 15.3862363 ], [ 74.0896882, 15.3865706 ], [ 74.089687, 15.3866276 ], [ 74.0896789, 15.3870091 ], [ 74.0896743, 15.3872295 ], [ 74.0896696, 15.3874565 ], [ 74.0895671, 15.3879401 ], [ 74.0894306, 15.3882488 ], [ 74.0893853, 15.3883513 ], [ 74.0893088, 15.3888282 ], [ 74.0892455, 15.3892235 ], [ 74.0891831, 15.3894415 ], [ 74.0890684, 15.3898427 ], [ 74.0886434, 15.390331 ], [ 74.0882484, 15.3904889 ], [ 74.0881456, 15.3904945 ], [ 74.087913, 15.390507 ], [ 74.087692, 15.3904308 ], [ 74.0875589, 15.3903849 ], [ 74.087121, 15.3901047 ], [ 74.0867779, 15.3897119 ], [ 74.0865013, 15.3893952 ], [ 74.0860775, 15.3890246 ], [ 74.0856986, 15.3888543 ], [ 74.0853134, 15.388681 ], [ 74.0848149, 15.3887082 ], [ 74.0845121, 15.3889206 ], [ 74.0844428, 15.3890399 ], [ 74.0843257, 15.3892415 ], [ 74.0842001, 15.3896768 ], [ 74.0841393, 15.3898877 ], [ 74.0838085, 15.39043 ], [ 74.0833992, 15.3908575 ], [ 74.0831421, 15.3911259 ], [ 74.0820939, 15.3919393 ], [ 74.0816186, 15.392554 ], [ 74.0815399, 15.3929992 ], [ 74.0815021, 15.3932137 ], [ 74.0814658, 15.3935879 ], [ 74.0814321, 15.3939368 ], [ 74.0812084, 15.3943978 ], [ 74.0811014, 15.394417 ], [ 74.0809568, 15.3944431 ], [ 74.0807863, 15.3943773 ], [ 74.0806633, 15.3943299 ], [ 74.0804165, 15.3940678 ], [ 74.0802971, 15.3938384 ], [ 74.0801649, 15.3935843 ], [ 74.0801487, 15.3935368 ], [ 74.0798947, 15.3927933 ], [ 74.0795314, 15.3919166 ], [ 74.0793694, 15.3915941 ], [ 74.0790796, 15.3910172 ], [ 74.0784589, 15.3904961 ], [ 74.0784227, 15.3904658 ], [ 74.0777007, 15.3901132 ], [ 74.0774457, 15.3901247 ], [ 74.0772022, 15.3901358 ], [ 74.0768854, 15.390443 ], [ 74.076805, 15.3906133 ], [ 74.076657, 15.3909266 ], [ 74.0763167, 15.3920022 ], [ 74.0761163, 15.3928408 ], [ 74.0758879, 15.3937963 ], [ 74.0757527, 15.3946324 ], [ 74.0757539, 15.3946535 ], [ 74.0757759, 15.3950255 ], [ 74.0759343, 15.3955544 ], [ 74.0762277, 15.3960154 ], [ 74.0766547, 15.3966046 ], [ 74.0767681, 15.3967611 ], [ 74.0774249, 15.3974662 ], [ 74.0777651, 15.3980808 ], [ 74.0778523, 15.3983476 ], [ 74.0778582, 15.3983656 ], [ 74.0776297, 15.398935 ], [ 74.077201, 15.3994546 ], [ 74.0771093, 15.3994931 ], [ 74.0769961, 15.3995406 ], [ 74.0767585, 15.3995518 ], [ 74.0765208, 15.399563 ], [ 74.0760902, 15.3995149 ], [ 74.0757521, 15.3994771 ], [ 74.0753208, 15.3995816 ], [ 74.0751184, 15.3996307 ], [ 74.0746898, 15.4000013 ], [ 74.0742796, 15.4005978 ], [ 74.0740979, 15.4012124 ], [ 74.074038, 15.4013483 ], [ 74.0739626, 15.4015197 ], [ 74.0737087, 15.4018529 ], [ 74.0736458, 15.4019354 ], [ 74.0734649, 15.4021397 ], [ 74.0729654, 15.4027036 ], [ 74.0724249, 15.4035171 ], [ 74.0725832, 15.4042628 ], [ 74.0730583, 15.4049859 ], [ 74.0742275, 15.4065588 ], [ 74.074973, 15.4075667 ], [ 74.0751545, 15.408326 ], [ 74.0750226, 15.4087047 ], [ 74.0749169, 15.4090084 ], [ 74.074712, 15.4092412 ], [ 74.0743483, 15.4096546 ], [ 74.072707, 15.4109571 ], [ 74.0720649, 15.4114666 ], [ 74.0721317, 15.4114726 ], [ 74.0722653, 15.4114847 ], [ 74.0724424, 15.411661 ], [ 74.0727405, 15.4118915 ], [ 74.0728216, 15.411934 ], [ 74.0730341, 15.4120452 ], [ 74.0734301, 15.4121944 ], [ 74.0738446, 15.4124069 ], [ 74.0746281, 15.4127869 ], [ 74.0747952, 15.412868 ], [ 74.0749743, 15.4129377 ], [ 74.0759786, 15.4133291 ], [ 74.0770159, 15.4137845 ], [ 74.0775023, 15.413998 ], [ 74.0784337, 15.4144115 ], [ 74.078765, 15.4145585 ], [ 74.0789279, 15.414634 ], [ 74.0793799, 15.4148433 ], [ 74.0802093, 15.4152094 ], [ 74.0808803, 15.4155711 ], [ 74.0813556, 15.4158015 ], [ 74.0832939, 15.4166107 ], [ 74.0836296, 15.4170607 ], [ 74.0841232, 15.4177225 ], [ 74.0842773, 15.4179515 ], [ 74.0845612, 15.4183733 ], [ 74.0849945, 15.4189518 ], [ 74.0851109, 15.4190648 ], [ 74.0852321, 15.4191416 ], [ 74.0853636, 15.4191842 ], [ 74.0854697, 15.4192185 ], [ 74.0857074, 15.4192953 ], [ 74.0861032, 15.4192949 ], [ 74.0865698, 15.4193144 ], [ 74.0869698, 15.4193311 ], [ 74.0872495, 15.4193686 ], [ 74.0881161, 15.4194848 ], [ 74.0886048, 15.4196206 ], [ 74.0889455, 15.4197154 ], [ 74.091238, 15.4206011 ], [ 74.0912793, 15.4206127 ], [ 74.0919137, 15.4207909 ], [ 74.0925204, 15.4211222 ], [ 74.0925427, 15.4211344 ], [ 74.0925904, 15.42115 ], [ 74.0930166, 15.4212894 ], [ 74.0965221, 15.4225445 ], [ 74.0991223, 15.4236381 ], [ 74.1014476, 15.424786 ], [ 74.104267, 15.4262052 ], [ 74.1045701, 15.4261015 ], [ 74.1071747, 15.4224043 ], [ 74.1089825, 15.4197106 ], [ 74.1100775, 15.4177897 ], [ 74.1105947, 15.417871 ], [ 74.1103339, 15.4198144 ], [ 74.1108512, 15.4217351 ], [ 74.1108094, 15.4235926 ], [ 74.1114573, 15.425685 ], [ 74.1114574, 15.4267652 ], [ 74.1130698, 15.4280802 ], [ 74.1144027, 15.4291648 ], [ 74.1160384, 15.4297069 ], [ 74.1173479, 15.4302717 ], [ 74.1177394, 15.4304388 ], [ 74.1190535, 15.43052 ], [ 74.1198272, 15.4311706 ], [ 74.120214, 15.4317763 ], [ 74.1210996, 15.4332766 ], [ 74.1228008, 15.434718 ], [ 74.1236816, 15.4353054 ], [ 74.1246044, 15.4362454 ], [ 74.1248794, 15.4367379 ], [ 74.125699, 15.4367468 ], [ 74.1258947, 15.4367649 ], [ 74.1261509, 15.4367107 ], [ 74.1264072, 15.436557 ], [ 74.1266448, 15.4364214 ], [ 74.1271199, 15.436096 ], [ 74.1277536, 15.4356757 ], [ 74.1282054, 15.435269 ], [ 74.1289369, 15.4351559 ], [ 74.1299245, 15.4349841 ], [ 74.1306374, 15.4348847 ], [ 74.1312104, 15.4347537 ], [ 74.1315878, 15.4344825 ], [ 74.1322167, 15.4341209 ], [ 74.1326919, 15.4337955 ], [ 74.1332323, 15.4335831 ], [ 74.1335305, 15.433583 ], [ 74.1337867, 15.433583 ], [ 74.134262, 15.4336779 ], [ 74.134658, 15.4338903 ], [ 74.1350913, 15.4340981 ], [ 74.1354687, 15.4343694 ], [ 74.1362189, 15.4345997 ], [ 74.137286, 15.4351374 ], [ 74.137682, 15.4352912 ], [ 74.1385292, 15.4368571 ], [ 74.1385769, 15.4369453 ], [ 74.1386562, 15.4376366 ], [ 74.1389778, 15.4378084 ], [ 74.139793, 15.4374332 ], [ 74.1409158, 15.4372613 ], [ 74.1423695, 15.4375369 ], [ 74.1435763, 15.4378035 ], [ 74.1445966, 15.4380474 ], [ 74.1455751, 15.4378394 ], [ 74.14626, 15.437975 ], [ 74.1472989, 15.4376766 ], [ 74.1479884, 15.4376267 ], [ 74.1487478, 15.4374188 ], [ 74.1493164, 15.4378209 ], [ 74.1499873, 15.4381462 ], [ 74.1510543, 15.4382726 ], [ 74.1517532, 15.4384984 ], [ 74.1520609, 15.4388961 ], [ 74.152075, 15.4393752 ], [ 74.1523966, 15.4398678 ], [ 74.1523083, 15.4407311 ], [ 74.1536362, 15.4409161 ], [ 74.154046, 15.4402698 ], [ 74.1541205, 15.4397862 ], [ 74.1546933, 15.4393884 ], [ 74.155094, 15.4389454 ], [ 74.155709, 15.4388187 ], [ 74.1562307, 15.4386243 ], [ 74.1570929, 15.4391349 ], [ 74.1577313, 15.4394647 ], [ 74.1581321, 15.4401109 ], [ 74.1585143, 15.4402555 ], [ 74.1595206, 15.4401107 ], [ 74.1600285, 15.4402643 ], [ 74.1610118, 15.4410278 ], [ 74.1617247, 15.4411768 ], [ 74.1630292, 15.4409235 ], [ 74.1639515, 15.440182 ], [ 74.1642544, 15.4403673 ], [ 74.1645713, 15.4405209 ], [ 74.1652843, 15.440792 ], [ 74.1671435, 15.4414424 ], [ 74.1678519, 15.4418625 ], [ 74.1682479, 15.4419392 ], [ 74.1685275, 15.4420566 ], [ 74.1688816, 15.4420928 ], [ 74.1691742, 15.4421303 ], [ 74.1691985, 15.4421334 ], [ 74.1692296, 15.4421032 ], [ 74.1692776, 15.4420565 ], [ 74.1695152, 15.4418259 ], [ 74.1696735, 15.4415955 ], [ 74.1697007, 15.441569 ], [ 74.1697527, 15.4415185 ], [ 74.1697918, 15.4414425 ], [ 74.169911, 15.4412111 ], [ 74.1699922, 15.4410365 ], [ 74.1701066, 15.4407908 ], [ 74.1702648, 15.4403298 ], [ 74.1704137, 15.4398462 ], [ 74.170616, 15.4393944 ], [ 74.1707861, 15.4390145 ], [ 74.170862, 15.4387506 ], [ 74.1708745, 15.4387072 ], [ 74.1711259, 15.4384676 ], [ 74.1713732, 15.4384087 ], [ 74.1716012, 15.4383544 ], [ 74.1729522, 15.4380648 ], [ 74.1746526, 15.4376034 ], [ 74.1768141, 15.4369656 ], [ 74.1794508, 15.4361377 ], [ 74.1794599, 15.4361639 ], [ 74.1794789, 15.436219 ], [ 74.1797177, 15.436493 ], [ 74.1799123, 15.4367161 ], [ 74.1807084, 15.4381613 ], [ 74.1809056, 15.4385191 ], [ 74.1810531, 15.4387401 ], [ 74.1814184, 15.4392873 ], [ 74.1824485, 15.4403264 ], [ 74.1824588, 15.4403367 ], [ 74.1831151, 15.4409951 ], [ 74.1837164, 15.4412842 ], [ 74.1845038, 15.4415144 ], [ 74.1862187, 15.4420562 ], [ 74.1869382, 15.4424162 ], [ 74.1875095, 15.442702 ], [ 74.1880643, 15.4433166 ], [ 74.1883183, 15.4437446 ], [ 74.18841, 15.443899 ], [ 74.1888151, 15.4445817 ], [ 74.1896871, 15.4459283 ], [ 74.1894672, 15.4467075 ], [ 74.1894499, 15.446769 ], [ 74.1892917, 15.4473475 ], [ 74.1897675, 15.4483824 ], [ 74.1899416, 15.4490321 ], [ 74.1903183, 15.4504385 ], [ 74.1904108, 15.4527008 ], [ 74.1901937, 15.4535643 ], [ 74.1901135, 15.4538835 ], [ 74.1901863, 15.4543958 ], [ 74.1911279, 15.455187 ], [ 74.1924174, 15.4560726 ], [ 74.1939333, 15.4578809 ], [ 74.1945492, 15.459309 ], [ 74.1959156, 15.4614914 ], [ 74.1967315, 15.4623769 ], [ 74.1973654, 15.4626298 ], [ 74.1986332, 15.4631626 ], [ 74.199421, 15.4639081 ], [ 74.1998547, 15.4644863 ], [ 74.200214, 15.4654444 ], [ 74.2009459, 15.4659458 ], [ 74.202125, 15.4663069 ], [ 74.202404, 15.4664371 ], [ 74.2031505, 15.4667855 ], [ 74.2038031, 15.4670699 ], [ 74.2043159, 15.4674358 ], [ 74.2051876, 15.4681088 ], [ 74.2057797, 15.4684701 ], [ 74.2062553, 15.4687998 ], [ 74.2069077, 15.4689306 ], [ 74.207425, 15.4690072 ], [ 74.2080773, 15.4690296 ], [ 74.2091819, 15.4692777 ], [ 74.2096201, 15.4694085 ], [ 74.2100163, 15.4696027 ], [ 74.2107342, 15.4699594 ], [ 74.2110605, 15.4701175 ], [ 74.2114985, 15.470045 ], [ 74.211834, 15.469968 ], [ 74.2121089, 15.4699678 ], [ 74.2123885, 15.4700626 ], [ 74.2127243, 15.4705235 ], [ 74.212883, 15.4708894 ], [ 74.2130975, 15.471043 ], [ 74.2132979, 15.4711152 ], [ 74.2135543, 15.4711739 ], [ 74.2139084, 15.4711376 ], [ 74.2142858, 15.4710967 ], [ 74.2145236, 15.4711554 ], [ 74.214724, 15.4712321 ], [ 74.2148546, 15.4714444 ], [ 74.2148361, 15.4717021 ], [ 74.2152442, 15.4720154 ], [ 74.2153069, 15.4720635 ], [ 74.2156428, 15.472151 ], [ 74.2160853, 15.4722664 ], [ 74.2166027, 15.4724604 ], [ 74.2171154, 15.4726139 ], [ 74.2177681, 15.472844 ], [ 74.2183496, 15.4731177 ], [ 74.2184206, 15.4731511 ], [ 74.2187676, 15.4731815 ], [ 74.2190357, 15.473205 ], [ 74.2198466, 15.4732046 ], [ 74.2201635, 15.4732632 ], [ 74.2202426, 15.4732945 ], [ 74.2206996, 15.4734754 ], [ 74.2210616, 15.4736382 ], [ 74.2212917, 15.4737417 ], [ 74.2219349, 15.4740758 ], [ 74.2221824, 15.4741697 ], [ 74.2223871, 15.4742474 ], [ 74.2225728, 15.4743531 ], [ 74.2228627, 15.4745182 ], [ 74.2234782, 15.4751507 ], [ 74.2238932, 15.4755708 ], [ 74.2248214, 15.4766867 ], [ 74.2251201, 15.4772243 ], [ 74.2252578, 15.4773933 ], [ 74.2254185, 15.4775902 ], [ 74.2255125, 15.4776899 ], [ 74.2256144, 15.477798 ], [ 74.2258267, 15.4780065 ], [ 74.2259502, 15.4781278 ], [ 74.2265845, 15.4790269 ], [ 74.227617, 15.4798295 ], [ 74.227671, 15.4798714 ], [ 74.2281466, 15.4802011 ], [ 74.2288972, 15.480603 ], [ 74.2289858, 15.4806486 ], [ 74.2291955, 15.4807565 ], [ 74.2293913, 15.4808693 ], [ 74.2295368, 15.4809609 ], [ 74.2296711, 15.4810455 ], [ 74.2298063, 15.4810634 ], [ 74.2299139, 15.4809713 ], [ 74.2299646, 15.4809278 ], [ 74.2300709, 15.4808137 ], [ 74.2301415, 15.4807379 ], [ 74.230273, 15.4805971 ], [ 74.2303232, 15.4805434 ], [ 74.2305373, 15.4801772 ], [ 74.2307563, 15.4798336 ], [ 74.2308773, 15.4796978 ], [ 74.2308961, 15.479706 ], [ 74.2310125, 15.4797566 ], [ 74.2310546, 15.4798922 ], [ 74.2310665, 15.4799896 ], [ 74.2310733, 15.4800458 ], [ 74.2310548, 15.4802175 ], [ 74.2310548, 15.4802868 ], [ 74.2310549, 15.4803893 ], [ 74.2309496, 15.4807232 ], [ 74.2309152, 15.4808323 ], [ 74.2308363, 15.4812165 ], [ 74.2308471, 15.4813709 ], [ 74.2308645, 15.4816187 ], [ 74.2308914, 15.4817032 ], [ 74.2309207, 15.4817949 ], [ 74.2310233, 15.481926 ], [ 74.2311212, 15.4821203 ], [ 74.2314198, 15.4824637 ], [ 74.2315749, 15.4825814 ], [ 74.2320027, 15.4829063 ], [ 74.2325474, 15.4831407 ], [ 74.2331354, 15.4833936 ], [ 74.2339979, 15.4837051 ], [ 74.2351169, 15.4842287 ], [ 74.2360448, 15.4847478 ], [ 74.2370006, 15.4850953 ], [ 74.2372237, 15.4851265 ], [ 74.237933, 15.4852259 ], [ 74.2382666, 15.4852844 ], [ 74.2385997, 15.4853429 ], [ 74.2390807, 15.4856232 ], [ 74.2396768, 15.4859705 ], [ 74.2406674, 15.4864911 ], [ 74.2411456, 15.4867425 ], [ 74.2421275, 15.4870551 ], [ 74.2426049, 15.4872071 ], [ 74.2437519, 15.487455 ], [ 74.2449313, 15.4875717 ], [ 74.2455046, 15.4873679 ], [ 74.2459474, 15.4872365 ], [ 74.2462084, 15.4873403 ], [ 74.2463334, 15.487594 ], [ 74.2464978, 15.4879277 ], [ 74.2468227, 15.488714 ], [ 74.2468713, 15.4888314 ], [ 74.2474684, 15.4896943 ], [ 74.2477083, 15.4898907 ], [ 74.2480421, 15.4901639 ], [ 74.2482434, 15.4902282 ], [ 74.2484944, 15.4903083 ], [ 74.2490071, 15.4901588 ], [ 74.2498024, 15.4900946 ], [ 74.2500309, 15.490206 ], [ 74.2502584, 15.490317 ], [ 74.2508457, 15.4903263 ], [ 74.2508784, 15.4903285 ], [ 74.2514657, 15.4903675 ], [ 74.251538, 15.4907662 ] ] ] } }
]
}
